member_first;member_last;Birth Dt (mm/dd/yy);mbi;carrier;contract_plan;effective;agent_npn;application_status;policy_number
Brian;Tate;03/25/58;5JR1EA3UD29;Summit Health Plans;H5371-027-003;20240601;61291817;Approved;P-00001
Donald;Thomas;05/01/49;3FD8XA9GT53;Meridian Care;H8433-028;20250501;61855700;Approved;P-00002
Paul;Becker;11/05/50;4UQ1JU9DV05;Bluepeak;H3266-012;20230901;1884412;Approved;P-00005
Nancy;Mckay;09/01/57;9RR6D08WY24;Northwind Health;H5040-018;20230201;61855700;Disenrolled;P-00006
Nancy;Mckay;09/01/57;9RR6D08WY24;Meridian Care;H8433-024;20241101;61855700;Approved;P-00007
Jose;Mckay;11/22/45;3EA2AG7PV84;Harborline;H3504-024;20221101;61855700;Approved;P-00008
Samantha;Nielsen;10/21/41;1AJ0UP6FG08;Meridian Care;S3927-009-003;20260401;33857966;Approved;P-00012
Frederick;Arroyo;05/10/46;8AP3MX4YJ75;Cardinal Mutual;H7252-005;20250201;5265799;Approved;P-00013
Jeffrey;Hall;03/23/39;9JR7CF4DC38;Cardinal Mutual;S2876-015;20261101;94702683;Submitted;P-00014
Selena;Lewis;12/07/55;8TN6EW5HT47;Northwind Health;S6930-027-003;20230501;90949389;Approved;P-00016
Timothy;Russell;06/10/36;6BX9K91AD37;Bluepeak;S2489-006-002;20260401;32244663;Approved;P-00020
Brian;Daniels;03/19/50;9J08AQ5UW75;Harborline;H3504-020-001;20250101;61855700;Disenrolled;P-00023
Brian;Daniels;03/19/50;9J08AQ5UW75;Cardinal Mutual;H8668-017;20260501;61855700;Approved;P-00024
Robert;Harvey;09/03/37;7P92GJ9NP90;Meridian Care;H3591-019;20251001;94702683;Approved;P-00025
Charles;Ferrell;01/06/60;4FN2NC0FX21;Northwind Health;H9830-019;20260101;10583482;Approved;P-00026
Dennis;Mcmillan;12/12/37;1GY5YJ9EU25;Northwind Health;H9830-006;20251201;97102525;Approved;P-00029
Meghan;Whitehead;08/07/52;7G86U86PW61;Summit Health Plans;S8123-001-001;20240701;32244663;Approved;P-00031
Ronald;Arnold;04/11/58;8AR2Y86GC15;Bluepeak;H3266-022;20240601;74197857;Approved;P-00032
Jason;Nolan;09/30/47;8HE0HG4DU14;Cardinal Mutual;H8668-006-003;20240201;5265799;Unknown;P-00033
Jason;Nolan;09/30/47;8HE0HG4DU14;Harborline;H3504-015;20260501;5265799;Approved;P-00034
Lisa;Cherry;10/24/57;4WC6VR8UX37;Northwind Health;S7543-004;20240601;29898923;Approved;P-00036
Lori;Bailey;11/14/33;6DD6WQ8NK87;Meridian Care;R5315-004;20220101;61291817;Approved;P-00037
Megan;Frazier;03/05/47;8CG4QF9YQ06;Northwind Health;H9830-001;20231001;33857966;Disenrolled;P-00038
Megan;Frazier;03/05/47;8CG4QF9YQ06;Cardinal Mutual;H7252-028-002;20250501;33857966;Approved;P-00039
Jeanne;Scott;08/17/38;7U48P60VG14;Bluepeak;H4593-006;20240901;54100814;Disenrolled;P-00040
Jeanne;Scott;08/17/38;7U48P60VG14;Harborline;H2796-030-002;20260301;54100814;Approved;P-00041
Kevin;Cortez;03/25/53;8XW5PG4DM06;Bluepeak;R9348-028;20220401;29898923;Approved;P-00042
Jason;Torres;02/02/96;1JK9M24RQ57;Cardinal Mutual;H8668-019;20230501;43339391;Approved;P-00043
Jason;Torres;02/02/96;1JK9M24RQ57;Cardinal Mutual;H8668-019;20230501;43339391;Approved;P-00043
Jeffrey;Chambers;08/30/45;6KK4HF8JC96;Harborline;H3504-010;20250701;43339391;Approved;P-00044
Vanessa;Contreras;02/03/57;2U83VE6VM60;Bluepeak;H3266-005;20221201;94702683;Approved;P-00047
Caitlin;Contreras;04/14/43;1TK3GX2UD29;Cardinal Mutual;H8668-013;20240401;94702683;Disenrolled;P-00048
Caitlin;Contreras;04/14/43;1TK3GX2UD29;Meridian Care;H3591-029;20260201;94702683;Approved;P-00049
John;Washington;04/25/49;5GD0MM7VY85;Meridian Care;S9201-006;20240401;61291817;Approved;P-00051
Scott;Washington;06/15/56;6CQ4WY0YC10;Meridian Care;S3927-016;20220401;61291817;Approved;P-00053
Jamie;Perry;07/23/36;9YE4E51UH93;Bluepeak;H3266-006;20230501;13981052;Unknown;P-00054
Jamie;Perry;07/23/36;9YE4E51UH93;Summit Health Plans;H5371-011;20250901;13981052;Approved;P-00055
Matthew;Graham;09/11/55;2E70A72GN57;Harborline;H3504-006;20250401;43339391;Approved;P-00057
Jason;Gray;08/05/53;3ER9U59TG96;Meridian Care;H8433-004;20231101;32244663;Unknown;P-00058
Jason;Gray;08/05/53;3ER9U59TG96;Northwind Health;H5040-023-002;20241101;32244663;Approved;P-00059
Mark;Gray;10/24/52;2R13UP6FW90;Meridian Care;S3927-028;20220101;32244663;Approved;P-00061
John;Howell;06/03/48;8D77TN1UA16;Northwind Health;H5040-026;20240301;6831819;Approved;P-00062
Anthony;Rodriguez;06/09/59;8P27EE3AN54;Summit Health Plans;H9797-029;20251201;90949389;Approved;P-00063
Mitchell;Reed;10/29/45;8AV0W96XU82;Summit Health Plans;H9797-004;20250901;77125617;Approved;P-00065
Melissa;Adams;03/12/52;;Summit Health Plans;H9797-023;20230201;37231783;Withdrawn;P-00066
Mariah;Adams;08/03/38;7WM6AV1AQ20;Northwind Health;H9830-022-001;20250701;37231783;Approved;P-00067
Joshua;Kelly;10/12/50;6WC0KH9TJ59;Meridian Care;S9201-010;20241101;77125617;Approved;P-00069
Jeffrey;Davis;07/11/56;6T22CF5YC94;Summit Health Plans;H5371-017;20240801;97102525;Approved;P-00070
Heather;Davis;12/27/46;4H15NP4HY87;Meridian Care;H8433-008-002;20241201;97102525;Approved;P-00071
Kevin;Davis;03/20/50;5A98PV8TU04;Bluepeak;H4593-006;20250601;97102525;Approved;P-00072
Stephanie;Newton;02/26/39;7D32AT5CD10;Harborline;S7304-014;20221201;44524491;Approved;P-00074
Hannah;Newton;08/02/39;2XC1P98EM49;Northwind Health;H9830-013;20261101;44524491;Submitted;P-00075
Taylor;Andrews;08/19/43;6HR8FG2JY43;Bluepeak;S1771-021;20220801;18O4412;Approved;P-00078
Christopher;Avery;10/31/38;2HN7TN9MX29;Harborline;H2796-001;20250101;29898923;Approved;P-00079
Veronica;Dalton;02/15/46;9EG9D64FW34;Meridian Care;S9201-028-001;20251101;77125617;Approved;P-00080
Margaret;Kerr;01/11/86;3UP0J47JD45;Meridian Care;H8433-013;20230301;90949389;Approved;P-00082
Troy;Mason;12/10/51;7PX1VK6JV65;Harborline;H2796-017;20260501;99847493;Approved;P-00083
Kathryn;Johnston;11/04/54;3F08C89FC24;Summit Health Plans;S8123-003;20221201;54100814;Approved;P-00087
Kathryn;Johnston;11/04/54;3F08C89FC24;Summit Health Plans;S8123-003;20221201;54100814;Approved;P-00087
Aaron;Hancock;10/29/44;1RV6P70VR37;Cardinal Mutual;S1188-014;20260301;78490893;Approved;P-00090
David;Wolfe;09/28/37;1Q03NR5EF69;Harborline;H3504-019;20261101;94702683;Submitted;P-00091
Teresa;Wolfe;03/04/54;3PW8UK4XP62;Northwind Health;H5040-004;20250701;94702683;Approved;P-00092
Chelsea;Wolfe;12/24/34;7A51FU9RD14;Harborline;S7304-020;20230301;94702683;Withdrawn;P-00094
Julie;Lee;03/09/46;7VE8DV4NE84;Summit Health Plans;S8123-019-002;20241101;44524491;Approved;P-00099
Michael;Ryan;08/28/50;4J55RP8WA43;Cardinal Mutual;H8668-011-001;20230701;6831819;Disenrolled;P-00100
Michael;Ryan;08/28/50;4J55RP8WA43;Meridian Care;H3591-016-003;20240901;6831819;Approved;P-00101
Benjamin;Simpson;08/08/36;8YA8C77PY57;Harborline;S7304-013;20250101;29898923;Approved;P-00103
Melissa;Santos;02/09/85;1A13QX1NP94;Harborline;H3504-012-003;20221201;1884412;Approved;P-00104
Heather;Wallace;10/15/41;5JW6QH2FU02;Cardinal Mutual;H8668-026;20240301;61291817;Approved;P-00105
Christian;Jackson;11/13/44;5PP8W94PA61;Meridian Care;R1053-025-003;20231101;10583482;Approved;P-00106
Christian;Jackson;11/13/44;5PP8W94PA61;Meridian Care;R1053-025-003;20231101;10583482;Approved;P-00106
Scott;Moore;11/22/47;3G05R09XQ11;Harborline;S7304-020;20221101;43339391;Approved;P-00108
Michael;Moore;12/05/36;3G70F33KD32;Northwind Health;H5040-001-002;20240201;43339391;Approved;P-00109
Briana;Moore;10/31/57;5T02FV2AC55;Cardinal Mutual;H8668-005;20250501;43339391;Approved;P-00110
Maria;Johnson;04/26/43;2TM5RK2MA08;Bluepeak;H4593-023-003;20260501;33857966;Approved;P-00111
Robert;Murphy;10/11/40;5RH1GF4ET97;Meridian Care;R5315-001;20230601;78490893;Approved;P-00113
Matthew;Francis;08/16/53;6RM7PT0ND20;Cardinal Mutual;H7252-007;20230601;4356886;Approved;P-00114
Kaitlyn;Richardson;06/22/59;9HU6M95GC88;Harborline;H2796-012;20241001;4356886;Approved;P-00115
Darryl;Banks;05/30/48;8YF5DJ2UD95;Meridian Care;H3591-023-003;20260101;5265799;Approved;P-00116
Brandon;Banks;04/22/53;8HA6P32KC77;Harborline;S7304-011-001;20241201;5265799;Approved;P-00118
Benjamin;Banks;07/11/43;5KW5TA8QG09;Summit Health Plans;S8123-007-003;20231201;5265799;Approved;P-00120
Joshua;Crosby;09/09/58;4EU3EC9QU89;Northwind Health;H5040-001-003;20250201;1884412;Approved;P-00121
Jason;Holloway;06/05/37;9JX2W38RE95;Cardinal Mutual;S2876-029;20250801;74197857;Approved;P-00123
Mark;Kane;04/23/49;6R46NY3XW36;Summit Health Plans;H5371-015;20260201;10583482;Approved;P-00124
Dylan;Kane;09/23/41;5AM3H75AK88;Summit Health Plans;S5808-005-002;20241201;10583482;Approved;P-00126
Jeffrey;Hayes;12/29/49;4FC6T49XV13;Harborline;H2796-016-002;20240401;54100814;Approved;P-00129
Renee;Henry;07/24/36;7XH8Y38JJ14;Cardinal Mutual;H7252-004;20260201;10583482;Approved;P-00130
Elizabeth;Gomez;10/12/55;9CK2CM3YK07;Northwind Health;H9830-022;20250601;61291817;Approved;P-00134
Karen;Gomez;06/05/72;6U79WD2HV78;Northwind Health;H9830-011;20251001;61291817;Approved;P-00135
Carol;Williams;07/25/45;6L76UU2GH30;Northwind Health;H5040-024;20240301;32244663;Approved;P-00143
Jerry;Patel;02/25/53;7NQ9XY8VC81;Cardinal Mutual;H7252-017;20240501;74197857;Approved;P-00144
George;Burch;03/12/44;5Y90V82TT18;Summit Health Plans;H5371-015-002;20220801;10583482;Disenrolled;P-00145
George;Burch;03/12/44;5Y90V82TT18;Cardinal Mutual;R9669-029;20240701;10583482;Approved;P-00146
Gary;Cook;08/19/49;9YG6WQ0GN92;Bluepeak;H4593-014;20221101;6831819;Approved;P-00147
William;Cook;08/02/53;5AT7UW0YU33;Cardinal Mutual;H7252-008;20250201;6831819;Disenrolled;P-00148
William;Cook;08/02/53;5AT7UW0YU33;Meridian Care;H3591-002;20260501;6831819;Approved;P-00149
Stephanie;Jones;02/10/55;;Northwind Health;S6930-011;20220901;97102525;Approved;P-00152
Brittany;Hogan;04/03/41;8U52YJ4HA10;Meridian Care;S3927-014;20240601;77125617;Approved;P-00155
Joanne;Best;05/01/51;1E15NQ9YA23;Harborline;H2796-021;20231001;10583482;Approved;P-00156
Christopher;Haas;09/03/37;6WW0HX5PD24;Harborline;H2796-019;20220201;44524491;Approved;P-00157
Crystal;Shelton;09/12/35;8VF3N97VM52;Northwind Health;H5040-007;20260201;37231783;Approved;P-00159
Eileen;Douglas;02/04/50;5AX4HN3HM48;Cardinal Mutual;H8668-004-001;20230901;78490893;Approved;P-00160
Jeremy;Tucker;07/02/48;8YP4N63WD79;Northwind Health;H9830-016-002;20220901;1884412;Approved;P-00162
Kellie;Martin;11/26/48;7EN8D54WT69;Bluepeak;S1771-003-002;20240301;37231783;Approved;P-00165
John;Young;10/02/57;8NW1TG4QD91;Cardinal Mutual;H7252-003;20260101;7150444;Approved;P-00166
Renee;Guerra;10/02/49;9H12UF3WQ56;Harborline;H2796-005-001;20221001;74197857;Approved;P-00169
Devin;Moody;11/26/37;7W67QP3GR90;Cardinal Mutual;S2876-002;20250101;1884412;Approved;P-00171
Justin;Moody;10/13/44;9KT8DV9DJ71;Meridian Care;H8433-020;20250801;1884412;Approved;P-00172
David;Young;04/04/45;5XK0UX2XC49;Cardinal Mutual;H8668-009-001;20220201;4356886;Disenrolled;P-00173
David;Young;04/04/45;5XK0UX2XC49;Harborline;H2796-024;20240801;4356886;Approved;P-00174
Christopher;Beck;10/28/52;4X35C04EC27;Cardinal Mutual;S1188013;20240201;37231783;Approved;P-00178
Theresa;Beck;09/25/47;7NV0E98PR94;Harborline;S7304-015;20231001;37231783;Approved;P-00180
Kristina;King;08/15/41;4Y01ED9FQ92;Meridian Care;H3591-021-002;20220801;61291817;Approved;P-00182
Benjamin;Acevedo;09/01/50;3TD7HY6GU12;Cardinal Mutual;H7252-030;20241101;77125617;Approved;P-00183
James;Acevedo;05/26/42;1C16KF5QX08;Cardinal Mutual;H7252-018;20251001;77125617;Approved;P-00184
Michelle;Norman;03/10/49;2PW5D67MH28;Meridian Care;H3591-021-002;20220301;77125617;Disenrolled;P-00185
Michelle;Norman;03/10/49;2PW5D67MH28;Cardinal Mutual;H8668-024;20250301;77125617;Approved;P-00186
Christopher;Adams;11/06/40;8AC5CN0QE38;Summit Health Plans;H9797-030;20240601;61291817;Unknown;P-00187
Christopher;Adams;11/06/40;8AC5CN0QE38;Bluepeak;H3266-030;20260401;61291817;Approved;P-00188
Bobby;Bell;02/10/57;2EU9YJ1HR56;Northwind Health;R8019-027;20231101;77125617;Approved;P-00189
Molly;Bell;05/14/57;6WG7J99CF19;Bluepeak;S2489-001-002;20240601;77125617;Approved;P-00190
Austin;Harrington;01/08/52;3Y20YG7YD45;Northwind Health;H5040-020-001;20240301;77125617;Approved;P-00191
Raymond;Berry;02/21/54;8CE0WG2AU81;Bluepeak;H3266-014;20220501;90949389;Approved;P-00193
Derek;Gonzalez;06/11/48;1RF3YT2QP27;Bluepeak;H4593-011;20251101;94702683;Approved;P-00194
Sara;Joseph;05/03/53;9JD6VU3XU74;Meridian Care;H3591-008;20220101;99847493;Approved;P-00195
Nicole;Anderson;09/25/36;5J01AU4GT99;Cardinal Mutual;H8668-006;20220201;78490893;Approved;P-00197
Cameron;Anderson;08/26/40;9CM6K29WX31;Summit Health Plans;H9797-017;20261101;78490893;Submitted;P-00198
Maria;Anderson;11/04/52;4FN3WE7XH35;Summit Health Plans;H5371012-001;20231101;5265799;Disenrolled;P-00199
Maria;Anderson;11/04/52;4FN3WE7XH35;Meridian Care;H8433-023;20250701;5265799;Withdrawn;P-00200
Shelley;Reed;06/27/58;3MD1GK1FU23;Meridian Care;H3591-016-003;20260401;13981052;Approved;P-00201
Sandra;Winters;07/06/51;5CF5MT2YG84;Bluepeak;H4593-011-001;20221201;54100814;Approved;P-00204
Sue;Roberts;07/18/74;3WM1AQ7FT52;Summit Health Plans;S8123-016;20220101;29898923;Approved;P-00205
Timothy;Roberts;02/17/37;8CF8EM0QY37;Northwind Health;H5040-019-003;20231101;29898923;Approved;P-00206
Michelle;Gross;03/14/44;9C95QF6PQ50;Harborline;H3504-028;20230701;61291817;Approved;P-00207
Theresa;Gross;02/17/47;7RF9YD2HM78;Northwind Health;R5304-001;20231001;61291817;Approved;P-00208
Sonia;Williams;06/21/56;9UC4XM7WT30;Northwind Health;S6930-004;20260301;7150444;Approved;P-00210
John;Bryant;11/30/55;5U21PV9AK29;Harborline;H2796-012;20220401;61855700;Unknown;P-00211
John;Bryant;11/30/55;5U21PV9AK29;Cardinal Mutual;H8668002;20240101;61855700;Approved;P-00212
Brandy;Bryant;01/12/56;2Y42WN5MK51;Harborline;H3504-012-003;20241101;61855700;Disenrolled;P-00213
Brandy;Bryant;01/12/56;2Y42WN5MK51;Cardinal Mutual;H7252-027-001;20260301;61855700;Approved;P-00214
Brandon;Bryant;01/03/44;7T91E62AU54;Harborline;H3504-006;20250901;61855700;Approved;P-00215
James;Hudson;07/27/54;2DA7RC3EC89;Cardinal Mutual;H7252-003;20220401;54100814;Approved;P-00216
Billy;Morrison;12/15/43;1VH3MG8AE38;Cardinal Mutual;H7252-015;20251001;5265799;Approved;P-00218
Amanda;Clayton;08/03/45;5TJ8RM6HD75;Northwind Health;H9830-015;20221201;1884412;Approved;P-00220
Alexandria;Castillo;07/07/37;6HY6EJ6UK99;Meridian Care;S3927-016;20230601;5265799;Approved;P-00222
Jennifer;Castillo;01/25/52;3AE0DU0GQ95;Harborline;R3621-022;20221001;5265799;Approved;P-00223
April;Thornton;04/09/43;1R81QT5QT70;Bluepeak;S2489-016;20220301;32244663;Approved;P-00225
Kenneth;Ramirez;12/29/38;3VC6KU9QY54;Northwind Health;H5040-027;20230901;77125617;Approved;P-00226
Anna;Nelson;10/30/45;5A27XA5QX65;Northwind Health;S6930-016;20250101;13981052;Approved;P-00229
Mark;Garcia;08/14/42;9UR3P51MV46;Summit Health Plans;H5371-020-002;20250701;13981052;Approved;P-00232
Mark;Garcia;08/14/42;9UR3P51MV46;Summit Health Plans;H5371-020-002;20250701;13981052;Approved;P-00232
Thomas;Garcia;01/10/38;8K98Y76XC83;Harborline;H3504-028-001;20261101;13981052;Submitted;P-00233
Erin;Garcia;11/11/57;5GK9JQ3EF30;Harborline;S7304-021;20240301;13981052;Approved;P-00235
Christopher;Velez;01/26/59;5D86P11QF31;Meridian Care;H8433-016;20250801;29898923;Approved;P-00236
Suzanne;Zuniga;06/12/47;5TR4XC7WP15;Cardinal Mutual;H8668-029;20241101;5265799;Approved;P-00237
Katherine;Durham;01/10/53;7NT7FK2XN43;Cardinal Mutual;H7252-001-002;20220601;4356886;Approved;P-00243
Amanda;Harris;02/21/63;4HH4M37QF63;Harborline;S2040-001;20250301;1884412;Approved;P-00246
Franklin;Harris;03/26/53;2AU2N26HQ69;Northwind Health;S6930-030-001;20230501;1884412;Approved;P-00248
Randy;Cummings;03/26/39;1XG4GV7NT21;Meridian Care;S9201-009;20230901;77125617;Approved;P-00249
Lisa;Cummings;05/11/34;5Y64VN6GN72;Meridian Care;H3591-008-001;20241201;77125617;Approved;P-00250
Kayla;Johnson;07/07/34;4XA8XG6DJ71;Northwind Health;H5040-013;20231001;29898923;Approved;P-00252
Katelyn;Davenport;12/02/51;8N39FH0MN01;Summit Health Plans;H9797-008-002;20241201;6831819;Approved;P-00253
Carlos;Allen;08/01/56;5YF5E65VH77;Cardinal Mutual;H8668-003;20240101;61291817;Approved;P-00254
William;Brown;10/20/45;3UV8DM7RD74;Bluepeak;H3266-010;20221001;37231783;Approved;P-00255
Keith;Brown;01/13/57;5PK9D48AE72;Bluepeak;H3266-011-002;20260401;37231783;Approved;P-00256
Lisa;Brown;05/19/35;3HG1YK1RW00;Northwind Health;H9830-023-002;20240201;37231783;Approved;P-00257
Melanie;Nielsen;03/15/42;7R77XY8MC76;Summit Health Plans;S8123-008;20240801;61855700;Approved;P-00262
Kevin;Meadows;01/15/53;6Y77F84QR57;Bluepeak;R9348-022-003;20260401;32244663;Approved;P-00264
Angela;Smith;03/30/54;8VU1F05NF13;Cardinal Mutual;H8668-010-002;20240501;5265799;Approved;P-00268
Jessica;Murray;02/29/44;7T78PA7FA81;Harborline;H2796-014;20220601;29898923;Approved;P-00269
Edward;Jones;05/03/44;9M35PA4VY26;Meridian Care;H8433-023;20240501;43339391;Approved;P-00270
Jeffery;Jones;09/13/58;3VW4HD8WM85;Northwind Health;H9830008;20240801;43339391;Approved;P-00271
Stephen;Jones;03/25/59;2C41TM9AT53;Meridian Care;R1053-012;20260501;43339391;Approved;P-00272
Amanda;Bowen;06/25/42;7RD1CR2UH71;Meridian Care;H8433-028;20231201;3798272;Approved;P-00273
Veronica;Cunningham;01/17/56;3V78E23TU02;Harborline;H3504-004;20241201;44524491;Approved;P-00274
Megan;Miller;01/26/51;7C94MH2UA18;Northwind Health;H9830-019;20231101;13981052;Approved;P-00275
Harry;Barrett;02/17/39;1X04W01WD39;Summit Health Plans;S5808-004-002;20241101;74197857;Approved;P-00278
Vincent;Ramsey;01/23/59;7A78NQ4DE18;Harborline;H2796-010-001;20240701;61291817;Approved;P-00279
Jacob;Bennett;03/04/56;2CH3YX3UV86;Harborline;H3504003;20220801;99847493;Approved;P-00280
Kathleen;Wallace;07/07/43;9TC0T69MG00;Harborline;R7916-012-003;20240701;7150444;Approved;P-00282
Christine;Cook;04/01/38;5JJ7PC4UY30;Meridian Care;H8433-006-002;20230101;61291817;Approved;P-00289
Cynthia;Navarro;05/22/56;5H70WY4WT06;Meridian Care;H8433-014;20250601;43339391;Approved;P-00290
Tammy;Navarro;01/10/49;7WT5AQ3ND90;Bluepeak;H4593-007;20251201;43339391;Approved;P-00291
Jessica;Johnson;05/26/50;6C65V53DY97;Northwind Health;H5040-002;20260101;74197857;Approved;P-00292
Charles;Mccormick;11/15/40;;Meridian Care;S3927-029;20260301;77125617;Approved;P-00294
Cheyenne;Jackson;12/13/83;6RU9TG3FC02;Cardinal Mutual;H8668-010;20230801;32244663;Approved;P-00295
Edward;Vaughn;10/30/41;9CR5HH3DN37;Meridian Care;S3927-020;20261101;1884412;Submitted;P-00296
Whitney;Vaughn;03/01/51;1UJ0J23TY33;Meridian Care;H8433-007;20240701;1884412;Approved;P-00297
Kevin;Flores;02/18/49;6CA3HM2JK25;Bluepeak;H4593-001-002;20241201;11576383;Disenrolled;P-00298
Kevin;Flores;02/18/49;6CA3HM2JK25;Summit Health Plans;H9797-010;20260101;11576383;Approved;P-00299
Crystal;Salinas;07/27/56;6NY6J90YX38;Bluepeak;S1771-028;20230701;11576383;Approved;P-00301
Karen;Harris;01/14/55;9PU8TG5PV77;Harborline;R3621-007;20240701;33857966;Approved;P-00302
Danielle;Rose;11/18/43;7RP7NK6AG73;Meridian Care;H3591-010;20230501;1884412;Approved;P-00304
Candice;Rose;06/07/50;1WH5H15KM43;Meridian Care;H3591-025;20250301;1884412;Disenrolled;P-00305
Candice;Rose;06/07/50;1WH5H15KM43;Harborline;H2796-016;20260301;1884412;Approved;P-00306
Isaac;Torres;12/23/34;2N73R46HT78;Harborline;H2796-010;20220201;78490893;Approved;P-00307
Heather;Torres;03/09/39;1X50FF5XY99;Cardinal Mutual;H7252-018;20240201;78490893;Approved;P-00308
Joshua;Carter;02/12/56;3N76QG1FW67;Bluepeak;H3266-014;20220501;74197857;Disenrolled;P-00310
Joshua;Carter;02/12/56;3N76QG1FW67;Summit Health Plans;H5371-019;20250501;74197857;Approved;P-00311
Karen;Greer;01/05/53;8TT9C31MT54;Summit Health Plans;H9797-029;20240201;29898923;Approved;P-00312
Lisa;Glover;09/09/36;5WM1H97RW15;Summit Health Plans;H9797-009;20220501;32244663;Disenrolled;P-00313
Lisa;Glover;09/09/36;5WM1H97RW15;Northwind Health;H9830-013-003;20231101;32244663;Approved;P-00314
Wyatt;Farley;02/06/39;9J27FU4GG09;Bluepeak;S1771-006-003;20220701;61291817;Approved;P-00315
Wyatt;Farley;02/06/39;9J27FU4GG09;Bluepeak;S1771-006-003;20220701;61291817;Approved;P-00315
Cynthia;Long;10/19/83;3GC6VE5NW39;Summit Health Plans;H9797-008;20261101;44524491;Submitted;P-00318
Stephen;Simon;08/29/82;1D83RM9UE89;Northwind Health;R8019-022;20221101;6831819;Approved;P-00319
Patricia;Kramer;03/20/68;9X20JA9EM36;Summit Health Plans;H5371-010-002;20260101;97102525;Approved;P-00320
Kathryn;Kramer;11/29/36;3KN0V56MA35;Bluepeak;H4593-026;20231001;97102525;Approved;P-00321
Kevin;Khan;08/27/65;;Meridian Care;H3591-010-001;20240601;37231783;Disenrolled;P-00322
Kevin;Khan;08/27/65;;Cardinal Mutual;H7252-012-002;20251001;37231783;Approved;P-00323
Nancy;Khan;02/22/41;7D44YW2WG46;Harborline;H3504-003-003;20240601;37231783;Approved;P-00324
April;Wheeler;03/03/48;5XD6C91QX23;Cardinal Mutual;S2876-017;20260101;61291817;Approved;P-00325
Michael;Garcia;08/03/60;7X81V93RG64;Summit Health Plans;H5371-019;20260101;32244663;Approved;P-00327
Kevin;Garcia;08/07/58;4Q24AG7AE16;Meridian Care;H3591-006;20251101;32244663;Approved;P-00328
Kevin;Garcia;08/07/58;4Q24AG7AE16;Meridian Care;H3591-006;20251101;32244663;Approved;P-00328
Donald;Mosley;09/01/54;7T09E72DM16;Harborline;H2796-016;20220801;61291817;Approved;P-00329
Carol;Tran;06/15/57;9K97U45YR55;Harborline;H3504-022;20260201;4356886;Approved;P-00330
Tiffany;Rice;03/10/38;9K23PT9UV63;Meridian Care;S9201-026;20220101;99847493;Approved;P-00332
Stacy;Livingston;10/29/44;4F78X58CF71;Meridian Care;H8433-006;20230801;94702683;Approved;P-00333
Peter;Herrera;08/08/58;3N86KJ4UE28;Northwind Health;H5040-021;20260401;43339391;Approved;P-00334
Cynthia;Herrera;06/04/47;2ED5X93EX52;Cardinal Mutual;S1188-010;20230901;43339391;Approved;P-00335
Judith;Parker;11/27/38;1W77NF4JU72;Harborline;S2040-020-003;20250301;61291817;Approved;P-00336
Morgan;Brady;01/22/52;1NF3J20GU64;Summit Health Plans;H5371-012;20221101;77125617;Disenrolled;P-00337
Morgan;Brady;01/22/52;1NF3J20GU64;Northwind Health;H9830-023;20231101;77125617;Approved;P-00338
Michele;Brown;04/29/38;3T27M82HH30;Meridian Care;R5315-014-001;20231201;78490893;Approved;P-00339
Garrett;Brown;07/02/45;7F06JC1JQ74;Summit Health Plans;S8123-025;20250901;78490893;Approved;P-00340
Garrett;Brown;07/02/45;7F06JC1JQ74;Summit Health Plans;S8123-025;20250901;78490893;Approved;P-00340
Edward;Reyes;07/31/58;9JA9XX7KE92;Cardinal Mutual;H7252-011-001;20250801;44524491;Approved;P-00341
Sarah;Reyes;10/08/33;9VU1V69WE31;Summit Health Plans;S8123-004;20221201;44524491;Approved;P-00343
David;Duncan;05/02/64;7AJ4CV4WT29;Summit Health Plans;H9797-023;20240801;61291817;Approved;P-00344
Miguel;Bryant;12/03/53;7DW4KQ2QT14;Cardinal Mutual;H7252-021;20250801;94702683;Approved;P-00345
Kelly;Bryant;10/30/41;3N56QA9JD41;Northwind Health;S7543-012;20241101;94702683;Approved;P-00347
Mary;Reed;07/30/57;5X67EV5XM84;Northwind Health;H5040-012-002;20251001;1884412;Approved;P-00348
Joshua;Kaufman;06/30/46;8VM4RV3MD46;Harborline;H2796-024;20260201;10583482;Approved;P-00351
Bradley;Kaufman;12/22/50;3UU8W21QA93;Northwind Health;H9830-008;20251201;10583482;Approved;P-00352
Ashley;Jones;01/07/36;3VP0RU6GP15;Bluepeak;S1771-007-002;20250801;43339391;Approved;P-00354
Ryan;Jones;01/12/40;8CP0YT5MP10;Meridian Care;H3591-004;20231101;43339391;Approved;P-00355
Daniel;Rodriguez;05/26/37;5PR2W54ET72;Meridian Care;H3591-004-003;20220901;74197857;Disenrolled;P-00356
Daniel;Rodriguez;05/26/37;5PR2W54ET72;Northwind Health;H9830-029;20250701;74197857;Approved;P-00357
Richard;Johnson;04/09/39;1RU4MU1RJ92;Summit Health Plans;S5808-028-002;20251101;4356886;Approved;P-00359
Gina;Morales;06/27/55;4EF6CK3FR09;Northwind Health;H9830-023;20230101;43339391;Approved;P-00360
Maria;Stein;10/28/58;2RG4UP5ME10;Summit Health Plans;S8123-024;20250801;77125617;Approved;P-00363
Joshua;Lopez;09/10/57;4H27ED8YN47;Summit Health Plans;S8123-029-003;20231001;61291817;Approved;P-00365
Nicole;Lopez;02/20/57;9AG9K22MC90;Meridian Care;S9201-006;20260501;61291817;Approved;P-00367
Austin;Lopez;11/26/47;3XH9A88TV84;Bluepeak;H4593-006;20230801;61291817;Approved;P-00368
Laura;Day;09/05/35;1P09PN1WK26;Harborline;H2796-027;20250401;94702683;Approved;P-00369
Paul;Shaw;08/08/40;5YW3TJ5KH96;Bluepeak;H3266-003;20221001;97102525;Disenrolled;P-00370
Paul;Shaw;08/08/40;5YW3TJ5KH96;Summit Health Plans;H9797-007;20260201;97102525;Approved;P-00371
Hector;Shaw;07/03/55;3DR3T96EV20;Summit Health Plans;H9797-004;20261101;97102525;Unknown;P-00372
;;;;Bluepeak;H3266-021-003;20240701;1884412;Approved;P-00373
Jillian;Ferguson;08/10/51;3A93AJ6QF54;Meridian Care;S9201-016;20230301;1884412;Approved;P-00374
Michael;Warner;09/09/58;3RF4Y64PE47;Harborline;S2040-026;20250901;5265799;Approved;P-00375
Samantha;Smith;06/06/43;7VX3DJ5AH05;Cardinal Mutual;S2876-028;20241201;78490893;Approved;P-00379
James;Smith;05/30/47;3E22Q30RP01;Summit Health Plans;S5808-001-003;20250701;78490893;Approved;P-00380
Nathaniel;Yu;07/22/37;6T50ME2CC92;Bluepeak;H3266-022;20240901;74197857;Approved;P-00381
Toni;Young;03/08/40;7HK1ED5YN03;Bluepeak;S1771-007-001;20230701;97102525;Approved;P-00384
Gary;Young;12/16/41;8CC5DM0PM68;Harborline;H2796-023;20230101;97102525;Approved;P-00385
Brandon;Le;01/31/48;5GF7D81JH22;Summit Health Plans;S8123-015;20240901;7150444;Approved;P-00387
Ryan;Lawson;02/18/52;8CP4QR9FT58;Harborline;H3504-009-002;20250401;11576383;Approved;P-00390
Mary;Armstrong;03/23/78;;Meridian Care;H8433-025;20220601;44524491;Approved;P-00391
Thomas;Rowland;05/12/57;8F03NX0YQ05;Cardinal Mutual;H8668-009-001;20240901;6831819;Approved;P-00392
Sean;Wood;02/12/38;5G60D86NM23;Cardinal Mutual;S1188-023;20231101;74197857;Approved;P-00394
Bruce;Perez;04/19/56;6AF7FU5ER48;Northwind Health;S7543-021;20251101;78490893;Approved;P-00395
Stacy;Cole;03/22/41;4XA5PA4MV17;Cardinal Mutual;H8668-027;20250601;5265799;Approved;P-00396
Robert;Mills;12/27/40;1M76HJ7WQ13;Northwind Health;S6930-001;20240701;74197857;Approved;P-00400
Thomas;Armstrong;10/22/46;7CA0F55VY55;Summit Health Plans;H9797-020-002;20221101;90949389;Approved;P-00401
Penny;Mccall;07/12/44;3VE9Q64WG53;Northwind Health;H5040-001;20220601;33857966;Approved;P-00402
William;Collins;09/20/40;2EF4K82DD75;Cardinal Mutual;H7252-014;20230201;54100814;Approved;P-00404
Janet;Hull;05/02/53;1EN5UY9WA28;Bluepeak;R9348-007-001;20230501;61291817;Disenrolled;P-00405
Janet;Hull;05/02/53;1EN5UY9WA28;Harborline;H2796-003;20240801;61291817;Approved;P-00406
Haley;Curry;05/04/40;7VQ3KG3KQ19;Summit Health Plans;S8123-014-003;20260301;29898923;Approved;P-00408
Justin;Curry;08/07/41;6DT2CV4XR49;Meridian Care;S3927-013;20260501;29898923;Approved;P-00409
Eileen;Hunt;06/12/44;2X86RN5HH07;Northwind Health;H5040-015;20240801;61291817;Approved;P-00411
Megan;Hunt;05/09/60;1TM2QC8VC50;Cardinal Mutual;H8668-024;20250701;61291817;Approved;P-00412
Brian;Lopez;09/05/36;2CM1KN9QK22;Northwind Health;H5040-025;20250201;11576383;Disenrolled;P-00416
Diane;Cruz;10/29/44;2N98XX8VQ83;Harborline;H3504-024;20260501;1884412;Approved;P-00417
Kristen;Walker;10/23/57;4UE5H69VV54;Meridian Care;H3591-030;20240901;29898923;Disenrolled;P-00419
;;;;Harborline;H2796-025;20260401;29898923;Approved;P-00420
Brian;Evans;02/27/37;3YK8YU8RE03;Bluepeak;S2489-003;20220801;99847493;Approved;P-00424
Valerie;Cook;01/22/52;6M29M30EG89;Meridian Care;H3591-006;20240701;37231783;Approved;P-00425
Tammy;Powell;04/13/47;2G10YP7XA73;Northwind Health;S6930-027;20240701;97102525;Approved;P-00427
Curtis;Collins;12/26/48;6TA5M25VY71;Meridian Care;H3591-005;20230601;97102525;Approved;P-00428
Richard;Hull;03/31/47;7EK8T88GK55;Summit Health Plans;S8123-010;20240201;43339391;Approved;P-00429
Cindy;Wise;04/07/35;8FT2VM9WG47;Northwind Health;H5040-010-001;20230701;90O49389;Approved;P-00430
Brittney;Wise;10/28/48;5V18FD4FH69;Northwind Health;H9830-008-002;20261101;90949389;Submitted;P-00431
Albert;Harris;10/02/38;8RR7A98AR12;Harborline;S7304-005;20250401;29898923;Approved;P-00436
Marie;Strickland;09/04/44;2NY1MX7NC19;Meridian Care;H8433-005;20240901;1884412;Disenrolled;P-00437
Marie;Strickland;09/04/44;2NY1MX7NC19;Bluepeak;H4593-026;20250901;1884412;Approved;P-00438
Marie;Strickland;09/04/44;2NY1MX7NC19;Bluepeak;H4593-026;20250901;1884412;Approved;P-00438
Teresa;Strickland;08/01/41;2UA8TQ0EM67;Bluepeak;H3266-027;20261101;1884412;Submitted;P-00439
Matthew;Watson;02/16/41;3T87KA2PV83;Meridian Care;H3591-006;20231101;33857966;Approved;P-00442
Tina;Barber;08/28/48;8Y12X28VK25;Summit Health Plans;H5371-003;20250201;44524491;Approved;P-00443
Megan;Barber;10/19/44;4E82Q46DC94;Northwind Health;H9830-020;20220801;44524491;Approved;P-00444
Paige;Webb;06/25/35;2HC2AP6XW15;Meridian Care;H3591-019;20221201;97102525;Approved;P-00446
Elizabeth;Olson;07/28/58;4CY8NA3MK65;Bluepeak;H4593-028-003;20231201;11576383;Approved;P-00447
Darlene;Olson;10/09/42;5AC5RK3NC23;Meridian Care;H3591-008;20241201;11576383;Approved;P-00448
Malik;Walton;01/29/43;1UV3PR7MJ00;Bluepeak;H3266-022;20220201;37231783;Approved;P-00449
David;West;10/07/44;8E89PP3NR03;Summit Health Plans;H9797-026-003;20230301;10583482;Disenrolled;P-00450
David;West;10/07/44;8E89PP3NR03;Bluepeak;H3266-006-001;20240501;10583482;Approved;P-00451
Tyler;West;05/05/53;2DD4WH7PJ74;Summit Health Plans;H9797-017;20231201;10583482;Approved;P-00452
Emily;Clark;06/19/58;9HE5FC3TT10;Northwind Health;H9830-027-002;20260201;90949389;Approved;P-00453
Michael;Clark;04/28/39;1Y45K59HA59;Cardinal Mutual;H8668-024;20240401;90949389;Approved;P-00455
Michael;Smith;02/05/48;5KD3WM5XQ09;Harborline;H2796-004;20230601;32244663;Approved;P-00456
Jason;Phelps;04/01/94;4RC9DK9WN17;Harborline;H2796-005-003;20221201;29898923;Disenrolled;P-00457
Jason;Phelps;04/01/94;4RC9DK9WN17;Northwind Health;H5040-022-001;20240801;29898923;Approved;P-00458
Stephanie;Barrett;09/23/52;4PE1VT1VD33;Summit Health Plans;H5371-003;20230901;6831819;Approved;P-00459
David;Cross;02/03/49;6CM2XA1YH58;Meridian Care;H8433-007;20251001;1884412;Withdrawn;P-00460
Olivia;Taylor;11/25/58;8NK3XM3NJ53;Harborline;H3504-024;20250201;99847493;Approved;P-00462
Justin;Martin;01/21/42;1GE6K48UE20;Northwind Health;H5040-017;20240401;13981052;Approved;P-00465
Paul;House;04/12/57;2CD5T96TR47;Bluepeak;S2489-005;20260101;11576383;Approved;P-00467
Tonya;Lee;05/08/45;3FC3RV4XY51;Bluepeak;H3266-008-002;20231101;11576383;Disenrolled;P-00469
Tonya;Lee;05/08/45;3FC3RV4XY51;Cardinal Mutual;R9669-022;20250801;11576383;Approved;P-00470
Charles;Lee;01/14/34;9W53AU0PH49;Meridian Care;S3927-030;20240401;11576383;Approved;P-00472
Steven;Singleton;10/23/43;1RE8NH8CA32;Cardinal Mutual;H8668-016;20250201;32244663;Approved;P-00474
Susan;Fox;06/14/37;9IH2CR4YQ93;Harborline;S2040-029;20250501;54100814;Approved;P-00475
Karen;Robinson;02/26/39;6EP6F47UY63;Harborline;H3504-002;20220201;94702683;Approved;P-00477
Zachary;Johnson;05/17/59;1MT6JX2WH19;Harborline;H2796-024;20260101;29898923;Approved;P-00478
Jacqueline;Medina;05/27/37;9EV6UC2MM03;Meridian Care;H3591-027-003;20250501;10583482;Approved;P-00481
Daniel;Reilly;05/19/57;7DJ6WK7MW83;Northwind Health;H9830-025;20240601;13981052;Approved;P-00483
Melissa;Robles;08/07/42;2EW2H77XJ12;Summit Health Plans;H9797-002;20240201;32244663;Approved;P-00484
Kaitlin;Torres;03/07/41;9UW7N03NT78;Meridian Care;S3927-005;20241201;13981052;Approved;P-00486
Andrea;Murray;11/15/85;9RQ0ME6MK85;Summit Health Plans;H9797-026-003;20250401;54100814;Approved;P-00487
Christina;Stewart;08/14/38;1YT9GD5WJ50;Harborline;H3504-019;20230101;90949389;Approved;P-00490
Mary;Graham;08/10/56;2F58X06NX99;Meridian Care;R5315-007;20230601;37231783;Approved;P-00491
Jessica;Sims;03/14/43;8PM8NV1YH24;Bluepeak;H3266-023;20251001;32244663;Approved;P-00493
Patricia;Sims;11/02/44;6T45RH9WH65;Meridian Care;H3591-001-002;20221201;32244663;Disenrolled;P-00494
Patricia;Sims;11/02/44;6T45RH9WH65;Harborline;H3504-017;20260501;32244663;Approved;P-00495
Kimberly;Kennedy;11/16/51;1UY7UG7WE05;Summit Health Plans;H9797-028;20220201;99847493;Approved;P-00496
Michael;Kennedy;11/09/45;5H09AN5GX58;Meridian Care;H3591-003;20220101;99847493;Approved;P-00497
Donald;Todd;03/06/44;1MK8PE5TX19;Northwind Health;H5040-024;20240601;1884412;Approved;P-00498
Lacey;Barnett;11/07/48;3C69QF8XH65;Meridian Care;H8433-003-003;20250601;13981052;Approved;P-00503
;;;;Harborline;H2796-006;20240701;29898923;Approved;P-00504
Adam;Eaton;10/12/39;4K35YN7QM03;Cardinal Mutual;H8668-019;20240901;32244663;Disenrolled;P-00505
Adam;Eaton;10/12/39;4K35YN7QM03;Meridian Care;H3591-019;20251001;32244663;Approved;P-00506
Nicole;Eaton;04/26/58;3TA2H82MM12;Bluepeak;H4593-022-001;20240801;32244663;Approved;P-00507
Evan;Clark;02/02/54;2QF5FQ5MR96;Northwind Health;H5040-008;20241101;4356886;Approved;P-00508
Martha;Clark;10/01/34;4BU3CH4RD56;Bluepeak;S1771-010;20250601;4356886;Approved;P-00509
Zachary;Nielsen;08/08/34;2Q50GN2XV67;Cardinal Mutual;S2876-024-002;20220101;99847493;Approved;P-00511
Hunter;Hoover;08/05/49;2FA5XK3VY76;Cardinal Mutual;S2876-012;20220401;90949389;Approved;P-00513
Rachel;Thompson;05/18/41;1TN4CY1PC86;Northwind Health;H5040-021-003;20230401;29898923;Unknown;P-00514
Rachel;Thompson;05/18/41;1TN4CY1PC86;Cardinal Mutual;H7252-030;20240901;29898923;Approved;P-00515
Carol;Thompson;07/18/59;2QV1N94RQ02;Meridian Care;H8433-004;20250401;29898923;Approved;P-00516
Kristine;Fletcher;10/30/69;6EJ3A25JD94;Cardinal Mutual;R5119-018;20251101;37231783;Approved;P-00518
Melissa;King;01/19/37;7KQ0XD7WP13;Summit Health Plans;S8123-022;20251201;4356886;Approved;P-00520
Kim;Lane;09/20/34;4Q98FQ9EE63;Summit Health Plans;H5371-018-001;20230201;37231783;Disenrolled;P-00521
Kim;Lane;09/20/34;4Q98FQ9EE63;Bluepeak;H3266-011;20240501;37231783;Approved;P-00522
Tamara;Martin;03/09/53;8G92QM0WN72;Northwind Health;H9830-014;20250801;43339391;Approved;P-00523
Abigail;Mendez;03/16/40;3TP3GU3NF41;Bluepeak;S1771-008-003;20220201;43339391;Approved;P-00527
John;Johnson;09/28/58;9U76D56KW19;Cardinal Mutual;H7252-010;20231101;44524491;Approved;P-00528
Jessica;Dunn;05/20/56;3PR5F93UH41;Meridian Care;S3927-029;20231001;11576383;Withdrawn;P-00529
William;Morgan;05/05/38;5U27MF2FY46;Meridian Care;H8433-005-001;20230501;29898923;Approved;P-00531
Kaitlyn;Ross;06/09/54;2HP7TX0VJ35;Northwind Health;S7543-009;20250701;61855700;Approved;P-00534
Jermaine;Baker;06/07/53;5WK1H31FV40;Bluepeak;H3266-015;20230201;32244663;Approved;P-00535
Mary;Baker;01/30/54;4EW9HY7MX09;Northwind Health;H5040-019;20240401;32244663;Approved;P-00536
Travis;Melton;01/11/45;5WJ5K18VM71;Bluepeak;H3266-016-003;20260101;4356886;Approved;P-00537
Tracey;Melton;02/17/57;3H41JH4VM58;Northwind Health;H5040-019;20240901;4356886;Approved;P-00538
Hannah;Wolfe;04/03/37;7RA6CR5FT40;Meridian Care;H8433-010-003;20260501;97102525;Approved;P-00541
Thomas;Young;02/19/44;6U39UC6UJ49;Cardinal Mutual;S2876-009-001;20250201;7150444;Approved;P-00542
Christie;Young;08/25/37;7F72XM9HW17;Harborline;R7916-018;20230401;7150444;Approved;P-00543
Joe;Nelson;04/24/37;4GN7JT5NH44;Meridian Care;H8433-014-003;20250301;77125617;Approved;P-00544
Ryan;Nelson;01/12/59;1V75WU4XN11;Northwind Health;H5040-026;20250801;77125617;Approved;P-00545
Lisa;Brown;02/23/39;3ND2XN7VR06;Harborline;S2040008;20250101;33857966;Approved;P-00547
Danielle;Oneill;06/06/48;5J93PA2TE60;Meridian Care;H8433-015;20240501;10583482;Disenrolled;P-00549
Danielle;Oneill;06/06/48;5J93PA2TE60;Bluepeak;H4593-003;20260401;10583482;Approved;P-00550
Sheila;Norman;11/26/34;7HH1VP7KV17;Cardinal Mutual;H7252-012;20220201;54100814;Disenrolled;P-00551
Sheila;Norman;11/26/34;7HH1VP7KV17;Northwind Health;H9830-008;20230201;54100814;Approved;P-00552
George;Rose;01/09/53;2GA7HM6PK95;Harborline;H2796-024;20220201;61291817;Disenrolled;P-00554
George;Rose;01/09/53;2GA7HM6PK95;Northwind Health;H5040-006;20230301;61291817;Withdrawn;P-00555
Michael;Collins;11/21/48;4FJ8F52JD16;Summit Health Plans;H9797-024-002;20230701;44524491;Approved;P-00557
Gwendolyn;Nichols;09/14/42;4GA2C63GQ50;Cardinal Mutual;H7252-021;20250101;77125617;Approved;P-00558
Debbie;Espinoza;04/12/44;5N57WT1NV41;Harborline;H2796-004;20260301;61291817;Approved;P-00559
Maria;Espinoza;05/03/36;8RW1VG6VH23;Meridian Care;H3591-019;20220201;61291817;Unknown;P-00560
Maria;Espinoza;05/03/36;8RW1VG6VH23;Northwind Health;H5040-023;20240201;61291817;Approved;P-00561
Keith;White;07/16/36;7HK0QM6VR77;Bluepeak;H3266-007-002;20230901;97102525;Approved;P-00562
Samuel;Martinez;03/15/53;4J65DJ4FQ19;Bluepeak;H3266-025;20250801;99847493;Approved;P-00563
Megan;Rivera;03/20/59;7XG7MJ8ED99;Bluepeak;H3266-014;20250301;32244663;Approved;P-00565
Kayla;Martinez;10/25/44;8JX7JX6KE78;Cardinal Mutual;R5119-002;20250301;29898923;Unknown;P-00566
Kayla;Martinez;10/25/44;8JX7JX6KE78;Meridian Care;H3591-025;20260501;29898923;Approved;P-00567
Sharon;Ali;02/18/35;7R10HX2AN14;Northwind Health;H9830-012;20240301;43339391;Approved;P-00568
Jeff;Boyer;07/11/36;9N36P42UD55;Summit Health Plans;H5371-004;20250401;94702683;Approved;P-00569
Eric;Barker;04/05/45;6GG5AE3XM88;Summit Health Plans;H9797-007-003;20230701;6831819;Approved;P-00570
Tony;Rodriguez;03/18/56;5YX1NJ7CJ82;Harborline;H2796-008;20250701;43339391;Approved;P-00571
Levi;Rodriguez;05/30/49;7WW9HR2VX69;Meridian Care;H8433-014;20240101;43339391;Disenrolled;P-00572
Levi;Rodriguez;05/30/49;7WW9HR2VX69;Bluepeak;H4593-023;20250901;43339391;Approved;P-00573
Mario;Stephens;11/26/33;9JT4X60TY77;Cardinal Mutual;H7252-001;20250201;10583482;Approved;P-00574
Taylor;Stephens;10/05/44;2KX4A29UR26;Meridian Care;H8433-011;20230201;10583482;Approved;P-00575
Alexandra;Rodriguez;07/01/34;2ND1QX6RQ72;Bluepeak;H4593-023;20231001;54100814;Approved;P-00577
Brittany;Hanson;11/11/37;2VK0YC8CP12;Northwind Health;H9830-001;20220101;74197857;Disenrolled;P-00578
Brittany;Hanson;11/11/37;2VK0YC8CP12;Cardinal Mutual;H7252-021;20251001;74197857;Approved;P-00579
Julia;Ward;10/05/45;8AY0W81MM15;Bluepeak;R9348-016;20250801;10583482;Approved;P-00580
Diane;Cruz;10/29/44;2N98XX8VQ83;Harborline;S7304-021-001;20230701;37231783;Approved;P-00582
Andrea;Sparks;11/23/44;5CV0HD4XX82;Harborline;S7304-007-002;20250601;78490893;Approved;P-00584
William;Sparks;01/14/47;6C93ET2JN13;Bluepeak;R9348-002;20240801;78490893;Approved;P-00585
Diane;Sparks;10/29/52;;Cardinal Mutual;R5119-007;20261101;78490893;Unknown;P-00586
Jonathan;Howe;01/26/36;7C27F13DE12;Cardinal Mutual;H7252-024-002;20260301;7150444;Approved;P-00587
William;Ellison;06/20/34;9CU7EE3CQ21;Meridian Care;H8433-015-003;20260101;13981052;Approved;P-00588
Ashley;Ellison;06/27/44;1FN4GP7HC66;Harborline;H2796-011-001;20221001;13981052;Approved;P-00589
Ashley;Evans;03/26/76;4AQ0XC6XE30;Northwind Health;H9830-030;20250101;4356886;Approved;P-00591
Barbara;Cross;04/08/52;3TW5JF4GQ42;Meridian Care;H8433-005;20231201;13981052;Approved;P-00592
Alice;Brown;06/12/53;6TW6P04HQ27;Summit Health Plans;S8123-002;20220701;6831819;Approved;P-00596
Matthew;Hernandez;09/19/44;5X42QX3FR57;Bluepeak;H4593-022;20230401;10583482;Disenrolled;P-00597
Matthew;Hernandez;09/19/44;5X42QX3FR57;Northwind Health;H9830-028-001;20260301;10583482;Approved;P-00598
Ann;Duncan;12/07/49;3MM1WG2GR18;Cardinal Mutual;S2876-023;20250401;61291817;Approved;P-00600
Jessica;Moore;07/03/58;7FE3NM1PY70;Bluepeak;H4593-017;20251001;4356886;Approved;P-00602
Jody;Rivera;02/14/50;8DN8CF9AX04;Cardinal Mutual;H8668-023;20240101;61855700;Disenrolled;P-00603
Jody;Rivera;02/14/50;8DN8CF9AX04;Harborline;H3504-014;20250701;61855700;Approved;P-00604
Jason;Rivera;06/25/43;8D55V81AF13;Bluepeak;H4593-025-003;20220501;61855700;Approved;P-00605
Jenna;Romero;08/22/59;4U63UY2UM90;Bluepeak;H4593-009-001;20251101;97102525;Withdrawn;P-00607
Andrew;Garner;11/11/47;5HR4P33VA44;Bluepeak;H3266-029-002;20260101;61291817;Approved;P-00608
Derrick;Long;10/09/48;6TP7PU4UN83;Summit Health Plans;H5371-015-002;20230301;74197857;Approved;P-00609
Gabriella;Carpenter;07/22/60;6AR2FX2HE06;Bluepeak;H4593-016;20260301;32244663;Approved;P-00610
James;Carpenter;06/07/52;8RR2U10PE15;Cardinal Mutual;R5119-026-001;20251001;32244663;Approved;P-00611
Devin;Carpenter;04/11/86;;Cardinal Mutual;H7252-011;20220501;32244663;Approved;P-00612
Kathy;Acosta;07/28/54;4XY3JU9UA58;Cardinal Mutual;S2876-003;20220701;44524491;Approved;P-00613
Nicole;Acosta;05/18/37;4K22P70UJ30;Harborline;S7304-016-002;20230901;44524491;Approved;P-00615
Michael;Mcdaniel;01/06/54;7AM4HF4AA61;Cardinal Mutual;H8668-018;20231201;61291817;Approved;P-00616
Hailey;Mcdaniel;02/11/52;8MG9FN0EC58;Harborline;H3504-018;20240701;61291817;Approved;P-00617
Madison;Franklin;08/17/43;5JJ0WA0JU00;Bluepeak;H4593-017;20230301;61855700;Approved;P-00621
Zachary;Grant;10/10/36;4XC3JX7AP19;Bluepeak;H4593-030-003;20231201;44524491;Disenrolled;P-00622
Zachary;Grant;10/10/36;4XC3JX7AP19;Meridian Care;H8433-006-002;20260401;44524491;Approved;P-00623
Debbie;Ford;02/16/60;7HG1CQ1HH94;Meridian Care;H8433-012;20260401;29898923;Approved;P-00624
Christopher;Ford;06/12/50;4G75HU6NT69;Cardinal Mutual;H8668-026;20221101;29898923;Disenrolled;P-00625
Christopher;Ford;06/12/50;4G75HU6NT69;Bluepeak;H4593-028;20260401;29898923;Approved;P-00626
Christopher;Khan;09/04/57;7PD4R00MC14;Harborline;S2040-004;20230701;4356886;Approved;P-00627
Matthew;Williams;10/20/47;7TR2AX0DK47;Harborline;S2040-008;20230101;4356886;Approved;P-00630
Susan;Roach;09/07/53;6T67WG5PW82;Meridian Care;H8433-012;20230901;44524491;Approved;P-00631
Donna;Robinson;07/23/52;8T48G80NV29;Summit Health Plans;H9797-027;20231001;1884412;Approved;P-00632
Melissa;Johnson;09/29/42;3J15UE5PW68;Cardinal Mutual;S1188-008;20250701;74197857;Approved;P-00634
Nicholas;Richardson;05/31/51;2HA0AM1HG11;Cardinal Mutual;H8668-022;20230501;77125617;Approved;P-00635
Heather;Warren;01/31/40;1UN5AK7QW16;Meridian Care;H8433-002;20250201;13981052;Disenrolled;P-00636
Heather;Warren;01/31/40;1UN5AK7QW16;Northwind Health;H5040-008-001;20260401;13981052;Approved;P-00637
Michael;Carney;12/23/50;2A12X70VT18;Cardinal Mutual;H8668-026;20221201;32244663;Approved;P-00638
Ashley;Foster;01/06/38;7UC4RW6DD14;Harborline;S2040-004;20250701;54100814;Approved;P-00643
Steven;Huang;10/07/36;9AE8KX8AM25;Cardinal Mutual;H8668-016-002;20230401;33857966;Approved;P-00645
Lisa;Huang;08/26/43;9F71UV1XG36;Harborline;H3504-002;20250501;33857966;Approved;P-00646
Edward;Jones;06/08/41;9R02JY8MU16;Northwind Health;S7543-012-001;20250301;78490893;Approved;P-00648
Mary;Jones;04/29/50;8VU6X28YY92;Harborline;H3504-018;20240701;78490893;Approved;P-00649
Maria;Watson;06/01/50;5H65V16KK96;Meridian Care;H3591-026;20250701;29898923;Approved;P-00650
Kevin;Watson;12/22/42;9SE4JH9NG75;Cardinal Mutual;H8668-018;20230401;29898923;Approved;P-00651
Mark;Collins;05/24/54;5VX6HK0RU91;Cardinal Mutual;H7252-005;20261101;39159004;Submitted;P-00652
Brooke;Mcdaniel;10/15/56;1AE5Y34MR33;Summit Health Plans;R2827-030;20230301;99847493;Approved;P-00653
Steven;Mcdaniel;01/27/52;;Meridian Care;S3927-015;20230401;99847493;Approved;P-00657
Emily;Mejia;03/21/36;4UR8NN0UV96;Summit Health Plans;H9797-020;20240501;74197857;Approved;P-00658
Joseph;Mejia;04/24/54;5JQ9UA9JD70;Summit Health Plans;H9797-016;20240101;74197857;Approved;P-00659
George;Andrews;01/30/52;;Summit Health Plans;H5371-015-001;20220601;7150444;Approved;P-00660
Hannah;Soto;11/18/57;3MW7R82JA39;Northwind Health;H5040-025-001;20230401;7150444;Approved;P-00661
Lance;Davis;05/15/55;9CQ2GC7FF39;Summit Health Plans;H5371-006;20231201;54100814;Approved;P-00662
Timothy;Rodriguez;10/20/44;9T08P59XQ48;Bluepeak;H4593-026;20240301;97102525;Approved;P-00663
Matthew;Bradley;07/27/46;3EM5CP7QR19;Harborline;H2796-030;20230701;32244663;Approved;P-00666
Jamie;West;01/10/59;8R48C18XV12;Cardinal Mutual;S2876-024;20260401;78490893;Approved;P-00668
Ann;Smith;04/29/57;7XH6FR8XK30;Northwind Health;H5040-008;20220901;61291817;Disenrolled;P-00669
Ann;Smith;04/29/57;7XH6FR8XK30;Summit Health Plans;H5371-020-002;20240701;61291817;Approved;P-00670
Tiffany;Smith;12/11/51;6NV2XV4YJ30;Cardinal Mutual;S2876-002;20240401;61291817;Approved;P-00672
Elaine;Gardner;12/28/37;7RX5MD3GY71;Harborline;H3504-005;20260201;5265799;Approved;P-00673
Theresa;Barrett;12/05/47;4MJ9GN2YN96;Northwind Health;H5040-005-003;20220601;6831819;Approved;P-00674
Cassandra;Lopez;10/19/72;2CG4NE0XD09;Bluepeak;H3266-004;20220101;74197857;Approved;P-00675
Suzanne;Carpenter;07/13/52;4MC6N12UT58;Harborline;S7304-014;20230801;37231783;Approved;P-00676
Christopher;Carpenter;07/17/46;2FE7FF1MN59;Meridian Care;H3591-030;20230401;37231783;Approved;P-00677
William;Harrison;06/25/46;5QG7T16NT25;Harborline;R3621-001;20240401;54100814;Disenrolled;P-00678
William;Harrison;06/25/46;5QG7T16NT25;Summit Health Plans;H5371-005;20260201;54100814;Approved;P-00679
Taylor;Harrison;06/20/52;6N59PN0EU83;Bluepeak;H3266-017;20230201;54100814;Approved;P-00680
Veronica;Williams;12/03/36;8CM5AR9DU67;Summit Health Plans;S8123-009;20250301;37231783;Approved;P-00682
Jonathan;Hill;02/13/82;1D54W68RA84;Meridian Care;H3591-018;20260201;94702683;Approved;P-00683
Lauren;Washington;10/17/59;4UA1F94GM46;Cardinal Mutual;H8668-004;20250401;5265799;Approved;P-00684
Gary;Barber;05/16/36;2V48TV1UY41;Northwind Health;S6930-026;20231101;77125617;Approved;P-00685
Sara;Smith;10/14/43;6AN6RE8QH23;Meridian Care;H3591-024;20250401;54100814;Approved;P-00686
Emma;Murray;06/27/46;6NR0N77DF19;Summit Health Plans;H5371-016;20241001;10583482;Approved;P-00687
Sean;Garcia;01/03/58;5RA0MN2DF89;Northwind Health;H9830-011-002;20260401;43339391;Approved;P-00689
Danielle;Sampson;12/28/42;9M98ME6CM61;Harborline;S2040-004-003;20250701;61291817;Approved;P-00691
Jean;Sampson;12/29/47;9JD5GG9EA73;Meridian Care;S9201-014;20251101;61291817;Approved;P-00693
Sandra;Fowler;11/22/53;3QX6XM4JY16;Meridian Care;R1053-013;20230501;29898923;Approved;P-00694
Sarah;Vasquez;05/27/37;4C31QF3KE90;Northwind Health;H9830-007;20230201;77125617;Disenrolled;P-00695
Sarah;Vasquez;05/27/37;4C31QF3KE90;Harborline;H3504-014;20251201;78508051;Approved;P-00696
Andrew;Waters;10/26/53;5RC4AR7GC07;Harborline;H3504-005;20241001;43339391;Approved;P-00697
Aaron;Fernandez;06/09/40;5UQ4GU3TF03;Cardinal Mutual;H7252-004-003;20250601;7150444;Approved;P-00698
Stephanie;Fernandez;10/30/51;7AD9EJ4KJ89;Summit Health Plans;H9797-005;20250101;7150444;Approved;P-00699
Gregory;Holland;02/27/36;4Q19XX5EQ79;Bluepeak;H3266-016-002;20230101;7150444;Approved;P-00700
Benjamin;Holland;09/23/43;4R70HT6WD18;Meridian Care;H3591-012-001;20240501;7150444;Approved;P-00701
Brittany;Cortez;04/10/58;5YW3CU4WG07;Cardinal Mutual;H7252-030-003;20240601;4356886;Approved;P-00702
Erika;Ellis;11/14/56;4G62J30GH33;Bluepeak;S1771008-001;20261101;7150444;Submitted;P-00703
Morgan;Ellis;11/14/48;7F21GU6AG50;Bluepeak;H4593-003-001;20241101;7150444;Approved;P-00704
Deborah;Sanchez;01/03/39;;Cardinal Mutual;H7252-030;20250401;7150444;Approved;P-00705
Alexis;Sanchez;08/16/46;1J38EW7QX20;Bluepeak;H4593-008;20241001;7150444;Approved;P-00706
James;Brown;05/21/52;3CR7HF3DV29;Northwind Health;H5040-024;20240501;10583482;Approved;P-00707
Matthew;Brown;09/16/50;1A70DN2XD13;Northwind Health;S7543-024;20240701;10583482;Approved;P-00709
Heather;Thomas;01/18/51;1VR7AC9CA43;Harborline;H3504-017-003;20240101;78490893;Approved;P-00712
Christopher;Hobbs;10/28/48;3XQ0W20UC63;Cardinal Mutual;R5119-020;20230401;33857966;Approved;P-00713
Greg;Allen;05/25/48;1K04GW7UJ83;Meridian Care;H3591-013;20240101;37231783;Approved;P-00714
James;Grant;07/06/35;5RM2AJ6FP86;Harborline;H3504-010-001;20230201;43339391;Disenrolled;P-00715
James;Grant;07/06/35;5RM2AJ6FP86;Bluepeak;H3266-025;20240501;43339391;Approved;P-00716
Edward;Rodriguez;05/04/55;1DU6MR4MV98;Northwind Health;S7543-027-003;20240901;78490893;Approved;P-00718
Megan;Rodriguez;10/10/33;1M10MJ3HH53;Harborline;S2040-026-003;20241001;78490893;Approved;P-00720
Kristen;Thompson;09/07/43;4UH2Q05JC60;Northwind Health;H9830-025;20251101;74197857;Approved;P-00721
Corey;Nguyen;09/25/44;;Summit Health Plans;H9797-010-001;20231201;33857966;Approved;P-00723
Corey;Nguyen;09/25/44;;Summit Health Plans;H9797-010-001;20231201;33857966;Approved;P-00723
Joan;Nguyen;05/08/42;4QV7N60XF63;Meridian Care;S9201-003-001;20221101;33857966;Approved;P-00724
Paul;Gibson;05/04/36;1P00NJ7QR60;Northwind Health;H5040-002;20241001;6831819;Disenrolled;P-00725
Paul;Gibson;05/04/36;1P00NJ7QR60;Meridian Care;H8433-029;20251101;6831819;Withdrawn;P-00726
George;Ellis;06/12/55;;Summit Health Plans;H5371-010;20260101;78490893;Approved;P-00727
John;Fitzgerald;06/02/51;9VF6CH3PY10;Meridian Care;S9201-017;20220701;13981052;Approved;P-00729
Heather;Pacheco;05/24/46;7YX6M68YY71;Summit Health Plans;S8123-019-003;20261101;77125617;Submitted;P-00730
Corey;Pacheco;05/04/57;5XY3G83EG34;Cardinal Mutual;H7252-014;20230301;77125617;Approved;P-00731
Brandy;Hudson;09/16/47;9JV9JN9PJ82;Summit Health Plans;S8123-029-002;20250701;10583482;Approved;P-00733
Ann;Bush;07/09/60;1VR9Q96DC16;Bluepeak;S2489-027-003;20260401;1884412;Approved;P-00738
Erin;Adams;05/04/56;8R42VH9TR20;Meridian Care;H8433-015-002;20231201;99847493;Disenrolled;P-00739
Erin;Adams;05/04/56;8R42VH9TR20;Cardinal Mutual;H7252-024-002;20250701;99847493;Approved;P-00740
Nancy;Crawford;02/04/57;1H72ED9GA61;Cardinal Mutual;H8668-005;20230501;1884412;Approved;P-00743
Jesse;Wiggins;05/03/43;3XN0F76MV01;Harborline;H2796-015;20240401;33857966;Approved;P-00744
Stacey;Wiggins;02/04/48;8U18G92DA21;Summit Health Plans;S8123-017;20240801;33857966;Approved;P-00746
Megan;Roberts;02/26/36;2VG8NR0NJ97;Northwind Health;S6930-013;20251201;10583482;Approved;P-00748
Elizabeth;Schwartz;09/24/35;;Meridian Care;H8433-030-002;20250801;77125617;Approved;P-00749
Logan;Johnson;07/22/42;8YC8XW4JR99;Harborline;H2796-005;20241101;78490893;Approved;P-00750
Mark;Cantrell;05/05/44;;Northwind Health;H5040-029-001;20260401;99847493;Approved;P-00751
Christopher;Griffin;05/14/46;2TU9WU6WF99;Summit Health Plans;H9797-027;20240401;78490893;Approved;P-00752
Sean;Ryan;03/11/60;6C24A15QQ95;Cardinal Mutual;R9669-006-003;20260201;33857966;Approved;P-00753
Ronald;Baldwin;12/11/36;4I89EN6GK15;Summit Health Plans;H5371-006;20221201;11576383;Approved;P-00755
Robert;Chandler;10/15/34;9EW6PP0UV46;Harborline;H3504-025;20241201;33857966;Approved;P-00756
Robert;Chandler;10/15/34;9EW6PP0UV46;Harborline;H3504-025;20241201;33857966;Approved;P-00756
Mary;Chandler;11/17/39;9XD1UY7GC38;Harborline;R3621-027-001;20251001;33857966;Approved;P-00757
Joshua;Fowler;06/13/57;7U38EJ6TN00;Harborline;H2796-010;20251001;13981052;Approved;P-00758
Gregory;Fowler;07/31/44;3UA4PF3VV85;Bluepeak;H3266-014;20240201;13981052;Approved;P-00759
Kylie;Walker;07/23/55;6KW5XR5NY42;Bluepeak;H4593-003;20240901;90949389;Approved;P-00760
Eric;Walker;09/11/96;6JX3DJ2EN51;Harborline;S7304-018;20230201;90949389;Approved;P-00762
Kevin;Walker;01/08/49;8FU3RT7MR20;Summit Health Plans;H5371-007;20220901;90949389;Disenrolled;P-00763
Kevin;Walker;01/08/49;8FU3RT7MR20;Bluepeak;H4593-024;20250801;90949389;Approved;P-00764
Thomas;Burton;03/22/59;5UG3WT5AW27;Summit Health Plans;H9797-026;20250401;1884412;Approved;P-00765
Heather;Burton;12/18/48;1NF9DV7QW31;Northwind Health;H9830-004;20240201;1884412;Approved;P-00766
Brian;Howard;10/31/41;1NG2FX9YH62;Meridian Care;S9201-021;20220701;74197857;Approved;P-00768
Helen;Nelson;01/22/37;5JA9NK4XU91;Cardinal Mutual;S1188-015-003;20221201;13981052;Approved;P-00771
Laura;Decker;08/05/45;6FX8VJ2FA12;Harborline;S2040-009-001;20260301;6831819;Approved;P-00773
Angelica;Decker;12/14/41;6VP2J08QC03;Harborline;H2796-027;20220201;6831819;Disenrolled;P-00774
Angelica;Decker;12/14/41;6VP2J08QC03;Meridian Care;H8433-027-001;20240701;6831819;Approved;P-00775
Kathryn;Preston;12/02/38;2FQ0F32EH21;Meridian Care;H3591-002;20250801;74197857;Approved;P-00778
Kim;Jones;09/15/41;9T93H99HC49;Cardinal Mutual;H7252-022;20230101;5265799;Approved;P-00779
James;Matthews;12/20/34;6AX5FF9MQ20;Summit Health Plans;H5371-012;20260501;90949389;Approved;P-00780
Ellen;Matthews;06/14/60;8A41JT1FK36;Summit Health Plans;H5371-010;20251201;90949389;Approved;P-00781
Belinda;Garcia;11/21/48;8KC2YY0TD66;Northwind Health;S7543-005;20250201;29898923;Approved;P-00782
Alexis;Garcia;10/16/54;5CJ0EA9PQ79;Meridian Care;H8433-020;20260201;29898923;Approved;P-00783
Daniel;Martinez;02/13/57;2UG6VC8AV15;Northwind Health;H5040-011;20240701;90949389;Approved;P-00785
Derek;Martinez;09/10/44;1T23ND0MP84;Harborline;S2040-001-001;20240801;90949389;Approved;P-00787
Traci;Perez;02/21/48;9J62UA0CK66;Northwind Health;H5040-025;20240401;10583482;Approved;P-00789
Cristian;Garza;09/12/50;4W48D69KX05;Meridian Care;H3591-002;20230401;99847493;Disenrolled;P-00790
Cristian;Garza;09/12/50;4W48D69KX05;Summit Health Plans;H5371-021-003;20260101;99847493;Approved;P-00791
Katie;Hubbard;08/01/39;5ER6EF3UM07;Summit Health Plans;S5808-025-001;20240701;78490893;Approved;P-00792
Dennis;Fuller;08/28/58;3AH7CV7WG11;Bluepeak;H3266-004;20241001;61291817;Disenrolled;P-00793
Dennis;Fuller;08/28/58;3AH7CV7WG11;Northwind Health;H9830-029;20251001;61291817;Approved;P-00794
Cory;Fuller;12/30/36;5VA1W96KM82;Northwind Health;H9830-017;20221101;61291817;Approved;P-00795
Laura;Saunders;09/18/59;8NU1G63QX14;Cardinal Mutual;S2876-022-001;20260501;33857966;Approved;P-00797
James;Saunders;07/16/44;8CK0XP3EK19;Northwind Health;H9830-029;20240401;33857966;Approved;P-00798
Antonio;Stevens;04/03/48;7GM0Y96MY66;Bluepeak;H3266-001;20241101;97102525;Approved;P-00799
Ronnie;James;03/11/41;1RF4QU2VT99;Northwind Health;R5304010;20220501;10583482;Disenrolled;P-00801
Ronnie;James;03/11/41;1RF4QU2VT99;Bluepeak;R9348-012;20250801;10583482;Approved;P-00802
Steven;Nguyen;02/01/52;4C94NW8EQ50;Harborline;H3504-004;20221101;44524491;Disenrolled;P-00803
Steven;Nguyen;02/01/52;4C94NW8EQ50;Summit Health Plans;H9797-023;20241001;44524491;Approved;P-00804
Lisa;Crawford;12/24/43;8KR8E53NY26;Harborline;H2796-023;20250501;33857966;Disenrolled;P-00807
Lisa;Crawford;12/24/43;8KR8E53NY26;Meridian Care;H8433-019;20260501;33857966;Approved;P-00808
Elizabeth;Crawford;05/21/42;3Y12C77PJ60;Northwind Health;S7543008;20231101;33857966;Approved;P-00810
Wendy;Mitchell;12/09/43;7Q14WY6RU60;Cardinal Mutual;H8668-014-002;20230901;6831819;Approved;P-00813
;;;;Harborline;S2040-003;20221201;78490893;Approved;P-00818
Meghan;Walters;12/31/57;9QU7WF3DG99;Cardinal Mutual;H8668-015;20250501;29898923;Disenrolled;P-00819
Meghan;Walters;12/31/57;9QU7WF3DG99;Summit Health Plans;H5371-003;20260501;29898923;Approved;P-00820
Rebecca;Henderson;06/07/50;7WC7WP2PK82;Bluepeak;H4593-017;20230801;97102525;Approved;P-00821
James;Henderson;09/07/52;5M05M07NF31;Bluepeak;H3266-010-003;20220801;97102525;Approved;P-00822
Emily;Mosley;06/18/48;3UG0H78WQ21;Harborline;S7304-008-001;20240701;43339391;Approved;P-00824
David;Young;07/19/34;6J84AC1VD67;Summit Health Plans;H9797-027;20240701;77125617;Approved;P-00825
Nicholas;Henry;01/02/57;6DU9YH7WE05;Summit Health Plans;H5371-028-002;20230501;29898923;Unknown;P-00826
Nicholas;Henry;01/02/57;6DU9YH7WE05;Cardinal Mutual;R5119-019;20260101;29898923;Approved;P-00827
Joel;Nichols;11/03/42;9JJ9EF1WU06;Bluepeak;R9348-023-001;20260501;54100814;Approved;P-00829
Joshua;Mccormick;09/23/60;8RQ1C90VY87;Northwind Health;H9830-007;20260401;97102525;Approved;P-00830
Jessica;Fisher;08/19/38;8KR8FH5MR95;Northwind Health;H5040-015;20220701;13981052;Disenrolled;P-00831
Jessica;Fisher;08/19/38;8KR8FH5MR95;Bluepeak;H3266-011;20230901;13981052;Approved;P-00832
Gina;Bradford;03/16/37;1Q95M71DJ40;Harborline;H3504-025;20240501;74197857;Disenrolled;P-00833
Gina;Bradford;03/16/37;1Q95M71DJ40;Northwind Health;H9830-025;20260101;74197857;Approved;P-00834
Stacy;Walker;11/11/43;;Summit Health Plans;H9797-023;20220501;97102525;Approved;P-00836
Ashley;Jackson;01/08/40;3QA4DW0XP21;Cardinal Mutual;H8668-004;20260301;4356886;Approved;P-00837
Alexis;Jackson;10/23/57;;Cardinal Mutual;S2876-017-002;20230701;4356886;Approved;P-00839
Deborah;Aguilar;08/30/59;7KC7GH2KU28;Summit Health Plans;R2827-001;20250201;1884412;Approved;P-00842
William;Smith;10/10/39;6AY2T81DN26;Meridian Care;S3927-008;20220601;78490893;Approved;P-00844
Lawrence;Page;04/08/47;8ER1Y58FU34;Summit Health Plans;H9797-002-003;20260401;1884412;Approved;P-00847
Leslie;Stafford;02/04/58;5V43N72RV06;Summit Health Plans;S8123-015;20240801;1884412;Approved;P-00848
Michael;Williams;04/22/55;5Q92WC5NC77;Meridian Care;H8433-020;20230601;94702683;Approved;P-00849
Brittany;Long;02/07/57;1FN4T16CG20;Meridian Care;R1053-011;20240401;54100814;Approved;P-00851
Jessica;Nguyen;06/30/37;5T09NC7MC71;Cardinal Mutual;H8668-020;20260101;43339391;Approved;P-00853
Christopher;Glenn;05/07/48;1H29EA4PF03;Northwind Health;H9830-003;20240401;77125617;Approved;P-00854
Melissa;Glenn;06/10/57;3WP5J95XN20;Cardinal Mutual;S2876-019;20240601;77125617;Withdrawn;P-00856
Cody;Howard;05/20/45;4UV4F23HX44;Meridian Care;H3591-001;20250201;78490893;Approved;P-00857
William;Davis;08/25/60;6KF6GM1TW42;Meridian Care;H3591-008;20250901;78490893;Approved;P-00858
Teresa;Davis;09/15/37;7CP3A08WR84;Northwind Health;H5040-003;20230401;78490893;Approved;P-00859
Gabrielle;Joyce;04/13/46;9TN9GD2XX64;Cardinal Mutual;H8668-022-001;20221101;9934332;Approved;P-00860
Kevin;Joyce;02/09/54;2KT7A29FA71;Bluepeak;H4593-006;20220601;94702683;Disenrolled;P-00861
Kevin;Joyce;02/09/54;2KT7A29FA71;Harborline;H2796-003;20250401;94702683;Approved;P-00862
Thomas;Jackson;07/07/56;3WH9MW2JF20;Northwind Health;S7543-024;20230501;29898923;Approved;P-00868
Heather;Cabrera;10/09/51;1FC3CK2JF27;Bluepeak;H4593-002-003;20240801;54100814;Disenrolled;P-00869
Heather;Cabrera;10/09/51;1FC3CK2JF27;Northwind Health;H5040-014;20260101;54100814;Approved;P-00870
Gabriel;Johnson;04/02/46;9JF1A02YD61;Harborline;H2796-028;20240701;4356886;Approved;P-00871
Matthew;Gallegos;03/08/49;7QT0QJ6FD98;Cardinal Mutual;S2876-025;20260401;61291817;Withdrawn;P-00874
Bruce;Hall;12/15/52;7GT3F72QF61;Harborline;H2796-030-002;20220601;32244663;Approved;P-00875
Evan;West;08/19/38;4HW5J82MT25;Northwind Health;H5040-008;20250701;77125617;Approved;P-00877
Lauren;Flynn;10/21/41;8QX4NH5JR59;Harborline;S7304-026;20240701;54100814;Approved;P-00880
Jeremy;Wilson;02/15/49;4AT4FJ5XE42;Harborline;H3504-021;20240101;97102525;Disenrolled;P-00882
Jeremy;Wilson;02/15/49;4AT4FJ5XE42;Bluepeak;H4593-014;20250401;97102525;Approved;P-00883
Sydney;Lloyd;08/09/53;2UV5GF1DP87;Summit Health Plans;H9797-012;20220601;13981052;Approved;P-00884
Katelyn;Lloyd;02/08/35;8CE7H02AV65;Bluepeak;H3266-015;20251201;13981052;Approved;P-00885
Kelly;Moore;11/05/92;;Cardinal Mutual;H7252-010;20220201;78490893;Approved;P-00886
Scott;Moore;02/26/57;2H46V51UG03;Bluepeak;H3266-023;20221001;78490893;Approved;P-00887
William;Peterson;05/28/35;6H93FG2TJ93;Summit Health Plans;R2827-028-002;20241001;97102525;Approved;P-00888
Christopher;Peterson;02/27/53;1UQ1CW7CV26;Cardinal Mutual;H7252-027;20250301;97102525;Approved;P-00889
Zachary;Crane;12/22/37;9G21U16KW46;Harborline;H2796-005;20240701;5265799;Disenrolled;P-00890
Zachary;Crane;12/22/37;9G21U16KW46;Bluepeak;H4593-021;20251001;5265799;Approved;P-00891
Brian;Orr;07/15/42;3G35QC6GY53;Meridian Care;S3927-028;20231201;13981052;Approved;P-00893
Nicole;Rowe;01/27/60;2WN2A81JQ26;Summit Health Plans;S8123-008;20250301;10583482;Approved;P-00894
Pamela;Johnson;08/25/42;2R34DD9NN64;Summit Health Plans;H5371-019;20220201;78490893;Withdrawn;P-00895
Tonya;Chavez;10/28/34;4XJ6YQ7WX76;Summit Health Plans;H5371-016-001;20220301;97102525;Unknown;P-00898
Tonya;Chavez;10/28/34;4XJ6YQ7WX76;Northwind Health;R5304-005;20260301;97102525;Approved;P-00899
Linda;Chavez;10/10/49;8WR5J63XM31;Summit Health Plans;H5371-011;20261101;97102525;Submitted;P-00900
Michael;Carson;08/27/42;6U56KM9TM70;Northwind Health;H9830-013-003;20251001;90949389;Approved;P-00901
Corey;Carson;05/02/48;5DR3Q85RC45;Northwind Health;H5040-016-002;20220301;90949389;Approved;P-00902
Rodney;Porter;08/06/58;7JN3C25XT02;Harborline;H3504-014-001;20250801;54100814;Approved;P-00903
Eric;Johnson;12/14/42;5R16JM5KM34;Harborline;H3504-020;20251001;13O81052;Approved;P-00904
Angelica;Johnson;11/25/35;5KX7MJ9KR40;Meridian Care;H3591-019-001;20241001;13981052;Approved;P-00905
Kevin;Ritter;12/08/43;2A89TF0GE70;Harborline;H3504-007;20240701;18O4412;Approved;P-00906
Todd;Ritter;12/06/42;1JA0MK9RM61;Summit Health Plans;H9797-029;20221001;1884412;Disenrolled;P-00907
Todd;Ritter;12/06/42;1JA0MK9RM61;Bluepeak;H3266-028-002;20241201;1884412;Approved;P-00908
Kylie;Ritter;06/26/48;8AW6D99YH14;Harborline;S7304-013-002;20251001;1884412;Approved;P-00910
Monica;Bailey;03/07/34;3C73HM7MG46;Meridian Care;H8433-023-001;20230201;39032271;Approved;P-00911
Robert;Bailey;03/13/39;6FX4Q49CF17;Harborline;H2796-002;20240501;94702683;Approved;P-00912
Christopher;Schneider;10/12/36;8P90T76FU99;Harborline;H2796-006;20231101;4356886;Approved;P-00915
Danny;Scott;07/10/86;6CT6K18TE77;Cardinal Mutual;S1188-030-003;20230901;13981052;Approved;P-00917
Cory;Scott;06/07/43;3U02NV1GF59;Summit Health Plans;S8123-023;20220301;13981052;Approved;P-00919
Anthony;Nguyen;06/28/35;1EV7VC3PW69;Meridian Care;H3591-028;20220401;94702683;Approved;P-00920
Brian;Nguyen;07/16/41;5LG9N31UE22;Cardinal Mutual;H7252-008;20221001;94702683;Approved;P-00921
Stacy;Gordon;04/20/39;7H93A28HH44;Cardinal Mutual;H8668-017;20230801;97102525;Approved;P-00922
Richard;Torres;01/16/48;6H57UK9GQ63;Summit Health Plans;H5371-006;20221101;4356886;Approved;P-00923
Angela;Ali;04/06/71;3A05X32FX41;Cardinal Mutual;H8668-011-003;20220501;6831819;Approved;P-00924
Megan;Kidd;07/05/47;3CR6DN4YV08;Northwind Health;H5040-021-001;20231001;78490893;Approved;P-00925
Jessica;Rivas;11/07/57;2G51P34VE58;Cardinal Mutual;S2876-010;20230901;99847493;Approved;P-00927
Yolanda;Rivas;12/30/42;5F60C56GX87;Meridian Care;H8433-017;20240501;99847493;Approved;P-00928
Aaron;Lucas;11/30/54;5GE9F26FG13;Harborline;H3504-018-001;20221201;44524491;Unknown;P-00929
Aaron;Lucas;11/30/54;5GE9F26FG13;Northwind Health;H5040-003;20231201;44524491;Approved;P-00930
Michael;Carey;11/02/56;2WA0J86RR02;Northwind Health;H5040-018-001;20251001;1884412;Approved;P-00931
Gregory;Carey;04/20/60;9JW0PW2RY29;Summit Health Plans;H5371-006-002;20260501;1884412;Approved;P-00932
Lisa;Lee;10/23/47;7DV5E88QG67;Bluepeak;S2489-001;20220701;94702683;Approved;P-00934
Andrea;Snyder;12/29/38;3T39DV7NA67;Cardinal Mutual;H8668-025;20240801;43339391;Approved;P-00935
Heather;Braun;03/01/42;4W24P17GA26;Harborline;H2796-020;20240101;32244663;Approved;P-00937
Amanda;Braun;06/19/46;3NN3YK6AT42;Summit Health Plans;S5808-025;20250201;32244663;Approved;P-00939
Michael;Owens;12/01/42;8KW5Y79MQ41;Bluepeak;S1771-004;20240901;13981052;Approved;P-00940
Lindsey;Beard;01/01/35;9AK4NA9GV60;Bluepeak;H4593-006;20230901;13981052;Approved;P-00941
Christopher;Riley;09/24/53;6AC0HC5QQ19;Summit Health Plans;H9797-030;20260201;54100814;Approved;P-00945
Kenneth;Hansen;02/22/51;8A01VU2RC01;Bluepeak;H4593-002;20250501;5265799;Approved;P-00946
Patrick;Hansen;07/26/50;6RW6PG4CQ22;Harborline;R7916-005;20220801;5265799;Disenrolled;P-00947
Patrick;Hansen;07/26/50;6RW6PG4CQ22;Bluepeak;H4593-004;20250401;5265799;Approved;P-00948
Timothy;Kelly;10/30/87;2UJ2TU2RK88;Summit Health Plans;H5371-018;20251101;61291817;Approved;P-00952
Christine;Kelly;04/07/39;2QE8NU5YD71;Harborline;H2796-012;20220401;61291817;Approved;P-00953
Dylan;Rowe;04/02/54;5E67EP9MX73;Harborline;R3621-016-002;20230501;29898923;Approved;P-00954
James;Davidson;08/27/35;3R90VU8WG81;Bluepeak;S1771-006-002;20231101;94702683;Approved;P-00956
Nancy;Murphy;12/05/47;7FX9XK6RK50;Summit Health Plans;R6573-023;20250401;99847493;Approved;P-00959
Justin;Gonzalez;10/24/35;3W95UN9PV28;Northwind Health;R5304015-001;20251201;97102525;Approved;P-00961
Jeffery;Gonzalez;08/25/40;;Northwind Health;H5040-014;20260401;97102525;Approved;P-00962
Matthew;Dyer;01/04/54;9E41XJ9UW14;Summit Health Plans;H9797-024;20231001;90949389;Approved;P-00963
Norma;Schmitt;04/23/40;7CX0VN8EV10;Harborline;H3504-007;20230701;74197857;Approved;P-00968
Alicia;White;09/01/41;7DP4T13DN66;Summit Health Plans;S5808-012;20230401;78490893;Approved;P-00971
Ronald;Robinson;01/14/34;1GW9R46RA53;Bluepeak;H3266-003-002;20230701;5265799;Approved;P-00972
Matthew;Hunt;11/11/49;5R64CP1CH88;Bluepeak;S1771-007-002;20220101;74197857;Approved;P-00974
Shannon;Hunt;11/11/49;2V49JX5HA96;Cardinal Mutual;H7252-019;20250101;74197857;Disenrolled;P-00975
Shannon;Hunt;11/11/49;2V49JX5HA96;Meridian Care;H8433-020;20260101;74197857;Approved;P-00976
Christian;Payne;07/24/46;4A06WW1EQ40;Harborline;H2796-017;20230101;6831819;Approved;P-00977
Melissa;Taylor;05/09/46;2J20YA9EP38;Northwind Health;H9830-005;20250501;61855700;Disenrolled;P-00978
Melissa;Taylor;05/09/46;2J20YA9EP38;Harborline;H2796-021;20260501;61855700;Approved;P-00979
Angela;Matthews;05/17/60;8X64EX3GK53;Meridian Care;S3927-004;20260201;37231783;Approved;P-00981
Mary;Smith;09/13/59;7E26HC7AF86;Meridian Care;H3591-002-001;20251201;61291817;Approved;P-00984
Bryce;Fry;12/07/42;8YN0CE7JF59;Northwind Health;H5040-007-002;20220101;78490893;Approved;P-00985
Robert;Anderson;12/25/54;8KM3RC2JM42;Harborline;S2040-011;20221201;6831819;Approved;P-00989
Briana;Crosby;02/02/68;3R05NE3FU61;Summit Health Plans;H9797-022;20250601;29898923;Approved;P-00990
Wayne;Crosby;04/05/43;2EX1N98XD26;Cardinal Mutual;H8668-009;20241101;29898923;Approved;P-00991
Christopher;Williams;01/19/60;5AV3T68DX19;Cardinal Mutual;S1188-003-003;20250301;90949389;Approved;P-00992
Monica;Allen;06/20/34;3H55JK8KV64;Summit Health Plans;H5371-011-003;20240501;99847493;Disenrolled;P-00993
Monica;Allen;06/20/34;3H55JK8KV64;Bluepeak;H4593-006;20250501;99847493;Approved;P-00994
William;King;06/12/54;9VQ3M36TJ91;Northwind Health;S7543-004-003;20250401;54100814;Approved;P-00995
Diane;Miller;06/03/34;8X18X37YC60;Meridian Care;H3591-028;20241101;4356886;Approved;P-00996
Jennifer;Thompson;01/11/42;7E81JT1EV15;Meridian Care;S3927-023;20220601;29898923;Approved;P-00997
Sheila;Weaver;10/01/51;3CV5V81UK52;Bluepeak;H4593-014;20240601;74197857;Approved;P-01002
David;Weaver;09/23/46;2WF8NE8ER12;Meridian Care;S3927-004-003;20260301;74197857;Approved;P-01004
Miguel;Santos;08/19/59;3TD0D32HF96;Harborline;S7304-018;20241101;37231783;Approved;P-01006
Teresa;Gregory;03/19/51;6JA5U33MU24;Harborline;S7304-003;20230401;13981052;Approved;P-01008
Janet;Gordon;06/30/39;9Q76Q95QF24;Summit Health Plans;S8123-028;20220501;97102525;Approved;P-01009
Edward;Phillips;11/08/58;7E58MV9UM22;Harborline;S7304-029-003;20240701;37231783;Approved;P-01011
Keith;Wong;11/22/37;9DV2TJ0RJ43;Meridian Care;R1053-024;20231001;43339391;Approved;P-01014
Cathy;Ball;09/22/36;2CG1G65MH41;Meridian Care;H3591-023-001;20260401;29898923;Approved;P-01015
Marie;Watkins;03/18/44;3C23EY7WX99;Northwind Health;H5040-001;20220401;37231783;Approved;P-01016
Barbara;Turner;11/02/45;2Q82P19CV41;Meridian Care;H8433-027;20250201;5265799;Approved;P-01017
Tammy;Turner;06/18/58;3EA7GW8TV07;Cardinal Mutual;R9669-015;20240301;5265799;Approved;P-01018
Sandra;Blake;01/27/52;8RW1AG4WA85;Summit Health Plans;H5371-022-003;20231101;33857966;Disenrolled;P-01020
Sandra;Blake;01/27/52;8RW1AG4WA85;Bluepeak;H4593-006;20260101;33857966;Approved;P-01021
Brooke;Blake;12/24/71;7UA6T15DR91;Harborline;H2796-027-001;20230401;33857966;Approved;P-01022
Derrick;Jones;11/03/33;3M73EY8JX24;Harborline;H2796-010-001;20241101;78490893;Approved;P-01023
Micheal;Reid;09/23/50;7K42UV9RE57;Summit Health Plans;H9797-005;20230401;94702683;Approved;P-01026
Deanna;Terry;01/15/45;3Q70YT2JQ02;Harborline;H3504-025;20230701;32244663;Approved;P-01027
Ronald;Martin;10/26/44;5JV0G87MD48;Meridian Care;H8433-002;20230901;78490893;Approved;P-01030
Raymond;Conrad;02/13/54;5CT6RK2AT63;Northwind Health;H5040-024;20221001;6831819;Disenrolled;P-01031
Raymond;Conrad;02/13/54;5CT6RK2AT63;Summit Health Plans;H5371-020;20260401;6831819;Approved;P-01032
Hunter;Gonzalez;01/08/44;1N45JK0PA89;Bluepeak;H4593-029-002;20260201;7150444;Approved;P-01033
Stacy;Gonzalez;04/24/60;6RT0UV9TU55;Bluepeak;H4593-008;20250901;7150444;Approved;P-01034
Nicholas;Carter;10/05/58;3UE1D67PU69;Cardinal Mutual;H7252-025;20240201;97102525;Approved;P-01035
Abigail;Bennett;06/04/43;2RX0HX2GA26;Summit Health Plans;S8123-016-002;20250101;10583482;Approved;P-01037
Suzanne;Bennett;02/06/46;2Q93T80NA04;Bluepeak;H4593-009-002;20250201;10583482;Approved;P-01038
Linda;Marks;02/23/44;1Q45KC2PY98;Meridian Care;R1053-005-003;20230901;94702683;Disenrolled;P-01039
Linda;Marks;02/23/44;1Q45KC2PY98;Bluepeak;H4593-029-001;20241201;94702683;Approved;P-01040
Danielle;Smith;05/19/45;8AV8RM0RU56;Bluepeak;H4593-019;20220201;97102525;Approved;P-01043
Molly;Joseph;12/12/42;3PH3HG0GJ51;Bluepeak;H3266-012;20220301;97102525;Approved;P-01044
George;Sanchez;06/08/57;9M23YH3HG43;Summit Health Plans;H9797-012-003;20240801;54100814;Disenrolled;P-01045
George;Sanchez;06/08/57;9M23YH3HG43;Meridian Care;H8433003-002;20251001;54100814;Approved;P-01046
Sheryl;Sanchez;03/14/41;3CE2JU6HD77;Summit Health Plans;H9797-013-001;20230801;54100814;Approved;P-01047
Sandra;Wade;07/26/42;4EU5J36FR47;Bluepeak;H3266-009;20230901;44524491;Approved;P-01048
Christopher;Miller;12/14/59;9KN2KC3GE15;Harborline;H3504-007-001;20250801;77125617;Approved;P-01049
Paul;Lee;02/07/42;3P24FF1VW34;Meridian Care;H3591-019;20250501;5265799;Approved;P-01050
Rodney;Lee;09/10/45;4H83GX9WR51;Summit Health Plans;H5371-014-002;20231101;5265799;Approved;P-01051
Justin;Hernandez;07/06/43;8FQ2A38KQ72;Summit Health Plans;S8123-024;20250701;6831819;Approved;P-01053
Janet;Simpson;01/01/57;7G44TG8RH94;Bluepeak;H4593-008-001;20261101;78490893;Submitted;P-01054
Duane;Carter;05/09/45;2C31XJ3PH89;Bluepeak;S2489-019;20221201;68O1819;Approved;P-01057
Jeffery;Carter;01/05/60;1NQ4QE6CU62;Harborline;H3504-001;20260201;6831819;Approved;P-01058
Meagan;Simmons;02/26/34;4RE0YK4DR42;Meridian Care;S9201-030-002;20230101;94702683;Approved;P-01060
Tracy;Allen;09/15/36;5YM2YC4RD75;Northwind Health;H5040-003;20231001;32244663;Approved;P-01061
David;Evans;12/14/45;5WP3Q62RW90;Meridian Care;S3927-003;20230601;7150444;Approved;P-01065
Austin;York;08/20/46;6RK6TF6JQ81;Meridian Care;H3591-002;20231201;32244663;Disenrolled;P-01069
Austin;York;08/20/46;6RK6TF6JQ81;Cardinal Mutual;H7252-001;20250901;32244663;Approved;P-01070
Tina;York;12/18/33;4PR6CN0JJ74;Summit Health Plans;H5371-016-001;20240401;32244663;Approved;P-01071
Wendy;Bartlett;02/28/55;5DY0VT8VR53;Harborline;R3621-013;20240901;4356886;Approved;P-01072
Erica;Duffy;02/27/43;7TA6QH2CD62;Meridian Care;H3591-025;20250101;33857966;Approved;P-01074
Kristin;Stewart;06/19/50;1WR4YK2QX42;Bluepeak;S2489-029;20220201;74197857;Approved;P-01076
Jeremiah;Melton;02/13/70;3DY5WT3AP49;Harborline;H3504-022;20241001;6831819;Approved;P-01077
Michael;Davis;03/03/57;1Q06K13EN89;Northwind Health;H9830-029;20260401;77125617;Approved;P-01078
Ashley;Davis;04/16/58;1EU0YF6MC70;Northwind Health;H5040-017;20240601;77125617;Approved;P-01079
Gloria;Green;05/03/40;1AT2VV9NX27;Harborline;S2040-014-002;20250501;97102525;Approved;P-01080
Wayne;Lindsey;02/28/55;5KK3N59QG45;Meridian Care;H3591-006;20241001;1884412;Approved;P-01082
Joshua;Lindsey;05/02/56;4RY0XD2JT53;Bluepeak;S1771-019;20220101;1884412;Approved;P-01083
Trevor;Paul;02/26/34;9T55K10JQ48;Northwind Health;H9830-016;20241101;94702683;Disenrolled;P-01085
Trevor;Paul;02/26/34;9T55K10JQ48;Cardinal Mutual;H8668-014;20251201;94702683;Approved;P-01086
Jacqueline;Klein;03/07/44;6XM9U92FC42;Summit Health Plans;H9797-001-002;20250301;94702683;Approved;P-01087
Tyler;Williams;03/22/49;3X99WJ3NW76;Summit Health Plans;S8123-030;20241201;74197857;Approved;P-01089
Ashley;Rojas;11/25/51;9H49DF2QA00;Harborline;H3504-030-003;20220501;5265799;Approved;P-01090
Michael;Rodriguez;12/17/50;1HV9UN2WU20;Summit Health Plans;H5371-027;20250201;54100814;Approved;P-01091
Randall;Perez;02/24/47;9YQ2X68CP68;Northwind Health;S7543-015;20220901;94702683;Approved;P-01094
Randall;Perez;02/24/47;9YQ2X68CP68;Northwind Health;S7543-015;20220901;94702683;Approved;P-01094
Justin;Rodriguez;11/08/39;5UK1GN3DH79;Cardinal Mutual;S2876-007;20230901;90949389;Approved;P-01096
Gabrielle;Smith;06/29/35;5WY0KU6AT86;Harborline;H2796-023;20220901;90949389;Disenrolled;P-01098
Gabrielle;Smith;06/29/35;5WY0KU6AT86;Cardinal Mutual;H7252-026;20241101;90949389;Approved;P-01099
Elijah;Wright;12/02/42;7HK0Y61WP80;Harborline;H2796-011;20231101;77125617;Approved;P-01100
Melissa;Lopez;01/24/40;4A24N84EW40;Bluepeak;R9348-006;20260101;92646676;Approved;P-01101
Alicia;James;09/11/35;9WQ4A17WW02;Bluepeak;R9348-029;20240201;4356886;Disenrolled;P-01102
Alicia;James;09/11/35;9WQ4A17WW02;Summit Health Plans;R6573-011-001;20251201;4356886;Approved;P-01103
John;Dawson;09/04/44;9UC9GC1YY18;Meridian Care;H3591-003;20261101;61291817;Submitted;P-01104
Kevin;Cox;12/19/47;;Harborline;H3504-022;20221001;78490893;Disenrolled;P-01105
Kevin;Cox;12/19/47;;Summit Health Plans;H5371-010;20231101;78490893;Approved;P-01106
Nathan;Rice;08/25/37;5R87QR2RG35;Summit Health Plans;H5371-008;20250901;10583482;Approved;P-01107
Debra;Rice;07/27/60;8AH6VQ0NC63;Cardinal Mutual;H8668-002-001;20250801;10583482;Approved;P-01108
Jason;Rice;11/04/57;2A73XC9EG03;Northwind Health;S6930-006-002;20260401;10583482;Approved;P-01110
James;Mayo;06/28/34;9RC2TP7MN44;Summit Health Plans;S8123-023-003;20250501;11576383;Approved;P-01112
Jennifer;Mayo;11/14/59;7P05VH4MN66;Bluepeak;R9085-005;20250501;11576383;Approved;P-01113
Bradley;Mayo;10/08/49;7E56FM8RA70;Cardinal Mutual;S2876-026-001;20230701;11576383;Approved;P-01115
Stephanie;Mills;06/06/68;2NR0PV7XC52;Northwind Health;H9830-015-002;20221201;11576383;Disenrolled;P-01116
Stephanie;Mills;06/06/68;2NR0PV7XC52;Bluepeak;H3266-007;20240801;11576383;Approved;P-01117
Amanda;Simpson;12/22/54;8K08TQ8AP70;Meridian Care;H3591-018;20221201;54100814;Unknown;P-01120
Amanda;Simpson;12/22/54;8K08TQ8AP70;Northwind Health;H5040-001;20240701;54100814;Approved;P-01121
Heather;Robinson;01/30/36;4X76MK0GW25;Bluepeak;H3266-013;20230401;61855700;Disenrolled;P-01122
Heather;Robinson;01/30/36;4X76MK0GW25;Harborline;H2796-020-002;20260401;61855700;Approved;P-01123
Nicole;Hernandez;05/26/57;4J42VK4FH47;Meridian Care;S9201-029-003;20261101;54100814;Unknown;P-01124
Dennis;Baker;02/17/59;2HW3EA0QM33;Bluepeak;H3266-021;20251201;6831819;Approved;P-01125
Crystal;Nguyen;06/02/93;6GY8MF4DC74;Bluepeak;H3266-016-003;20251101;1884412;Approved;P-01127
Frank;Holland;05/18/46;4EV3X29UX84;Northwind Health;S7543-019;20250301;7150444;Approved;P-01131
Karen;Taylor;05/03/47;4XK6EF1GW98;Meridian Care;H3591-011;20260401;4356886;Approved;P-01132
Sheena;Adams;10/09/46;9MU4G62NQ78;Cardinal Mutual;H7252-030;20250901;6831819;Approved;P-01133
Eric;Rivera;08/28/51;2H24X05QM79;Summit Health Plans;S8123-017;20250301;90949389;Approved;P-01135
Rhonda;Thomas;05/31/43;7EC8CX2RD66;Northwind Health;S6930-024;20220901;37231783;Approved;P-01137
Vicki;Vasquez;04/01/36;3KU6KA0CQ87;Summit Health Plans;H9797-010;20231001;7150444;Approved;P-01138
Carol;Moreno;04/30/52;;Bluepeak;H4593-024;20240901;74197857;Approved;P-01139
Peter;Flores;07/15/50;3C55CW9WJ09;Northwind Health;H5040-019-003;20230601;94702683;Disenrolled;P-01140
Peter;Flores;07/15/50;3C55CW9WJ09;Bluepeak;R9085-028;20260501;94702683;Approved;P-01141
Jennifer;Flores;12/22/55;7YK8AM5CT35;Cardinal Mutual;H7252-019-003;20260101;94702683;Approved;P-01142
Dana;Guzman;12/25/33;7AG9KK2CJ15;Harborline;H3504-007-001;20241001;33857966;Unknown;P-01143
Dana;Guzman;12/25/33;7AG9KK2CJ15;Northwind Health;H9830-022-003;20251201;33857966;Approved;P-01144
Alison;Espinoza;04/21/39;5EX6GJ3GR05;Meridian Care;R1053-015;20241201;61291817;Disenrolled;P-01147
Alison;Espinoza;04/21/39;5EX6GJ3GR05;Cardinal Mutual;H7252-004;20260301;61291817;Approved;P-01148
Kimberly;Espinoza;06/14/42;2V91TW8FM26;Harborline;H3504-020;20260501;61291817;Approved;P-01149
Brian;Mccall;02/02/40;1F82JU9CC65;Harborline;S7304-026;20260501;7150444;Approved;P-01151
Michael;Mccall;02/17/40;4XV1WW9CT37;Northwind Health;H9830-016;20240901;7150444;Approved;P-01152
Anthony;Bennett;12/25/47;9TR3VA2AU61;Bluepeak;R9348-006;20221001;33857966;Approved;P-01153
Mariah;Smith;12/29/34;2V42A07AQ69;Northwind Health;H5040-008;20220301;4356886;Approved;P-01154
Karen;Johnson;01/14/36;8CJ5CR7NT89;Summit Health Plans;H9797-011;20240301;33857966;Unknown;P-01155
Karen;Johnson;01/14/36;8CJ5CR7NT89;Cardinal Mutual;H8668-008;20260401;33857966;Approved;P-01156
Tiffany;Boyd;04/22/39;6F01VU9YJ84;Harborline;S2040-004;20251001;43339391;Approved;P-01158
Dawn;Edwards;04/19/40;8EN6WY1CX77;Cardinal Mutual;H7252-021-001;20250401;13981052;Approved;P-01159
Alex;Lewis;05/04/42;4R36M60DR32;Harborline;S2040-028;20250401;11576383;Approved;P-01161
Alex;Lewis;05/04/42;4R36M60DR32;Harborline;S2040-028;20250401;11576383;Approved;P-01161
Michael;Smith;02/19/39;9H20FX1NW54;Bluepeak;H4593-013-002;20250601;61855700;Approved;P-01162
Justin;Smith;05/28/43;1T93MM6UK62;Northwind Health;S6930-018;20251101;61855700;Withdrawn;P-01163
Laura;Johnson;09/30/44;3DV1QX8DM13;Meridian Care;H3591-023;20230801;44524491;Disenrolled;P-01164
Laura;Johnson;09/30/44;3DV1QX8DM13;Summit Health Plans;H5371-010;20250401;44524491;Approved;P-01165
Denise;Chandler;06/20/51;6AX9Q22EW36;Cardinal Mutual;H8668-014;20240101;33857966;Disenrolled;P-01166
Denise;Chandler;06/20/51;6AX9Q22EW36;Northwind Health;H9830-030-002;20260301;33857966;Approved;P-01167
Alexis;Davis;05/17/53;4TR8J86UP90;Cardinal Mutual;S2876-009;20220701;99847493;Approved;P-01169
Stephanie;Kirk;12/15/57;7Y05PX2GU76;Northwind Health;H5040-007;20240501;99847493;Approved;P-01171
Jeffrey;Nash;05/16/35;7UF2W98JX04;Bluepeak;H3266-013-002;20240701;97102525;Approved;P-01172
Morgan;Nash;06/22/42;5XT8VT9NH12;Northwind Health;H9830-008-002;20250901;97102525;Approved;P-01173
Caleb;Morales;09/01/59;8JD4HX1ND14;Cardinal Mutual;S2876-006;20250401;7150444;Approved;P-01174
Kristine;Brown;12/09/46;5G23AQ0CG30;Bluepeak;H3266-021;20261101;61855700;Submitted;P-01177
Alicia;Savage;07/15/35;1EN1KN9XF01;Cardinal Mutual;H7252-005-003;20240201;43339391;Approved;P-01178
Alejandro;Price;03/25/59;2Y40DE3KW43;Summit Health Plans;H9797-012-003;20241101;29898923;Approved;P-01179
Krista;Price;06/14/57;5N66MN2HM28;Harborline;S2040-006;20240801;29898923;Approved;P-01181
Tara;Wilson;05/28/49;8JK9W05GY73;Cardinal Mutual;H7252-013;20231101;7150444;Approved;P-01182
Javier;Burke;05/28/47;7RM1KU5JJ69;Harborline;H3504-030;20231201;33857966;Disenrolled;P-01183
Javier;Burke;05/28/47;7RM1KU5JJ69;Cardinal Mutual;H8668-005;20250501;33857966;Approved;P-01184
Michael;Gutierrez;01/23/48;8DG7RH8JN43;Harborline;S7304-017;20250701;10583482;Approved;P-01185
Jacqueline;Walters;12/16/48;9DR1P73VD16;Meridian Care;H3591016-001;20240901;4356886;Disenrolled;P-01186
Jacqueline;Walters;12/16/48;9DR1P73VD16;Bluepeak;H4593-025-003;20251201;4356886;Approved;P-01187
Elizabeth;Shaffer;05/14/37;2MQ3X44TQ25;Harborline;H2796-013;20250601;10583482;Approved;P-01188
John;Haney;10/22/45;9JH5JY1CE61;Harborline;R3621-019-002;20221101;97102525;Approved;P-01190
David;Mckinney;01/31/54;4KW1MC9WK10;Cardinal Mutual;S1188-004-002;20220501;99847493;Approved;P-01192
Brittney;Fuller;07/16/59;7R91Q98CD99;Bluepeak;H3266-017-001;20240901;33857966;Approved;P-01193
Jacob;Strickland;12/16/44;;Cardinal Mutual;H7252-019-001;20260301;29898923;Approved;P-01194
Daniel;Camacho;10/31/42;3WT4NF7DY36;Summit Health Plans;S8123-010;20240701;1884412;Approved;P-01195
Sara;Camacho;09/12/58;2QE9MG3FE54;Northwind Health;H5040-011-002;20240101;1884412;Approved;P-01196
Robert;Pope;04/12/49;8M81AF5MU17;Summit Health Plans;R2827-017;20250201;43339391;Approved;P-01197
Matthew;Wilson;12/03/56;8P16HP5VM22;Meridian Care;H8433-013;20240501;78490893;Approved;P-01198
Rachel;Robinson;07/01/47;9T41AA6RW90;Harborline;H2796-001;20250801;78490893;Approved;P-01200
Lisa;Owens;07/01/56;1WK7N72VH59;Summit Health Plans;H9797-002-002;20250201;61291817;Approved;P-01201
Tony;Mckay;05/28/57;6HN7FG8XF06;Northwind Health;H5040-020;20231201;29898923;Approved;P-01202
Johnny;Rubio;10/02/50;6F58E94MU86;Cardinal Mutual;H7252-018;20260401;4356886;Approved;P-01203
Dustin;Watson;11/07/42;8WX1FE3YT43;Meridian Care;H3591-011;20260501;44524491;Approved;P-01204
Ann;Robinson;05/12/36;1RY6X00MP28;Summit Health Plans;H5371-003;20261101;11576383;Submitted;P-01205
David;Fisher;02/16/49;8RD3R18DM98;Bluepeak;S2489-016-002;20220401;6831819;Approved;P-01207
Victoria;Taylor;09/17/42;7AG4GP7CJ33;Bluepeak;R9085-012;20250701;37231783;Approved;P-01210
Latasha;Watts;11/27/55;2TG1UM2YF20;Northwind Health;H5040-029;20230801;6831819;Approved;P-01211
Tracy;Woods;03/13/60;6CH1JX2VC48;Harborline;H3504-004-001;20260401;33857966;Approved;P-01212
Juan;Woods;06/15/53;8DY0AC0GX56;Cardinal Mutual;H8668-023-002;20220701;33857966;Approved;P-01213
Paul;Mcdonald;02/14/60;3JA4P33FJ16;Meridian Care;H3591-010;20260101;77125617;Approved;P-01214
John;Mcgee;03/01/34;3WD5UW0RD90;Bluepeak;H3266-016;20221001;6831819;Disenrolled;P-01217
John;Mcgee;03/01/34;3WD5UW0RD90;Summit Health Plans;H5371-021;20240601;6831819;Approved;P-01218
Brian;Romero;08/26/56;5VP6J97DD42;Harborline;H2796-015-001;20250301;94702683;Approved;P-01219
Joseph;Romero;07/17/38;3KR5Y18QQ93;Cardinal Mutual;H7252-016;20220901;94702683;Approved;P-01220
Debbie;Maldonado;01/06/54;5A66PG6QM26;Bluepeak;S1771-003;20240501;43339391;Approved;P-01221
Susan;Maldonado;04/08/48;4U65QN6YU64;Summit Health Plans;H9797-006;20241001;43339391;Disenrolled;P-01222
Susan;Maldonado;04/08/48;4U65QN6YU64;Meridian Care;H3591-001;20260501;43339391;Approved;P-01223
Philip;Sullivan;08/06/50;7F47R27GY35;Northwind Health;R5304-009;20250901;6831819;Approved;P-01224
Clinton;Gross;06/28/60;8TW0M95UX72;Northwind Health;H5040-015-003;20251201;74197857;Approved;P-01225
Wesley;Gross;05/05/58;3JH7F20XK51;Cardinal Mutual;H8668-001;20250701;74197857;Approved;P-01226
Terri;Smith;07/16/56;1VM8KF6KW33;Bluepeak;S1771-022;20260101;44524491;Approved;P-01227
Veronica;Bradley;03/20/54;5Y94R89FA85;Harborline;S2040-009;20240301;97102525;Approved;P-01229
Donald;Hopkins;05/31/52;9ND3NH8EK83;Harborline;H2796-007;20240701;90949389;Approved;P-01231
Mark;Bailey;02/13/34;1F87EQ9VW37;Northwind Health;H9830-014-002;20250901;5265799;Approved;P-01232
Brianna;Bailey;03/18/34;9H13GR1UC50;Summit Health Plans;H5371-012;20231001;5265799;Approved;P-01233
Gina;Porter;06/01/49;9GM2QQ2ET75;Northwind Health;H9830-030;20241201;33857966;Approved;P-01234
Steven;Porter;09/29/52;9NH2TG7QR98;Harborline;H2796-006;20230301;33857966;Disenrolled;P-01235
Steven;Porter;09/29/52;9NH2TG7QR98;Meridian Care;H8433-004;20241101;33857966;Approved;P-01236
Justin;Williams;09/27/37;3S57UT1EV42;Bluepeak;S2489-001;20230901;32244663;Approved;P-01238
Brittany;Williams;08/25/54;5FH4MU3CP77;Summit Health Plans;H5371-004;20240701;32244663;Disenrolled;P-01239
Brittany;Williams;08/25/54;5FH4MU3CP77;Meridian Care;H8433-013;20250801;32244663;Approved;P-01240
Kayla;Ortega;03/28/41;5F16PH7YH22;Northwind Health;R5304-020-002;20261101;99847493;Unknown;P-01241
Eric;Ortega;10/23/65;2NU9ED5CE01;Cardinal Mutual;H7252-013-001;20240201;99847493;Approved;P-01242
John;Fitzpatrick;06/19/41;9HP7DY2EM96;Northwind Health;H9830-021;20240701;77125617;Disenrolled;P-01243
John;Fitzpatrick;06/19/41;9HP7DY2EM96;Cardinal Mutual;H7252-029;20260401;77125617;Approved;P-01244
Erika;Fitzpatrick;02/27/47;3MQ8NK9GU24;Northwind Health;H5040-001;20220101;77125617;Approved;P-01245
Kevin;Gonzalez;05/11/50;2Q03C83JN63;Summit Health Plans;H9797-030;20240101;74197857;Approved;P-01246
Steven;Ali;04/13/58;3Y10Y33CK37;Cardinal Mutual;S2876-006-002;20250701;10583482;Approved;P-01248
Karina;Cunningham;10/21/82;7U93YT9VM21;Northwind Health;H5040-016-002;20241201;1884412;Approved;P-01250
David;Lin;08/12/38;3VW3R93RW85;Northwind Health;S6930-029;20220201;44524491;Approved;P-01251
Brenda;Lin;02/22/47;9AX3T06DQ52;Summit Health Plans;R6573-015;20221201;44524491;Approved;P-01252
Linda;Ball;03/26/43;2ME7E86NU89;Summit Health Plans;H9797-019;20230101;94702683;Approved;P-01254
Daisy;Reynolds;11/15/58;3XH0EE2NA18;Meridian Care;H3591-019;20241201;77125617;Approved;P-01256
Heidi;Myers;08/02/54;1A57HA2KG66;Harborline;S7304-001-003;20220901;11576383;Approved;P-01258
Debra;Johnson;10/19/46;7W87HP4KP34;Meridian Care;S3927-012;20231001;44524491;Approved;P-01260
Stephen;Rios;07/15/53;8UP8UA8YM32;Meridian Care;H3591-022;20260201;90949389;Approved;P-01262
Donna;Hunter;04/28/60;1YG8KQ7GA07;Harborline;H2796-019;20250801;94702683;Approved;P-01263
Jonathon;Hunter;07/21/45;6AJ8AD6FN85;Harborline;S2040-010-001;20220801;94702683;Approved;P-01264
Jesse;Morris;11/30/45;4J47Y75HD11;Bluepeak;H3266-028;20221001;10583482;Approved;P-01265
Kelsey;Morris;07/17/52;7G55E20VP73;Bluepeak;H3266-012;20241001;10583482;Approved;P-01266
Samantha;Morris;02/24/36;4NE1U14PP53;Cardinal Mutual;S1188-014;20250901;10583482;Approved;P-01268
Manuel;Mclean;02/27/49;7K81G46AV48;Summit Health Plans;H9797-019;20220801;32244663;Approved;P-01269
Andrew;Miller;11/19/80;7UC4NC5YX82;Bluepeak;H4593-009;20220901;33857966;Disenrolled;P-01270
Andrew;Miller;11/19/80;7UC4NC5YX82;Meridian Care;H3591-010;20251101;33857966;Approved;P-01271
Susan;Miller;07/19/59;7MP0FW2JE34;Cardinal Mutual;H8668-013;20241201;33857966;Withdrawn;P-01272
Thomas;Hudson;05/22/40;4MJ6YP3DC29;Cardinal Mutual;H7252-011;20240701;37231783;Approved;P-01273
Michael;Hudson;02/04/39;8H72VE6FY10;Summit Health Plans;H9797-006-003;20251101;37231783;Approved;P-01274
Larry;Carr;03/24/56;1A52AF6VJ87;Northwind Health;H9830-021;20241201;32244663;Unknown;P-01276
Larry;Carr;03/24/56;1A52AF6VJ87;Harborline;R7916-015;20260401;32244663;Approved;P-01277
Kathy;Cook;05/15/52;6M01W22JR88;Northwind Health;H5040-015;20220701;44524491;Disenrolled;P-01278
Kathy;Cook;05/15/52;6M01W22JR88;Bluepeak;H3266-013-001;20230901;44524491;Approved;P-01279
Cheyenne;George;06/03/49;4B86VE6JR03;Summit Health Plans;H5371-008;20241101;13981052;Approved;P-01280
Kimberly;Woods;07/27/49;2CU0TE6JK85;Northwind Health;S6930-004;20260301;32244663;Approved;P-01281
Nancy;Woods;12/06/88;5PK5RY7FY65;Northwind Health;R8019-003-002;20231001;32244663;Approved;P-01282
Heather;Cannon;05/31/47;3Q46TW3AP57;Cardinal Mutual;H8668-024-003;20230201;54100814;Approved;P-01283
Brianna;Hall;08/27/48;7GU6H33AM11;Cardinal Mutual;H8668-006;20260401;97102525;Approved;P-01284
Julie;Hall;03/22/76;9U90HQ8WJ00;Bluepeak;S2489-013;20230601;97102525;Approved;P-01287
David;Bolton;09/02/45;5DC4CQ2XE18;Bluepeak;H3266-016;20240501;11576383;Approved;P-01288
John;Melton;11/03/47;6TV9V04XU49;Cardinal Mutual;R5119-006;20250401;4356886;Approved;P-01289
Judy;Hall;08/14/37;2AR1UH5RJ16;Northwind Health;H9830-027;20230101;5265799;Approved;P-01290
Patrick;Ramirez;01/15/43;4V79X89CQ82;Northwind Health;H5040-016;20250901;54100814;Approved;P-01291
Donna;Keller;05/30/59;6MP8NV3NR39;Summit Health Plans;S5808-005;20251201;11576383;Approved;P-01293
Christy;Swanson;08/08/50;3NW1K67RG12;Bluepeak;H4593-023;20251001;54100814;Withdrawn;P-01294
Michelle;Swanson;04/01/50;9KN3EN6HC93;Summit Health Plans;H5371-025;20220101;54100814;Disenrolled;P-01295
Michelle;Swanson;04/01/50;9KN3EN6HC93;Meridian Care;H8433-012;20250701;54100814;Approved;P-01296
Victoria;Mcdonald;10/07/54;4N01RQ8DD33;Cardinal Mutual;H8668-001;20250401;1884412;Approved;P-01297
Kimberly;Hopkins;04/27/50;5MK2M48KF02;Harborline;H3504-001;20250901;5265799;Approved;P-01299
Megan;Castillo;08/29/38;3M65D19CV26;Meridian Care;H8433-013-001;20220501;37231783;Approved;P-01302
Jeffery;Castillo;09/13/55;7RX6YG2XP33;Cardinal Mutual;H7252-027;20241101;37231783;Approved;P-01303
Misty;Hill;05/04/56;3V33KR3HM88;Bluepeak;H3266-004-002;20250301;61291817;Approved;P-01304
Jeremy;Tran;07/04/51;3QY2WN5AT43;Northwind Health;R5304-025;20231001;37231783;Approved;P-01305
Stephanie;Tran;05/15/41;4XR9RM5HN91;Cardinal Mutual;H7252-026-002;20240701;37231783;Approved;P-01306
Rhonda;Conrad;11/07/37;7XC1KY7DD03;Summit Health Plans;S8123-027;20260401;33857966;Approved;P-01310
Logan;Meyer;01/26/51;5G58RD7WX25;Harborline;H3504-002;20240501;44524491;Disenrolled;P-01313
Logan;Meyer;01/26/51;5G58RD7WX25;Meridian Care;H8433-014;20250601;44524491;Approved;P-01314
Denise;Melendez;08/22/36;7YN1Y03AM85;Meridian Care;H8433-025;20221001;61291817;Approved;P-01317
Lee;Mitchell;05/25/54;5QV9Q33JE81;Bluepeak;S1771-003;20250801;78490893;Approved;P-01319
Christopher;Mitchell;02/15/57;8T86G16FQ36;Summit Health Plans;H5371-027;20240701;78490893;Approved;P-01320
Heidi;Anderson;09/20/56;2MY7PH4DD57;Bluepeak;H4593-026-003;20261101;94702683;Submitted;P-01322
;;;;Meridian Care;S9201-028;20230101;33857966;Approved;P-01324
Samuel;Gray;10/27/35;2Y29VX9QN11;Northwind Health;H9830-026;20241201;4356886;Approved;P-01325
Christina;Andrews;11/07/43;1K37XR6QW29;Meridian Care;S3927-001;20220201;74197857;Approved;P-01327
William;Arnold;04/03/59;9QQ0MU4TJ38;Northwind Health;H9830-006;20251101;43339391;Approved;P-01329
Sean;Simmons;10/22/36;9U03PD8RR47;Harborline;S2040-030-001;20240701;13981052;Approved;P-01330
Michael;Wilson;04/22/47;4Y98WP2EU89;Harborline;R3621-026;20230901;43339391;Approved;P-01331
Charles;Powers;03/23/57;3HW3EX3MW91;Meridian Care;H3591-018;20250301;77125617;Approved;P-01332
Hailey;Powers;05/22/52;3M92E29PX73;Meridian Care;H8433-005-003;20220401;77125617;Disenrolled;P-01333
Hailey;Powers;05/22/52;3M92E29PX73;Harborline;H3504-024;20260501;77125617;Approved;P-01334
Jeffrey;Wiggins;08/30/59;1MM0TT8DE09;Harborline;S7304-011;20251001;94702683;Approved;P-01336
Carlos;Smith;06/29/35;;Northwind Health;H9830-021;20250401;94702683;Disenrolled;P-01337
Carlos;Smith;06/29/35;;Meridian Care;H3591-006-003;20260401;94702683;Approved;P-01338
Stephanie;Moreno;09/16/56;8X51AA5XJ25;Bluepeak;H3266-002;20240801;11576383;Approved;P-01340
Roger;Wright;11/20/49;4WT1FY5DM52;Northwind Health;H5040-023;20251001;1884412;Approved;P-01341
Joseph;Johnson;06/30/55;6M87KT6YN09;Harborline;S7304-014;20220201;78490893;Approved;P-01343
Joseph;Gaines;07/25/47;9V98T36PR99;Northwind Health;S6930-021;20230401;61291817;Approved;P-01345
Jennifer;Smith;05/23/37;6JW2XM4DX14;Summit Health Plans;H9797-010;20240601;74197857;Approved;P-01347
Leah;Smith;03/06/58;6JF6UA8KV86;Meridian Care;H8433-013;20260101;74197857;Approved;P-01348
Mary;Galloway;01/05/55;2VH2JP3CR88;Cardinal Mutual;H8668-016;20231001;33857966;Approved;P-01349
Justin;Williams;05/11/37;8NF1JP3DU55;Meridian Care;H3591-030;20250801;90949389;Approved;P-01350
Andrew;Williams;05/13/46;5VQ2RT5EE99;Cardinal Mutual;H8668-020;20240801;66419307;Approved;P-01351
Julia;Smith;06/02/47;4P38GC1QH01;Meridian Care;S3927-021;20260101;74197857;Approved;P-01352
Tanya;Garcia;10/28/35;1X08KR0DV04;Bluepeak;H4593-003;20220101;1884412;Withdrawn;P-01353
Barbara;Garcia;03/11/44;2PN4KR0PJ92;Northwind Health;R8019-028;20240201;1884412;Approved;P-01354
Shaun;Klein;05/01/38;3V65RT2VP02;Harborline;H2796-018;20220601;44524491;Approved;P-01355
Ann;Miller;05/21/47;;Northwind Health;H5040-022;20260201;32244663;Approved;P-01356
Larry;King;10/21/39;3NH1R94YW28;Meridian Care;H8433-009;20230401;5265799;Disenrolled;P-01357
Larry;King;10/21/39;3NH1R94YW28;Cardinal Mutual;H8668-019;20250801;5265799;Approved;P-01358
Matthew;King;05/20/41;5J46WU7EN69;Bluepeak;H3266-025;20221201;5265799;Approved;P-01359
Joe;Chung;02/06/44;1EE5KT7JM94;Northwind Health;H9830-005;20230401;78490893;Disenrolled;P-01360
Joe;Chung;02/06/44;1EE5KT7JM94;Cardinal Mutual;H8668-013;20260101;78490893;Approved;P-01361
Samuel;Martin;11/03/49;6FJ2WP5PW09;Harborline;H3504-027;20260301;6831819;Approved;P-01362
Wendy;Wilson;08/02/40;5TA4AT1KQ97;Meridian Care;H8433-024-002;20250501;5265799;Approved;P-01363
Sara;Mayer;10/03/43;6QC1TA3YQ10;Cardinal Mutual;S1188-015-001;20220501;5265799;Approved;P-01365
Amanda;Benson;04/24/44;3E35X53WX67;Meridian Care;H3591-026;20240201;33857966;Approved;P-01366
Mark;Benson;04/02/37;1TF2WW3KD33;Bluepeak;R9348-002-002;20231101;33857966;Disenrolled;P-01367
Mark;Benson;04/02/37;1TF2WW3KD33;Cardinal Mutual;H8668-020;20250201;33857966;Approved;P-01368
Joshua;Reilly;08/30/36;4A10T13PR58;Bluepeak;S2489-017;20260501;43339391;Approved;P-01369
Curtis;Baker;08/28/35;9QR9ED2FH21;Meridian Care;H3591-026;20230501;97102525;Approved;P-01370
Marcus;Baxter;11/19/49;8K04Q95HG55;Harborline;S2040-017;20230601;33857966;Withdrawn;P-01371
Jasmin;Schroeder;10/16/59;9WE9HT6VM18;Cardinal Mutual;H7252006-003;20250701;43339391;Approved;P-01372
Angela;Jennings;08/06/57;4BA3AV7QM77;Meridian Care;R5315-014-002;20221101;43339391;Approved;P-01373
Arthur;Lawson;03/16/44;3Q74N56KY67;Northwind Health;S6930-023;20230801;90949389;Approved;P-01377
Benjamin;Aguirre;01/26/36;2YT0EW1PW91;Cardinal Mutual;S1188-015;20230101;78490893;Approved;P-01379
Michaela;Edwards;07/23/37;1FG1RX0WV75;Harborline;S2040-007;20260301;6831819;Approved;P-01381
Steven;Wilson;08/21/37;2F98JH1XN58;Summit Health Plans;H9797-030;20250501;78490893;Approved;P-01383
Brian;Anderson;12/05/37;4D07JC3JG49;Meridian Care;H8433-029;20240301;99847493;Unknown;P-01387
Brian;Anderson;12/05/37;4D07JC3JG49;Northwind Health;H9830-029;20260201;99847493;Withdrawn;P-01388
Michael;Kelly;03/17/47;5GU0TY9PX47;Northwind Health;H9830-013-002;20240301;13981052;Disenrolled;P-01389
Michael;Kelly;03/17/47;5GU0TY9PX47;Cardinal Mutual;H8668-014;20260401;13981052;Approved;P-01390
Maria;Gordon;05/03/52;1HX0YV4QV56;Cardinal Mutual;R9669-030;20220101;90949389;Disenrolled;P-01391
Maria;Gordon;05/03/52;1HX0YV4QV56;Summit Health Plans;H5371-026-001;20250401;90949389;Approved;P-01392
Rachel;Barrett;06/18/40;7FQ3UT9GT11;Cardinal Mutual;H7252-005;20220401;37231783;Approved;P-01393
Marcus;Barrett;09/15/37;3MH2JH3CF39;Harborline;H3504-027;20250201;37231783;Disenrolled;P-01394
Marcus;Barrett;09/15/37;3MH2JH3CF39;Summit Health Plans;R2827-023;20260301;37231783;Approved;P-01395
Amy;Martin;07/22/50;9NJ7CC6KK88;Harborline;H3504-008;20231001;78490893;Approved;P-01396
Timothy;Burke;09/28/44;7ZF5N50UW68;Meridian Care;S3927-001;20241001;44524491;Approved;P-01397
Richard;Burke;07/31/55;8C81Y25WQ63;Summit Health Plans;H5371-019;20250201;44524491;Approved;P-01398
Sherri;Sanford;03/30/42;8XQ4ME6AJ32;Summit Health Plans;H9797-011-001;20241101;97102525;Approved;P-01399
James;Sanford;10/16/49;3G30D37PM54;Cardinal Mutual;H7252-022;20220501;97102525;Approved;P-01400
George;Gonzalez;08/12/58;8KK2CJ6CU85;Summit Health Plans;H5371-017-003;20240601;29898923;Unknown;P-01401
George;Gonzalez;08/12/58;8KK2CJ6CU85;Bluepeak;H4593-014-003;20260501;29898923;Approved;P-01402
Holly;Mcdaniel;10/28/51;2Y07AE5CE96;Summit Health Plans;H9797-020;20240801;29898923;Approved;P-01403
Tracy;Jones;06/02/56;8A64X03UX58;Summit Health Plans;H5371-030;20221101;33857966;Approved;P-01404
Jacob;Taylor;02/06/60;5E54GM8TJ96;Cardinal Mutual;H7252-017;20250501;74197857;Approved;P-01405
Susan;Johnson;11/06/35;8G84MH4HN49;Summit Health Plans;S8123-012;20240601;97102525;Approved;P-01407
Shawn;Cruz;09/07/42;1MF4UX6CA09;Northwind Health;R8019-016-003;20230701;78490893;Approved;P-01408
Teresa;Richard;07/23/34;3CJ6YJ0YD40;Meridian Care;H3591-023-001;20220701;1884412;Approved;P-01409
Steven;Graham;02/28/50;1DV4F99JH59;Meridian Care;S9201-019;20241001;97102525;Approved;P-01411
Bill;Graham;01/28/38;1GG6G34TJ65;Northwind Health;H5040-019-003;20220101;97102525;Approved;P-01412
Mark;Smith;02/12/54;6NK0MG3EQ97;Meridian Care;H8433-012;20250301;7150444;Disenrolled;P-01413
Mark;Smith;02/12/54;6NK0MG3EQ97;Bluepeak;R9085-019-001;20260301;7150444;Approved;P-01414
Teresa;Jordan;05/27/48;4RM1GF4UK09;Bluepeak;H4593-012-001;20241101;61291817;Disenrolled;P-01416
Teresa;Jordan;05/27/48;4RM1GF4UK09;Northwind Health;H5040-011-001;20260101;61291817;Approved;P-01417
Christian;Reyes;08/22/58;6DF5JV0UV19;Bluepeak;H3266-023;20240201;61855700;Approved;P-01419
John;Dickerson;01/20/38;2QR3GV2KR30;Cardinal Mutual;H7252-028;20260301;37231783;Approved;P-01420
Raymond;Williams;02/10/60;1MF0NY8QV56;Cardinal Mutual;H8668-007;20251201;43339391;Approved;P-01421
Howard;Williams;12/02/93;5R31C33YF78;Summit Health Plans;H9797-002;20241001;43339391;Approved;P-01422
Cheryl;Walker;10/04/44;9P96YC5CX65;Summit Health Plans;H5371-016;20240201;43339391;Approved;P-01423
Jessica;Walker;01/25/87;9E14TF3TH56;Cardinal Mutual;S1188-018;20230701;43339391;Approved;P-01425
Julia;Murray;06/19/43;;Harborline;H3504-025;20240501;37231783;Approved;P-01426
Julie;Miller;03/10/47;2VC7HX2AC25;Cardinal Mutual;H7252-008;20241001;7150444;Disenrolled;P-01427
Julie;Miller;03/10/47;2VC7HX2AC25;Summit Health Plans;H9797-022;20260301;7150444;Approved;P-01428
Alyssa;Miller;12/02/56;9U12A71FK02;Harborline;H2796-011;20231201;7150444;Approved;P-01429
Jessica;Waters;10/24/35;2MJ5GY4YJ07;Meridian Care;S3927-011-002;20250901;5265799;Approved;P-01431
Steven;Simpson;07/19/55;6QC0GF3CF34;Harborline;H3504-028;20220301;1884412;Approved;P-01432
Anthony;Lopez;06/12/55;9M44U09CX86;Bluepeak;S1771-027-002;20260401;7150444;Approved;P-01436
Christopher;Kennedy;12/31/49;2J77JT1MP03;Summit Health Plans;H5371-022;20220501;1884412;Disenrolled;P-01437
Christopher;Kennedy;12/31/49;2J77JT1MP03;Meridian Care;H3591-020;20231201;1884412;Approved;P-01438
Jamie;Kline;08/15/35;2X59F35QY24;Cardinal Mutual;S1188-010;20251101;7150444;Approved;P-01440
Kaitlyn;Jones;11/11/42;6D23GN1TX04;Cardinal Mutual;H8668-001;20230801;29898923;Approved;P-01441
Kaitlyn;Jones;11/11/42;6D23GN1TX04;Cardinal Mutual;H8668-001;20230801;29898923;Approved;P-01441
Raymond;Carter;01/05/46;2K55QK5UF27;Meridian Care;S3927-024;20230901;99847493;Approved;P-01443
Daniel;Molina;02/14/44;4YE3Q39MD26;Northwind Health;H5040-008;20230801;61291817;Approved;P-01444
Jenna;Ellis;05/31/48;2AW9Q05MR12;Bluepeak;H4593-002-002;20230901;11576383;Approved;P-01445
Jeffrey;Hernandez;02/04/67;8J07NX4YH30;Northwind Health;H5040-015;20240501;90949389;Approved;P-01448
Jonathan;Villarreal;08/18/51;7TK3JJ8MX65;Bluepeak;S1771-025-001;20231201;99847493;Approved;P-01449
Jeremy;Villarreal;09/03/60;;Northwind Health;H9830-025-003;20260101;99847493;Approved;P-01450
Dawn;Compton;12/19/36;4YF7QW7DK13;Summit Health Plans;S8123-030-001;20230601;29898923;Approved;P-01451
Brenda;Compton;11/07/42;6TY2E81QF50;Meridian Care;R1053-030;20240201;29898923;Approved;P-01452
Hannah;Stevenson;10/25/88;7DR1XT3WK49;Northwind Health;H5040-001;20250501;6831819;Approved;P-01455
Debra;Stevenson;06/25/38;7XY0W76UF33;Harborline;H3504-022;20220501;6831819;Disenrolled;P-01456
Debra;Stevenson;06/25/38;7XY0W76UF33;Bluepeak;H3266-011;20230801;6831819;Approved;P-01457
John;Clark;09/21/54;9Q64EU6DJ02;Harborline;H3504-020;20230101;37231783;Unknown;P-01458
John;Clark;09/21/54;9Q64EU6DJ02;Meridian Care;H3591-014;20250201;37231783;Approved;P-01459
Alec;Evans;06/07/40;9F86T91GQ93;Harborline;R7916-028;20240601;4356886;Disenrolled;P-01460
Alec;Evans;06/07/40;9F86T91GQ93;Cardinal Mutual;H8668-025;20260301;4356886;Approved;P-01461
Ryan;Jones;01/29/65;6Y10Q22UV79;Harborline;S7304-013-003;20220401;7150444;Approved;P-01464
Jason;Pennington;07/19/54;;Cardinal Mutual;S2876-016;20240801;5265799;Approved;P-01466
Emily;Pennington;07/19/34;2DD7HQ7AH86;Harborline;H3504-028;20221001;5265799;Approved;P-01467
Kevin;Chase;12/28/59;4C38FX2KW28;Bluepeak;H4593-029;20260301;97102525;Approved;P-01468
Riley;Brown;05/06/49;1UF0DY7AW42;Cardinal Mutual;H7252-014;20241101;90949389;Approved;P-01469
Debbie;Brown;06/16/36;6PN1AA5DC81;Harborline;H2796-005;20250401;90949389;Approved;P-01470
Teresa;Harrison;12/20/55;7QJ1R66YQ87;Meridian Care;H3591-009-001;20251101;61291817;Approved;P-01473
Brandon;Harrison;02/20/57;1A18MM5WA15;Meridian Care;H8433-005;20261101;61291817;Unknown;P-01474
Nicole;Ruiz;11/02/59;7E33EN2NP23;Bluepeak;H3266-017;20250501;90949389;Approved;P-01475
Donna;Payne;04/28/38;6HY5C41DE52;Harborline;H3504-027;20260501;44524491;Approved;P-01476
Angela;Payne;03/10/55;8KW9AJ0KP88;Meridian Care;R5315-003;20220101;44524491;Approved;P-01477
Erica;Cook;03/29/37;6PX6TN7UY91;Cardinal Mutual;R9669-001;20220701;97102525;Disenrolled;P-01478
Erica;Cook;03/29/37;6PX6TN7UY91;Harborline;H2796-015;20240701;97102525;Approved;P-01479
Susan;Forbes;02/06/42;6GG1HH6VY60;Summit Health Plans;S5808-005;20220101;74197857;Approved;P-01481
Morgan;Forbes;11/20/39;8KQ1E33XY79;Cardinal Mutual;H8668-023;20250301;74197857;Unknown;P-01482
Morgan;Forbes;11/20/39;8KQ1E33XY79;Bluepeak;H3266-024;20260301;74197857;Approved;P-01483
Christopher;Mathis;12/26/56;8Q23C29AA73;Summit Health Plans;H5371-026;20240801;1884412;Approved;P-01484
Sandra;Mathis;10/30/39;5E70TQ9GR26;Harborline;S7304-019-002;20250501;1884412;Approved;P-01486
Richard;Preston;01/10/41;1T59XR5VN78;Bluepeak;H4593-013;20260101;4356886;Approved;P-01487
Kendra;Hernandez;06/22/54;4HR9XY5FW50;Bluepeak;H3266-011-001;20251101;44524491;Approved;P-01490
Anthony;Gould;04/08/49;7EU4DH6MK59;Cardinal Mutual;S1188-025;20230601;13981052;Approved;P-01493
Mikayla;Gould;08/15/41;1RN0T36EF22;Meridian Care;S9201-012-003;20241101;13981052;Approved;P-01494
Jenny;Gentry;12/08/49;7H25RA7UU89;Meridian Care;H3591-008;20260401;7150444;Approved;P-01495
Daniel;Scott;09/17/59;4QX6FR9AG22;Summit Health Plans;H5371-022;20241101;7150444;Approved;P-01496
Stephen;Scott;11/06/46;2N11GC0HX34;Summit Health Plans;H5371-029;20230801;7150444;Approved;P-01497
Adrian;Scott;06/24/40;2YG9Q59FE05;Northwind Health;H9830-002-001;20230301;7150444;Approved;P-01498
Phyllis;Blair;04/23/59;8WW7G88FC63;Bluepeak;H4593-003;20240901;1884412;Approved;P-01499
Donna;Cline;12/09/41;5UR0XR0RK72;Harborline;H2796-015;20250501;10583482;Disenrolled;P-01500
Donna;Cline;12/09/41;5UR0XR0RK72;Cardinal Mutual;H8668-001;20260501;10583482;Approved;P-01501
Colleen;Torres;02/21/59;9VY7FW4FQ80;Summit Health Plans;S8123-022;20260401;29898923;Approved;P-01503
Regina;Torres;04/10/60;9RC5Q36WV03;Meridian Care;H8433-028;20250601;29898923;Approved;P-01504
Craig;Jackson;05/20/55;4P14D66AD99;Summit Health Plans;H9797-017;20220601;44524491;Approved;P-01505
Diana;Anderson;03/28/57;2CU4CM3JR89;Meridian Care;H8433-023;20240301;61855700;Approved;P-01506
Michael;Anderson;09/04/37;1X90C17CE78;Meridian Care;H3591-012-001;20231201;61855700;Disenrolled;P-01507
Michael;Anderson;09/04/37;1X90C17CE78;Summit Health Plans;H9797-023-003;20241201;61855700;Approved;P-01508
Jennifer;Paul;11/27/40;6J79RN9TM42;Bluepeak;H3266-022;20231101;99847493;Approved;P-01509
Nicholas;Murphy;09/11/51;4JT9J77RQ99;Cardinal Mutual;H8668-025-003;20240501;13981052;Approved;P-01510
Fernando;Norton;03/30/35;7VV1KK9YC80;Harborline;H3504-024;20230201;99366868;Approved;P-01511
Wyatt;Rios;06/30/54;6FT9EE1DC85;Meridian Care;H8433-014;20260401;32244663;Approved;P-01512
Anthony;Simmons;01/02/38;3F16KF5YU20;Harborline;H2796-027;20231001;43339391;Approved;P-01514
Christopher;Joyce;05/24/39;7AM2XJ7EU84;Cardinal Mutual;H7252-015-002;20250801;10583482;Approved;P-01515
Alyssa;Hart;02/24/46;8XW8TU5MK58;Cardinal Mutual;H7252-009;20230501;10583482;Approved;P-01516
Megan;Montgomery;02/11/38;4KQ3VY0EF48;Harborline;H3504-024;20230701;1884412;Approved;P-01517
Patricia;Stanton;10/07/53;7NY4VA5JE60;Cardinal Mutual;H7252-027-001;20220901;5265799;Disenrolled;P-01518
Patricia;Stanton;10/07/53;7NY4VA5JE60;Bluepeak;H4593-010-002;20240501;5265799;Approved;P-01519
Robert;Brown;04/07/51;7JP6N24DV02;Summit Health Plans;H9797-006-001;20250501;10583482;Approved;P-01521
Stacy;Perez;11/25/37;9V82WM7CN20;Northwind Health;H5040-027;20230401;78490893;Approved;P-01522
Gary;Simmons;04/11/36;8QA3FA8UT83;Cardinal Mutual;H7252-014;20230601;54100814;Approved;P-01524
Jenna;Simmons;05/18/53;6UJ5RG3FT70;Harborline;S7304-007;20220401;54100814;Approved;P-01526
Mark;Conway;10/08/40;8CM1ER7WW15;Summit Health Plans;H5371-013;20260301;94702683;Approved;P-01528
Daniel;Williams;01/11/79;8JH2GY1GM89;Summit Health Plans;H5371-001;20231001;90949389;Approved;P-01529
Kristin;Reed;05/12/37;;Summit Health Plans;H9797-024-001;20230301;97102525;Disenrolled;P-01530
Kristin;Reed;05/12/37;;Northwind Health;H5040-012-001;20241001;97102525;Approved;P-01531
Melissa;Reed;08/24/43;2P63HT4HN67;Bluepeak;H3266-003;20220201;97102525;Approved;P-01532
Jon;Daniel;03/17/40;2TE4VP4DW39;Bluepeak;H3266-005-003;20231101;37231783;Approved;P-01534
George;Norman;08/28/57;6UM4NF0HC27;Cardinal Mutual;S1188-010-003;20260101;44524491;Approved;P-01536
Vincent;Norman;07/05/51;5MA2XH6JM09;Bluepeak;H4593-012;20230501;44524491;Disenrolled;P-01537
Vincent;Norman;07/05/51;5MA2XH6JM09;Harborline;H3504-019;20240701;44524491;Approved;P-01538
Regina;Perkins;08/27/45;7G87RW6DG73;Bluepeak;H4593-001;20230701;61291817;Approved;P-01540
Stephanie;Garcia;12/19/50;1WW8DX6RM52;Northwind Health;R5304-017-003;20230101;77125617;Approved;P-01541
Jeremiah;Sanchez;07/16/44;7UC4D97DA38;Summit Health Plans;H5371-010;20250101;61291817;Disenrolled;P-01542
Jeremiah;Sanchez;07/16/44;7UC4D97DA38;Northwind Health;H5040-001-001;20260101;61291817;Approved;P-01543
Reginald;Stone;03/15/36;8TP2P27FJ16;Meridian Care;H3591-022-001;20260101;33857966;Approved;P-01544
Barbara;Stone;11/03/55;1N47AH9YQ30;Cardinal Mutual;H8668-013-003;20240401;33857966;Disenrolled;P-01545
Barbara;Stone;11/03/55;1N47AH9YQ30;Summit Health Plans;H9797-028;20251001;33857966;Approved;P-01546
John;Andersen;09/27/34;;Northwind Health;H9830-010;20230201;61291817;Approved;P-01547
Steve;Copeland;12/11/59;6W62PW5KP51;Summit Health Plans;H5371-026;20250701;77125617;Approved;P-01548
Stacey;Hudson;01/24/38;4FJ8AC4JR47;Summit Health Plans;H5371-017;20231201;90949389;Approved;P-01549
Jessica;Hudson;06/05/48;1QJ1TN5GX77;Northwind Health;H9830-001-003;20240201;90949389;Approved;P-01550
Brenda;Baird;10/02/50;2DR8QE1MQ03;Northwind Health;H5040-013;20240101;54100814;Approved;P-01551
Michelle;Baird;03/21/52;9JQ8K93UT14;Northwind Health;H9830-021-003;20260401;54100814;Approved;P-01552
Carolyn;Wright;08/15/91;3U42JV6XU42;Meridian Care;H3591-013;20250901;6831819;Approved;P-01553
Harry;Wright;09/15/49;7K70JK8KW43;Cardinal Mutual;H8668-006-003;20251201;6831819;Withdrawn;P-01556
Dillon;Horton;03/17/41;3D37P76FU52;Northwind Health;H5040-021-003;20240901;77125617;Approved;P-01557
Matthew;Horton;05/09/35;6E66HW3GR48;Cardinal Mutual;H7252-002;20250301;77125617;Approved;P-01558
Cynthia;Duke;03/08/46;5XM8MD4GJ55;Bluepeak;H3266-006-001;20260201;32244663;Approved;P-01559
Matthew;Duke;10/29/45;2HC2R85QK77;Harborline;H2796-027;20220701;32244663;Disenrolled;P-01560
Matthew;Duke;10/29/45;2HC2R85QK77;Northwind Health;H9830-003;20231201;32244663;Approved;P-01561
Allison;Stuart;03/20/52;9JC9TP4GM73;Meridian Care;S3927-023;20251101;54100814;Approved;P-01562
Audrey;Greene;08/18/55;1WG2QU9XC96;Cardinal Mutual;S1188-005;20250701;10583482;Approved;P-01564
Patricia;Greene;12/13/53;5Q48FE0AH70;Meridian Care;S3927-017-001;20260101;35278047;Approved;P-01566
Felicia;Rodriguez;07/09/53;1X88JK8KY26;Meridian Care;H8433-030;20240801;54100814;Approved;P-01567
Brittany;Rodriguez;05/08/45;8FR7QP4DY82;Northwind Health;S6930-016;20240901;54100814;Withdrawn;P-01568
Cameron;Barnett;02/20/55;4CH2Q14PG57;Bluepeak;H4593-015;20230301;4356886;Approved;P-01569
April;Garcia;05/15/56;6EF5WH7XX00;Harborline;H3504-020;20251101;54100814;Approved;P-01570
Elizabeth;Garcia;07/27/52;7G48JT2JU22;Summit Health Plans;H9797-023-001;20231001;54100814;Approved;P-01571
Ronald;Raymond;02/15/37;4H11W88HW45;Meridian Care;H8433-029-003;20240201;4356886;Approved;P-01572
Ryan;Raymond;02/18/53;6EU6X16WA64;Meridian Care;S9201-004;20231201;4356886;Approved;P-01574
Holly;Townsend;07/19/38;7VV5YH4FV83;Summit Health Plans;H5371-030-002;20250501;94702683;Approved;P-01575
Jennifer;Stafford;12/15/33;4FW9P39DA38;Bluepeak;H3266-006-002;20231001;78490893;Approved;P-01578
Rebecca;Roberts;06/07/47;6YM0HW9PN46;Cardinal Mutual;H7252-017-002;20231201;11576383;Approved;P-01579
Hannah;Nelson;06/19/46;3P36TH2GH48;Harborline;R7916-022-001;20240501;99847493;Approved;P-01580
Rachel;Wilson;09/20/37;5M97W89HU85;Harborline;H2796-026-002;20250401;33857966;Approved;P-01581
Tracy;Wilson;05/05/47;9EA4P47JK66;Harborline;H2796-023;20250101;33857966;Approved;P-01582
Isaac;Wilson;10/02/36;1NQ6P91WH78;Harborline;H2796-015;20260401;33857966;Approved;P-01583
Wendy;Martinez;09/11/42;1FJ0V79XQ46;Bluepeak;H3266-025;20250301;11576383;Disenrolled;P-01584
Wendy;Martinez;09/11/42;1FJ0V79XQ46;Cardinal Mutual;H8668-006;20260501;11576383;Approved;P-01585
Kayla;Ramos;01/08/58;5RY4QR0MX03;Harborline;H2796-022-002;20240501;43339391;Disenrolled;P-01586
Kayla;Ramos;01/08/58;5RY4QR0MX03;Northwind Health;H5040-025-002;20251101;43339391;Approved;P-01587
Brian;Valenzuela;06/13/51;;Summit Health Plans;H5371-007;20220201;44524491;Disenrolled;P-01589
Brian;Valenzuela;06/13/51;;Northwind Health;H9830-028-002;20231201;44524491;Approved;P-01590
Brian;Valenzuela;06/13/51;;Northwind Health;H9830-028-002;20231201;44524491;Approved;P-01590
Norman;Valenzuela;03/18/59;2H96PC5NE91;Meridian Care;R5315-018-003;20260101;44524491;Approved;P-01591
Douglas;Hawkins;11/23/76;9PA7EY6DF93;Northwind Health;S7543-002;20230201;7150444;Approved;P-01593
Tamara;Hawkins;10/20/44;8PV8PQ2TK80;Cardinal Mutual;H8668-026-001;20240101;7150444;Withdrawn;P-01594
Brian;Hawkins;03/17/57;2RN7DG1EW60;Northwind Health;H5040-028;20220801;7150444;Disenrolled;P-01595
Brian;Hawkins;03/17/57;2RN7DG1EW60;Meridian Care;H8433-012-001;20240101;7150444;Approved;P-01596
Adam;Sutton;04/10/39;2A89Q01XQ80;Harborline;H2796-003;20230701;61855700;Approved;P-01597
Renee;Banks;12/20/37;7C88D29UE40;Summit Health Plans;H5371-009-003;20260401;61291817;Approved;P-01598
Greg;Walsh;09/14/44;8KN6RY8JY85;Meridian Care;H3591-020;20250101;4356886;Approved;P-01599
Richard;Clark;02/23/46;9MT6QY1YP30;Cardinal Mutual;S2876-016;20220701;1884412;Approved;P-01600
Stacy;Carroll;07/25/60;8QD1QQ2WQ60;Harborline;R7916-026;20251101;5265799;Approved;P-01601
Pamela;Morgan;07/26/45;3NF4GH5FN60;Summit Health Plans;S8123-020;20220101;54100814;Approved;P-01603
Leslie;Hernandez;06/07/37;4EV4P96AN99;Harborline;H2796001-001;20230301;97102525;Approved;P-01604
John;Hernandez;06/08/52;2K70W97VJ43;Meridian Care;H8433-019;20250801;97102525;Approved;P-01605
Nicole;Moore;07/10/51;7H15PV7TM52;Bluepeak;S2489-007;20240301;44524491;Approved;P-01608
Sean;Thomas;01/05/37;3AK7QU6QQ08;Summit Health Plans;H5371-011;20220901;97102525;Approved;P-01610
Seth;Armstrong;10/16/57;9PY3EP2QF10;Harborline;H2796-001-002;20250501;32244663;Approved;P-01611
Savannah;Rodriguez;11/30/34;8MK3HD9YU11;Harborline;S7304-006-002;20250801;4356886;Approved;P-01613
Gary;Butler;08/27/40;8BQ0FE5XX27;Harborline;S2040-017;20250301;61855700;Approved;P-01616
Melissa;Butler;06/16/59;3J79NK8CT04;Bluepeak;S2489-026;20250901;61855700;Approved;P-01618
Wendy;Baker;06/10/95;6QA0TQ2GW21;Bluepeak;H4593-028;20221201;13981052;Disenrolled;P-01619
Wendy;Baker;06/10/95;6QA0TQ2GW21;Meridian Care;H8433-025;20260101;13981052;Approved;P-01620
Matthew;Baker;06/18/41;5P09RX2CQ66;Harborline;H2796-004;20220301;13981052;Approved;P-01621
Barry;James;08/16/43;5RP1FK2EA63;Summit Health Plans;H9797-010;20240601;44524491;Approved;P-01622
Shannon;Miller;04/11/37;9PX4GD9JU93;Bluepeak;S1771-006;20220701;78490893;Approved;P-01624
Emily;Miller;03/28/45;9RD3MD7KY19;Bluepeak;H3266-006-003;20231101;78490893;Approved;P-01625
Jennifer;Jones;08/04/48;2DD3YE5MV04;Bluepeak;H3266-016;20230701;1884412;Approved;P-01626
Jill;Jones;08/18/60;7E56K67YA49;Harborline;H2796-013-003;20251001;1884412;Approved;P-01627
Jacob;House;03/14/39;4TG6MJ2CP86;Summit Health Plans;H5371-030;20250101;78490893;Approved;P-01628
Tyler;Erickson;02/04/45;6M19E67UH26;Summit Health Plans;H5371-017;20220101;5265799;Approved;P-01629
Jasmin;Erickson;12/24/36;9N19UH5VQ79;Meridian Care;H8433-009;20230701;5265799;Disenrolled;P-01630
Jasmin;Erickson;12/24/36;9N19UH5VQ79;Northwind Health;H5040-016;20250101;5265799;Approved;P-01631
Jacob;Gill;04/13/52;7QY4X04TD55;Meridian Care;H8433-028-002;20250501;43339391;Approved;P-01632
Frances;Zamora;09/29/40;9YQ5J09KN03;Harborline;H2796-025;20240501;77125617;Approved;P-01633
Catherine;Wolfe;12/08/45;2JR9QM8CK07;Bluepeak;H3266-003;20230301;11576383;Disenrolled;P-01634
Catherine;Wolfe;12/08/45;2JR9QM8CK07;Summit Health Plans;H5371-027-003;20250501;11576383;Approved;P-01635
Alexis;Ross;08/27/51;3UR0U58EY51;Harborline;H3504-019-002;20240201;29898923;Approved;P-01638
Kevin;Myers;09/15/47;7VU5R47CU18;Northwind Health;H5040-029;20250801;61291817;Approved;P-01641
Stephanie;Myers;08/06/40;5PY9VM1HJ76;Northwind Health;H5040016;20240901;61291817;Disenrolled;P-01642
Stephanie;Myers;08/06/40;5PY9VM1HJ76;Bluepeak;H3266-004;20260401;61291817;Approved;P-01643
April;Thomas;04/30/40;9H50JK8PT36;Meridian Care;H3591-028;20231001;29898923;Approved;P-01644
Matthew;Moreno;05/18/44;6XH0HG0TP60;Harborline;H2796-004;20251001;29898923;Approved;P-01646
Rachel;Schultz;09/21/53;7PK0JA7YX15;Northwind Health;S6930-007;20230601;44524491;Approved;P-01647
Thomas;Schultz;04/02/41;6AA4FH1WF06;Bluepeak;H4593-026;20241001;44524491;Approved;P-01648
Lawrence;Zamora;04/01/44;8HX8FK5NJ81;Northwind Health;H5040-025-001;20231201;94702683;Approved;P-01649
Nicole;Zamora;04/03/42;6P07R48VD55;Northwind Health;H5040-019-003;20250201;94702683;Approved;P-01650
Michael;Joseph;09/24/50;5X31N30VX24;Cardinal Mutual;H7252-015-002;20230701;6831819;Approved;P-01651
Kimberly;Joseph;06/16/38;9D70V42FT75;Cardinal Mutual;H8668-009;20230801;6831819;Approved;P-01652
Sandra;Lopez;12/05/48;1AU0M75PY48;Meridian Care;H8433-030;20230801;11576383;Disenrolled;P-01653
Sandra;Lopez;12/05/48;1AU0M75PY48;Northwind Health;H5040-022;20260201;11576383;Approved;P-01654
James;Evans;09/16/50;1QM1F92UF76;Bluepeak;S2489-023;20231201;43339391;Approved;P-01656
Kenneth;Evans;09/06/34;6NW3MP5YN56;Bluepeak;H4593-007;20260401;43339391;Approved;P-01657
Lee;Moore;02/02/39;2XT9JJ6WQ09;Bluepeak;H3266-002;20250801;77125617;Approved;P-01660
Lee;Moore;02/02/39;2XT9JJ6WQ09;Bluepeak;H3266-002;20250801;77125617;Approved;P-01660
Marie;Thomas;03/27/59;4YD1EP3GC26;Northwind Health;S7543-023-003;20250101;90949389;Approved;P-01662
Amy;Vasquez;02/22/46;5F30WJ4VD24;Meridian Care;S3927-010;20221201;61291817;Approved;P-01664
Brian;Grant;06/24/41;7RJ7Y55VD87;Harborline;R7916-013;20240501;54100814;Disenrolled;P-01665
Brian;Grant;06/24/41;7RJ7Y55VD87;Northwind Health;H9830-013;20250901;54100814;Approved;P-01666
Megan;Grant;05/27/50;7QM2HY4AF69;Northwind Health;S6930-013;20260101;54100814;Approved;P-01668
Kathy;Smith;05/30/56;3KQ8UF2CJ73;Cardinal Mutual;S1188-007;20230301;74197857;Approved;P-01670
Edwin;Sanders;04/16/35;6T16P67VQ80;Harborline;H2796-030-003;20220401;13981052;Approved;P-01671
Jorge;Cook;09/10/55;9RT4T21PF03;Northwind Health;R8019-022-003;20230901;44524491;Approved;P-01673
Linda;Williams;09/06/50;4G62XV7RR32;Meridian Care;R1053-025;20240801;7150444;Approved;P-01674
Jay;Bridges;01/23/58;3YD8KP7MX65;Summit Health Plans;H9797-016;20260501;61291817;Approved;P-01675
Andrew;Bridges;08/05/57;9HC4A07UP13;Cardinal Mutual;H7252-004-001;20221101;61291817;Approved;P-01676
Laura;Carlson;07/14/34;3TM3DG6RR56;Bluepeak;S2489-029-002;20220301;32244663;Approved;P-01677
Colton;Ali;04/11/50;3C13Q07CF75;Northwind Health;S6930-018;20220801;90949389;Approved;P-01679
Micheal;Ali;02/07/50;9D76T79HG35;Bluepeak;S2489-001;20260401;90949389;Approved;P-01681
Paige;Conrad;04/15/45;8XM3F71VJ02;Cardinal Mutual;H8668-021;20230601;13981052;Unknown;P-01682
Paige;Conrad;04/15/45;8XM3F71VJ02;Northwind Health;R5304-010-003;20241101;13981052;Approved;P-01683
Lauren;Conrad;12/27/50;2CY3HM6PJ36;Bluepeak;S1771-023;20230101;13981052;Approved;P-01685
Lauren;Conrad;12/27/50;2CY3HM6PJ36;Bluepeak;S1771-023;20230101;13981052;Approved;P-01685
Jessica;Castillo;06/04/52;3E57A64TC12;Meridian Care;S9201-018;20231001;77125617;Approved;P-01686
Bradley;Ray;03/22/46;2U33XJ0DC55;Summit Health Plans;H9797-008;20260501;54100814;Approved;P-01687
Wendy;Patrick;05/01/80;5P62NX3PT07;Summit Health Plans;H9797-016;20240101;61855700;Disenrolled;P-01688
Wendy;Patrick;05/01/80;5P62NX3PT07;Harborline;H2796-015-003;20251201;61855700;Approved;P-01689
Thomas;Bryant;08/29/34;1EA9JR0XD94;Northwind Health;S7543-028;20250101;7150444;Approved;P-01691
Tonya;Watson;10/13/38;8U50DK9TF68;Northwind Health;H9830-021;20220901;77125617;Approved;P-01692
Debbie;Middleton;12/14/52;9YG5CC7PE67;Harborline;H3504-007;20251201;33857966;Approved;P-01695
Veronica;Gilmore;01/19/51;6WM3WJ5QY99;Northwind Health;S7543-027-001;20240701;10583482;Approved;P-01696
Matthew;Mckinney;08/05/45;4HP3CH1JW78;Northwind Health;H5040-017;20230201;99847493;Approved;P-01697
Dawn;Perez;11/30/55;9EE2WG6XX34;Harborline;H2796-026;20251201;11576383;Approved;P-01698
Jason;Turner;05/29/60;8P60NN7UU91;Harborline;H3504-007-001;20260101;94702683;Approved;P-01699
Michael;Henderson;01/22/48;3TG0YK8CH69;Meridian Care;H3591-029;20231201;61291817;Disenrolled;P-01700
Michael;Henderson;01/22/48;3TG0YK8CH69;Bluepeak;H3266-018;20260201;61291817;Approved;P-01701
Richard;Henderson;01/08/35;7X44J49KK10;Meridian Care;S3927-009-002;20260301;61291817;Approved;P-01703
Michelle;Haynes;11/22/39;2HF9JP7NH84;Summit Health Plans;H5371-002-002;20260301;33857966;Approved;P-01704
Amy;Wells;07/11/39;6NM6GA2EJ54;Cardinal Mutual;R9669-005;20260301;11576383;Approved;P-01705
Brandon;Valdez;07/03/58;5EU5QD6VC95;Harborline;H3504-009;20251101;5265799;Approved;P-01709
Eric;Rodriguez;01/10/56;2N86NW1TY15;Cardinal Mutual;S1188-024-002;20251101;43339391;Approved;P-01711
Mary;Rodriguez;08/03/40;5VE4EM0DH85;Summit Health Plans;H5371-011-001;20240201;43339391;Disenrolled;P-01712
Mary;Rodriguez;08/03/40;5VE4EM0DH85;Northwind Health;H5040-004;20250801;43339391;Approved;P-01713
Brandy;Glenn;01/13/44;5WD8FT2YE36;Meridian Care;H3591-030;20240601;1884412;Approved;P-01714
Trevor;Glenn;06/26/50;1EE3CV5FH15;Summit Health Plans;H9797-010;20240201;1884412;Approved;P-01715
Micheal;Hurst;03/13/50;2J42AF5JK23;Cardinal Mutual;H8668-013;20241101;77125617;Disenrolled;P-01716
Micheal;Hurst;03/13/50;2J42AF5JK23;Bluepeak;R9348-021;20260201;77125617;Approved;P-01717
Kristy;Jones;09/22/58;8FM7FP4GR54;Cardinal Mutual;S1188-019;20240201;4356886;Approved;P-01720
Brian;Smith;12/23/56;4Q03G47WR80;Meridian Care;H3591-012-003;20240701;54100814;Approved;P-01721
Kristin;Smith;12/09/48;7XX2D03NJ47;Northwind Health;H5040-016-002;20251101;54100814;Approved;P-01722
Jacob;Valencia;04/01/42;5WK5K32GP95;Northwind Health;S7543-024-001;20231001;54100814;Approved;P-01725
Veronica;Woods;08/06/49;7UM5E13RJ65;Summit Health Plans;S8123-008-001;20251101;11576383;Approved;P-01727
Charles;Woods;01/25/38;4GH8EF8DT18;Summit Health Plans;R2827-028;20260501;11576383;Approved;P-01728
Jessica;Lee;02/27/42;4DD4Y63JE08;Cardinal Mutual;H7252-027;20240901;54100814;Approved;P-01729
Anthony;Reynolds;09/22/44;9P21C90FD82;Northwind Health;H9830-002-001;20230801;33857966;Approved;P-01730
Carl;Reynolds;12/25/39;4G41MX9XU03;Bluepeak;H3266-022-003;20250701;33857966;Approved;P-01731
Samantha;Jacobs;08/29/49;1DA4EH1JN55;Cardinal Mutual;S1188-022-002;20251201;54100814;Approved;P-01733
Jeremy;Baxter;03/26/46;2F53YW1WX39;Meridian Care;H8433-008-003;20240601;37231783;Approved;P-01736
Jonathan;Burnett;04/28/52;8D19NK0RJ85;Cardinal Mutual;H8668-021-001;20240301;44524491;Approved;P-01739
Troy;Burnett;06/28/52;6P35J15KM07;Summit Health Plans;R2827-015;20260101;44524491;Approved;P-01740
David;Taylor;08/08/35;3A94A49MU11;Bluepeak;S1771-022;20260301;10583482;Approved;P-01742
Daniel;Brown;03/01/44;7F44M67CK98;Cardinal Mutual;S1188-017-001;20240301;29898923;Approved;P-01743
Tiffany;Brown;09/07/46;1TJ2M66RV99;Meridian Care;S9201-025;20240701;29898923;Approved;P-01744
Mandy;Shaffer;12/04/43;3MT0M78EE30;Summit Health Plans;H5371-008;20220601;29898923;Approved;P-01745
Megan;Davis;12/01/48;1AJ4J87KH25;Meridian Care;H8433-007-003;20240101;29898923;Approved;P-01746
Jesse;Griffin;12/02/56;7AU1J36XH00;Bluepeak;H3266-009-003;20231201;74197857;Approved;P-01747
Nancy;Kim;07/24/39;2RE5YX9MK26;Meridian Care;S3927-011;20260301;32244663;Approved;P-01749
Leon;Clark;08/08/43;5CG3FH5WP93;Harborline;H3504-029-001;20260501;10583482;Approved;P-01750
Richard;Clark;09/17/50;8VD9T53PK42;Bluepeak;S1771-009;20231101;10583482;Approved;P-01752
Lauren;Chavez;09/07/59;9V92QM8RF75;Bluepeak;H4593-026;20250901;33857966;Approved;P-01753
Wendy;Richardson;09/19/52;5P33YR0DR09;Bluepeak;S1771-019-001;20250401;44524491;Approved;P-01755
John;Tran;06/12/59;4XM3YV8KK27;Summit Health Plans;H5371-003-001;20251201;11576383;Approved;P-01756
Krista;Armstrong;10/18/50;2OJ2F94AG39;Cardinal Mutual;S2876-023-002;20230201;97102525;Approved;P-01759
Andrew;Palmer;10/19/77;9FT6UU4GH93;Bluepeak;H3266-007;20230901;77125617;Approved;P-01761
Tracy;Rice;01/07/38;7NH7DP5UJ10;Bluepeak;S2489-018;20231101;74197857;Approved;P-01764
Karen;Rice;09/05/49;4TT3EF9UH41;Harborline;H2796-022;20251201;74197857;Approved;P-01765
Virginia;Jones;02/02/59;8D72EV9KP23;Summit Health Plans;H9797-005;20261101;37231783;Submitted;P-01766
Kara;Gibbs;07/08/54;9VW0R70YM17;Northwind Health;S6930-004-003;20231001;6831819;Approved;P-01767
Danielle;Sanchez;07/03/46;7FT2VR5EW14;Meridian Care;S9201-021-002;20260201;32244663;Approved;P-01769
William;Kelly;05/03/54;2R56TK0TW86;Summit Health Plans;H5371-009;20250101;99847493;Approved;P-01770
Nicole;Richards;08/06/34;9Z94J97WA47;Harborline;H2796-013;20220101;61291817;Approved;P-01772
Emily;Martin;02/18/46;1RC0UK6EK33;Northwind Health;H5040-024;20240501;1884412;Approved;P-01779
Elizabeth;Rose;06/01/48;7G71P87UM05;Harborline;H2796-017;20230501;13981052;Approved;P-01780
Mary;Rose;07/06/52;4DK1YV8UG63;Harborline;R3621-005-003;20251001;13981052;Approved;P-01781
Earl;Rodriguez;06/15/89;5KV4PR7UD54;Meridian Care;S9201-019-002;20220801;33857966;Approved;P-01783
Francisco;Miller;10/25/33;8RQ6KU6CW52;Summit Health Plans;H9797-019;20220101;43339391;Approved;P-01784
Timothy;Miller;01/23/58;9VU8FX8VU27;Harborline;H3504-003-001;20250101;43339391;Approved;P-01785
Joan;Garcia;08/07/58;7PK8WN5VU55;Bluepeak;H3266-004;20261101;1884412;Unknown;P-01789
Megan;Carter;06/15/44;9H08T21JN56;Summit Health Plans;S8123-023;20240401;61291817;Withdrawn;P-01791
Penny;Clarke;11/28/56;7IK6YM7RG93;Meridian Care;H8433-027-002;20240201;74197857;Approved;P-01792
Madison;Clarke;01/28/47;1D60F07DY09;Meridian Care;S3927-006;20230901;74197857;Approved;P-01794
Catherine;Davis;07/06/48;3FC1QN6RH39;Meridian Care;H8433007-001;20230201;11576383;Approved;P-01795
Eduardo;Allen;11/06/58;9MD4GC2MV43;Harborline;H3504-001;20261101;1884412;Submitted;P-01796
Eric;Allen;11/08/41;1FK4AM3DA90;Cardinal Mutual;H7252-008;20240601;1884412;Approved;P-01797
Christopher;Allen;01/31/45;6KT6DT2TP73;Harborline;H2796-010;20231001;1884412;Approved;P-01798
David;Graham;12/11/35;8C62DP0EH43;Bluepeak;S1771-006;20250501;78490893;Approved;P-01799
Tammy;Ford;12/16/33;1JT1YE2TP93;Meridian Care;H3591-010;20250101;37231783;Approved;P-01800
John;Hernandez;05/18/48;3X56XD4FG00;Meridian Care;S9201-011;20240601;7150444;Approved;P-01803
Dylan;Harris;06/12/39;4CA0XC0RH25;Meridian Care;H8433-010;20240901;99847493;Disenrolled;P-01804
Dylan;Harris;06/12/39;4CA0XC0RH25;Summit Health Plans;H5371-015-001;20260301;99847493;Approved;P-01805
Erin;Harris;06/13/40;7P06VM1NM63;Northwind Health;S6930-007;20231001;99847493;Approved;P-01806
Marvin;Williams;12/16/37;6RA0J23TN22;Cardinal Mutual;H7252-003;20250101;90949389;Approved;P-01807
Richard;Williams;08/15/50;6HT2JU6RC41;Bluepeak;H4593-006;20230701;90949389;Approved;P-01808
Melissa;Snow;07/31/54;6FM3YF2YP01;Cardinal Mutual;H7252-015;20230801;99847493;Unknown;P-01809
Melissa;Snow;07/31/54;6FM3YF2YP01;Meridian Care;H8433-018-001;20260201;99847493;Approved;P-01810
Lisa;Snow;11/16/38;8VF4MQ6QQ94;Summit Health Plans;S5808-022-003;20250901;99847493;Approved;P-01811
Ruben;Smith;04/17/56;8J04R98YG70;Meridian Care;H3591-025;20251101;97102525;Approved;P-01813
Frank;Harris;12/25/43;9VU9GK4YK03;Meridian Care;R5315-020;20250801;54100814;Withdrawn;P-01816
Connor;Harris;10/25/52;9WJ3EW3WA16;Meridian Care;S9201-026;20250201;54100814;Approved;P-01818
Vincent;Morgan;10/22/57;4EV5GA0FJ91;Bluepeak;S2489-022-002;20241001;61855700;Approved;P-01820
Mary;Morgan;01/26/55;9Y96UG0EG95;Northwind Health;H9830-021-002;20250301;61855700;Approved;P-01821
Rhonda;Swanson;08/22/36;4GM4VJ4HV71;Northwind Health;H9830-014-002;20231201;77125617;Approved;P-01822
Christine;Swanson;10/13/37;8FW2C74CC93;Meridian Care;H3591-010-003;20250701;77125617;Approved;P-01823
Lindsay;Sparks;04/05/37;3PF0GD3EE67;Harborline;H2796-006-003;20250101;44524491;Approved;P-01825
Bobby;Gonzalez;12/31/45;1GN1NH8QK26;Bluepeak;H3266-003-001;20240501;5265799;Approved;P-01826
Katie;Meyer;05/11/44;8N55AV4VN28;Cardinal Mutual;H7252-026;20230701;61291817;Approved;P-01827
Brittany;Meyer;01/23/39;4A07QK4CN83;Meridian Care;H8433-006-001;20230901;61291817;Disenrolled;P-01828
Brittany;Meyer;01/23/39;4A07QK4CN83;Meridian Care;H8433-006-001;20230901;61291817;Disenrolled;P-01828
Brittany;Meyer;01/23/39;4A07QK4CN83;Summit Health Plans;H9797-018-003;20250701;61291817;Approved;P-01829
Kevin;Parker;10/21/57;5U51DT0QK85;Summit Health Plans;S8123-007;20250301;37231783;Approved;P-01832
Ian;Beasley;12/27/48;9EX0EE4NR76;Cardinal Mutual;H8668-005;20240601;99847493;Disenrolled;P-01833
Ian;Beasley;12/27/48;9EX0EE4NR76;Summit Health Plans;H9797-026-001;20260101;99847493;Approved;P-01834
Jean;Robinson;11/18/54;6U80G24AY39;Cardinal Mutual;H8668-025-003;20240901;61855700;Approved;P-01837
John;Vasquez;03/14/37;;Harborline;H3504-029;20230401;13981052;Approved;P-01838
Robert;Martinez;10/14/51;4K85G76HQ28;Cardinal Mutual;H7252-012;20241201;99847493;Approved;P-01839
Gabriella;Simon;06/19/51;3DD1TN4XK49;Cardinal Mutual;H8668-006-001;20231001;29898923;Approved;P-01840
Elizabeth;Lopez;04/19/54;9UP9EP3AC75;Northwind Health;H5040-026;20260401;13981052;Approved;P-01842
Kaitlin;Bass;07/06/41;2A38DF4QM37;Meridian Care;H8433-007;20241101;61855700;Disenrolled;P-01843
Kaitlin;Bass;07/06/41;2A38DF4QM37;Northwind Health;H5040-014;20260401;61855700;Approved;P-01844
Haley;Cole;04/26/46;8Y20QN0RD47;Harborline;R3621-011-001;20220601;78490893;Approved;P-01845
Jennifer;Villa;03/15/43;9MF5C77YQ69;Meridian Care;H8433-006;20250301;74197857;Approved;P-01847
Alexa;Villa;07/24/52;8J67GJ8RD59;Bluepeak;H3266-024;20231201;74197857;Withdrawn;P-01848
Susan;Sanchez;10/07/44;1NN7UX7YW36;Cardinal Mutual;H7252-002;20240501;29898923;Approved;P-01849
Sarah;Sanchez;08/10/43;4XC3N56AF85;Summit Health Plans;H5371-014;20260201;29898923;Approved;P-01850
Jacob;Castillo;04/17/45;9MF6G12QM41;Northwind Health;H9830-019;20241001;7150444;Approved;P-01851
Michael;Hodge;05/29/40;6C67R95NT37;Summit Health Plans;H9797-011;20230501;11576383;Approved;P-01852
Michelle;Hall;01/23/37;3YK9RN2HY67;Summit Health Plans;R6573-002;20230501;6831819;Disenrolled;P-01853
Michelle;Hall;01/23/37;3YK9RN2HY67;Meridian Care;H3591-002-002;20260201;6831819;Approved;P-01854
Alexander;Johnson;06/10/50;4Y77Q23NG94;Northwind Health;H5040-001-002;20240301;6831819;Approved;P-01855
Briana;Johnson;05/29/35;2DV9UV7HT28;Bluepeak;H4593-022;20261101;6831819;Submitted;P-01856
Shawna;Francis;03/19/35;4CV5MM1VM36;Cardinal Mutual;H7252-021;20250601;99847493;Approved;P-01857
Jason;Oconnor;11/17/47;4J60WY2HJ31;Harborline;H3504-011;20230201;6831819;Approved;P-01862
Kevin;Beard;09/24/47;2N01MM8UR21;Harborline;S2040015;20240301;1884412;Approved;P-01864
Gloria;Beard;12/15/46;3PG0GJ5VY37;Northwind Health;H5040-018;20240601;1884412;Approved;P-01865
Kathy;Rodriguez;04/01/41;2XK5Q14MR45;Bluepeak;R9348-012-002;20221001;37231783;Approved;P-01866
Brooke;Poole;08/27/35;8Y15CE4QT09;Bluepeak;H3266-029;20250801;54100814;Approved;P-01867
Donna;Poole;10/13/58;8C67JK6CJ16;Bluepeak;H4593-026-002;20240201;54100814;Approved;P-01868
James;Houston;01/17/55;9QU8N91PC66;Summit Health Plans;H5371-004;20241001;78490893;Approved;P-01869
Kenneth;Houston;03/02/37;9X84CX3RJ64;Northwind Health;H9830-011;20240301;78490893;Disenrolled;P-01870
Kenneth;Houston;03/02/37;9X84CX3RJ64;Summit Health Plans;H9797-008;20260101;78490893;Approved;P-01871
William;Odonnell;03/13/49;3R89T74WQ97;Harborline;H3504-024;20241201;7150444;Approved;P-01872
Catherine;Odonnell;07/11/49;4QX2G45XD64;Bluepeak;H4593-016;20220901;7150444;Approved;P-01873
Melissa;Patterson;12/13/57;1VP5J56AR22;Northwind Health;H9830-007-002;20240101;77125617;Approved;P-01874
Jamie;Patterson;05/06/41;5DA4A60HG73;Bluepeak;H4593-023;20220201;77125617;Approved;P-01875
Joshua;Martin;08/03/58;3AJ8A16XN86;Meridian Care;H3591-030;20240501;61291817;Approved;P-01876
Brian;Holland;11/27/34;7RQ6JQ9MU28;Meridian Care;H8433-011-002;20220501;77125617;Approved;P-01877
Crystal;Holland;07/05/59;1JU5HP3EH24;Bluepeak;H3266-014;20250601;77125617;Approved;P-01878
Amy;Moore;08/31/43;7NF4YM8YD85;Meridian Care;R1053-017;20221101;33857966;Approved;P-01879
Kristina;Mason;12/12/51;2R75TR5FV22;Cardinal Mutual;H8668-022;20251001;77125617;Approved;P-01880
Jennifer;Davis;05/03/36;5NT7R76DJ88;Harborline;S2040-025;20240401;43339391;Approved;P-01881
Joshua;Davis;03/27/36;8VH2HX5XH60;Northwind Health;H5040-014;20220801;43339391;Disenrolled;P-01882
Joshua;Davis;03/27/36;8VH2HX5XH60;Meridian Care;H8433-002;20250201;43339391;Approved;P-01883
Kyle;Williams;11/11/50;2GA9YR6UR37;Northwind Health;H5040-010;20221101;10583482;Disenrolled;P-01884
Kyle;Williams;11/11/50;2GA9YR6UR37;Harborline;H3504-001;20260501;10583482;Approved;P-01885
Christina;Guzman;12/04/53;6KQ7HY3DQ49;Summit Health Plans;H5371-024-002;20220101;33857966;Approved;P-01886
Rose;Zamora;12/05/55;5U48C10XN80;Northwind Health;S6930-013;20230801;11576383;Approved;P-01887
Deborah;Lopez;02/13/59;6KQ7J04UM36;Summit Health Plans;H9797-018;20260301;37231783;Approved;P-01888
Ricardo;Lopez;12/11/49;4FE3AP4FW42;Meridian Care;H3591-007-003;20231101;37231783;Approved;P-01889
Natasha;Smith;04/24/55;1J42JW8TR76;Northwind Health;H9830-029;20240401;54100814;Approved;P-01890
Katherine;Smith;12/24/65;;Meridian Care;R5315-023;20250701;54100814;Approved;P-01891
Tina;Carter;08/22/43;4ED7VR0NT76;Cardinal Mutual;H7252-025;20240501;78490893;Withdrawn;P-01892
Peter;Carter;04/21/46;3J10HR0QT78;Northwind Health;R5304-009;20240701;78490893;Approved;P-01893
Christopher;Johnson;05/10/48;5PE4NJ7PG57;Harborline;S2040-028;20251101;78490893;Approved;P-01895
Teresa;Rivera;08/05/57;4JW5DN7RM67;Meridian Care;H3591-020-002;20221101;44524491;Approved;P-01896
Alicia;Lee;09/01/36;9RC3M35QH33;Bluepeak;H3266-005;20241101;54100814;Disenrolled;P-01897
Alicia;Lee;09/01/36;9RC3M35QH33;Cardinal Mutual;H8668-028-001;20260301;54100814;Approved;P-01898
Brenda;Lee;07/25/40;1H52K12TD61;Summit Health Plans;S8123-025;20250701;54100814;Approved;P-01899
Catherine;Stephens;06/13/55;6KU8T42RV19;Northwind Health;R8019-003-003;20230101;44524491;Approved;P-01900
Jennifer;Bond;08/14/37;5D68YG5WV31;Northwind Health;H9830-013;20230501;1884412;Approved;P-01901
Alex;Snow;04/27/60;7PT1R68XR21;Bluepeak;S1771-002;20250801;97102525;Approved;P-01902
Jacqueline;Kennedy;09/06/46;1XG5WT2VY46;Bluepeak;H4593-008-002;20240601;7150444;Disenrolled;P-01903
Jacqueline;Kennedy;09/06/46;1XG5WT2VY46;Meridian Care;H3591-016;20260401;7150444;Approved;P-01904
Cassandra;Jones;03/17/57;7G42VK5NM14;Northwind Health;S6930-005;20260401;43339391;Approved;P-01908
Katherine;Willis;03/03/37;3Q80MR9AE74;Meridian Care;H3591-030-003;20250401;74197857;Approved;P-01909
Meredith;Dominguez;04/21/51;7PC2KF3VX35;Meridian Care;H3591-015;20230601;13981052;Approved;P-01910
Kelly;Dominguez;07/06/46;1P00RR7EK85;Bluepeak;H4593-016;20261101;13981052;Unknown;P-01911
Andrew;Deleon;10/11/42;3GA2V18DP20;Summit Health Plans;H5371-018-002;20240901;33857966;Approved;P-01912
;;;;Harborline;R3621-026;20221101;7150444;Disenrolled;P-01913
Shelby;Jones;06/07/43;2J89MJ0JG50;Bluepeak;H3266-002;20250201;7150444;Approved;P-01914
Matthew;Deleon;11/03/41;1NC4V77EN90;Northwind Health;H9830-016-001;20230901;7150444;Approved;P-01916
Elizabeth;Brown;06/05/36;8EU4AA3KP68;Summit Health Plans;H5371-025;20240901;37231783;Unknown;P-01917
Elizabeth;Brown;06/05/36;8EU4AA3KP68;Harborline;H3504-013;20260101;37231783;Approved;P-01918
Jonathan;Chavez;02/03/35;9EW0HR8YH82;Bluepeak;S2489-010;20231101;94702683;Approved;P-01920
Alexa;Davis;02/18/45;7RW4W90HE63;Cardinal Mutual;H7252-009-002;20240201;11576383;Approved;P-01921
Ashley;Clay;06/06/44;6JY5F36CV85;Bluepeak;R9085-029;20230101;94O02683;Approved;P-01922
Holly;Russell;05/15/50;8TC4XY0XR78;Summit Health Plans;H5371-028;20220501;74197857;Approved;P-01923
Veronica;Russell;08/14/48;5AN7H96WX10;Meridian Care;H8433-029-001;20241001;74197857;Approved;P-01924
Michael;Morrison;08/09/35;8T51R99XE65;Cardinal Mutual;H8668-025-001;20240901;44524491;Approved;P-01925
John;Morrison;02/18/50;2FQ5U22WD82;Summit Health Plans;S8123-030;20260201;44524491;Approved;P-01927
Matthew;Bishop;08/11/51;6PH7JC4HT63;Summit Health Plans;S8123-001;20220801;43339391;Approved;P-01929
Charles;Russell;09/01/60;6RC2J41CR40;Summit Health Plans;H9797-006-002;20260401;7150444;Approved;P-01930
Maria;Russell;06/18/46;3PE9U23RR54;Meridian Care;H8433-027;20240501;7150444;Approved;P-01931
Joseph;King;03/10/52;8M93AK0GP60;Northwind Health;H9830-022;20220301;43339391;Disenrolled;P-01933
Joseph;King;03/10/52;8M93AK0GP60;Summit Health Plans;H5371-025;20240901;43339391;Approved;P-01934
Melissa;Smith;04/18/54;5G27GX9AM38;Meridian Care;H8433-015;20241201;1884412;Approved;P-01935
Kelly;Salazar;04/21/90;3Q91JK0YU31;Meridian Care;H8433-013;20220901;6831819;Approved;P-01938
Robert;Ramos;05/12/53;2RX4JN3GV61;Meridian Care;H3591-008;20240601;6831819;Disenrolled;P-01939
Robert;Ramos;05/12/53;2RX4JN3GV61;Harborline;H2796-013-001;20260201;6831819;Approved;P-01940
Douglas;Ramos;03/18/43;6FR1NE0TA55;Northwind Health;S7543-020;20240801;6831819;Approved;P-01941
Caitlyn;Powers;12/05/38;9XR2NW6YF63;Cardinal Mutual;H7252-011-003;20230901;78490893;Approved;P-01942
Shawn;Gonzalez;12/06/57;5XN3D62TH44;Summit Health Plans;H5371-014;20241001;11576383;Approved;P-01943
Christian;Gregory;07/17/50;3FF4TC8EA14;Meridian Care;H8433-003-003;20241001;61291817;Approved;P-01944
Charles;Robinson;11/04/38;7VE7YJ0AV05;Summit Health Plans;S5808-011;20240901;29898923;Approved;P-01945
Jamie;Young;12/03/34;2JD1R26XM60;Meridian Care;H8433-015-002;20220901;77125617;Approved;P-01948
Lori;Vasquez;03/12/54;5YV8KX5YD26;Summit Health Plans;H9797-024-001;20220101;1884412;Approved;P-01949
Jacqueline;Vasquez;11/03/50;1VQ2X85HF23;Cardinal Mutual;H8668-013;20220201;33857966;Approved;P-01951
Henry;Fernandez;07/05/42;6QY3GP9RF76;Bluepeak;H4593-003-003;20250901;7150444;Approved;P-01956
Sharon;Curtis;04/08/38;1G82VA1TU10;Bluepeak;S2489-005;20240301;94702683;Approved;P-01958
Sydney;Romero;05/28/80;2WT7U59PJ34;Harborline;H2796-005;20221001;99847493;Approved;P-01961
Amber;Vasquez;06/06/44;9UW8MG0MT59;Summit Health Plans;S8123-015-003;20260201;5265799;Approved;P-01963
Melody;Vasquez;05/29/37;3CF5MR1RU94;Meridian Care;S9201-017;20240301;5265799;Approved;P-01965
Heather;Wood;11/09/48;3DE8N37GJ50;Cardinal Mutual;H8668-005;20220601;61291817;Disenrolled;P-01966
Heather;Wood;11/09/48;3DE8N37GJ50;Bluepeak;H3266-029;20241101;61291817;Approved;P-01967
Nicole;Wood;02/06/39;9F52AC8EA01;Harborline;H3504-022;20251201;61291817;Approved;P-01968
Sarah;King;12/08/51;7TE0VA0KP87;Harborline;H3504-028;20221201;78490893;Approved;P-01969
Erin;Miller;06/18/52;7TP7UU7HK26;Harborline;H3504-002;20260401;33857966;Approved;P-01972
Mark;Miller;11/30/67;8D02VA6DX90;Cardinal Mutual;S2876-016;20240701;33857966;Approved;P-01974
Mitchell;Harrington;10/31/43;6HQ9P22PN87;Meridian Care;H8433-024;20251101;32244663;Approved;P-01975
Angelica;Herring;05/02/39;;Bluepeak;H3266-009;20220701;74197857;Disenrolled;P-01976
Angelica;Herring;05/02/39;;Northwind Health;R8019-013;20250801;74197857;Approved;P-01977
Madison;Rich;11/01/53;4U33YR5GU29;Summit Health Plans;S5808-011;20230901;99847493;Approved;P-01980
Christopher;Leon;11/28/40;3UA0FX3HE32;Summit Health Plans;R2827-001-002;20240201;33857966;Approved;P-01981
Thomas;Roth;02/20/45;3FJ5P82WN87;Northwind Health;H5040-025-003;20250701;97102525;Approved;P-01983
Michael;Johnson;01/20/41;4P59RM7GR84;Cardinal Mutual;H8668-011;20251201;37231783;Approved;P-01984
Stephen;Johnson;08/10/53;1VW0WU5QM50;Meridian Care;S3927-017;20251201;37231783;Approved;P-01986
Megan;Nelson;05/30/48;8K39RJ3UX22;Summit Health Plans;H9797-012;20240401;10583482;Disenrolled;P-01989
Megan;Nelson;05/30/48;8K39RJ3UX22;Bluepeak;H3266-008-003;20250601;10583482;Approved;P-01990
Lisa;Ponce;06/05/37;8VV5VT4VY55;Northwind Health;H9830-009-003;20240501;33857966;Approved;P-01993
Ronnie;Ponce;05/30/47;5UU7KJ7GD23;Harborline;H3504-013;20240901;77803264;Approved;P-01994
Adam;Jones;07/29/53;1CN9AN4PE73;Harborline;H2796-011;20240101;74197857;Approved;P-01995
Sylvia;Thomas;02/03/37;4J80RN3HP35;Harborline;R3621-019;20250401;33857966;Unknown;P-01996
Sylvia;Thomas;02/03/37;4J80RN3HP35;Bluepeak;H4593-020-003;20260501;33857966;Approved;P-01997
Hannah;Thomas;04/18/40;3UH7RJ0XU73;Meridian Care;H8433-028;20250201;33857966;Approved;P-01998
Keith;Calhoun;09/03/60;1T22YQ2YA10;Summit Health Plans;H9797-013;20260501;33857966;Approved;P-01999
Deanna;Johns;10/23/76;8ED7TN3XW72;Summit Health Plans;H5371-022;20230601;90949389;Disenrolled;P-02000
Deanna;Johns;10/23/76;8ED7TN3XW72;Meridian Care;H8433-025-002;20260201;90949389;Approved;P-02001
Andrew;Ford;01/07/47;6C47AP1HC69;Cardinal Mutual;S1188-011-001;20240301;4356886;Approved;P-02002
Michael;Francis;12/20/41;3MD3UE7JA63;Northwind Health;H5040-002;20250101;10583482;Approved;P-02003
Misty;Brown;02/17/47;7N16C96UU55;Harborline;S7304-010;20250101;43339391;Approved;P-02005
Jennifer;Brown;11/08/36;3PA4CG5WY88;Northwind Health;S6930-005;20220501;43339391;Approved;P-02007
Brenda;Sandoval;10/24/43;2DN5QR1JM04;Meridian Care;S3927-018-002;20240501;54100814;Approved;P-02010
Danielle;Sandoval;09/20/45;1QM9MY3NR58;Meridian Care;H8433-007;20220301;54100814;Approved;P-02011
Stephanie;Lane;10/03/33;1C30KP3XW04;Meridian Care;H8433-016;20250901;44524491;Approved;P-02013
Jessica;Daniel;11/15/52;2GW1PC1QK54;Cardinal Mutual;H7252-004;20240301;33857966;Approved;P-02015
Brian;Daniel;02/19/56;7G42XP7XM74;Northwind Health;S6930-004;20231201;33857966;Approved;P-02017
Deanna;Nielsen;10/29/38;7YM5KD9EJ78;Harborline;R7916-005;20220301;29898923;Approved;P-02019
Jessica;Valdez;07/05/51;8M11MR4KA26;Northwind Health;H9830-005;20250901;10583482;Approved;P-02020
Catherine;Brown;09/28/50;9CV4V92AT27;Bluepeak;H4593-023-002;20220501;33857966;Approved;P-02022
Sara;Stanley;07/12/43;7FT7RT4RY58;Summit Health Plans;H5371-021;20240901;61291817;Disenrolled;P-02023
Sara;Stanley;07/12/43;7FT7RT4RY58;Harborline;R7916-009;20251001;61291817;Approved;P-02024
Dale;Frank;03/09/34;1NJ6R87VH20;Northwind Health;H5040-028-003;20230101;74197857;Approved;P-02025
Andre;Bennett;10/18/42;2N51VA1QQ48;Northwind Health;S7543-028-001;20260501;37231783;Approved;P-02027
David;Carlson;12/17/52;6UJ4D75XD06;Cardinal Mutual;H7252-008;20260201;77125617;Approved;P-02028
Shelly;Lewis;02/26/56;1RF1CV4CD57;Summit Health Plans;S5808-002;20250401;99847493;Approved;P-02031
Carol;Brown;08/15/43;2MC7JU3CV71;Bluepeak;S2489-020;20230601;97102525;Approved;P-02032
Danielle;Rocha;04/15/57;4SF9T12NK01;Summit Health Plans;S8123-016;20231101;77125617;Approved;P-02036
Miguel;Rocha;04/25/48;9CC7XG4RH66;Summit Health Plans;H5371-012;20250301;77125617;Approved;P-02037
Aaron;Murray;01/20/60;4ET2E01JP98;Harborline;H3504-022-001;20250201;44524491;Approved;P-02038
Bradley;Murray;04/25/58;4HN2A76GG60;Bluepeak;H3266-005;20260501;44524491;Approved;P-02039
Rodney;Burns;08/09/54;8EY9MN7KC51;Meridian Care;R1053-020;20250301;94702683;Approved;P-02040
Steven;Bush;03/02/35;8RJ5GK1JA22;Summit Health Plans;S8123-024-002;20260401;6831819;Approved;P-02042
Monica;Williams;08/21/51;2UN3FF7YY75;Cardinal Mutual;S1188-013;20221101;13981052;Approved;P-02044
Erica;Villarreal;05/20/37;9MP4RT3DH71;Cardinal Mutual;S1188-022;20251201;5265799;Approved;P-02046
Mary;Weeks;09/29/37;2D97Q81TA61;Meridian Care;S3927-007;20230201;6831819;Approved;P-02048
Tammy;Garcia;04/22/53;7KA0DX1NM26;Northwind Health;S6930-003;20251101;43339391;Approved;P-02050
Amy;Richards;08/27/36;5QR2K98FF30;Bluepeak;H3266-030;20240401;61291817;Disenrolled;P-02051
Amy;Richards;08/27/36;5QR2K98FF30;Summit Health Plans;H5371-004-003;20250801;61291817;Approved;P-02052
Shelly;Richards;05/12/51;2UM6KN3JE64;Northwind Health;H9830-004-002;20250201;61291817;Disenrolled;P-02053
Shelly;Richards;05/12/51;2UM6KN3JE64;Harborline;H2796-030;20260401;61291817;Approved;P-02054
Chelsea;Scott;12/27/44;8WR9NT6CE88;Bluepeak;H3266-021-003;20261101;44524491;Submitted;P-02055
Brittany;Gonzalez;10/31/48;8CE6V45FP31;Meridian Care;S9201-016-001;20250701;61855700;Approved;P-02057
Todd;Cisneros;11/07/51;3XA5PC9PU92;Northwind Health;S6930-013;20240901;90949389;Approved;P-02059
Eric;Brown;08/02/39;3WF2HJ1GN67;Bluepeak;H4593-017-003;20240801;4356886;Approved;P-02061
Scott;Duncan;02/11/44;5FN0NX2NJ09;Harborline;H2796-013;20231201;97102525;Approved;P-02065
Caitlin;James;10/29/54;1EA7NH5CG46;Summit Health Plans;H9797-006;20250101;61855700;Unknown;P-02067
Caitlin;James;10/29/54;1EA7NH5CG46;Bluepeak;H4593-018-001;20260301;61855700;Approved;P-02068
William;Castro;06/17/51;4UA8PW7VH79;Northwind Health;S6930-027-001;20221101;90949389;Approved;P-02069
Steven;Castro;11/30/40;2YJ1T68MK98;Bluepeak;H3266-021-002;20241201;90949389;Approved;P-02070
Linda;Yates;01/10/44;5W31E48AW29;Meridian Care;S3927-016-001;20250601;4356886;Approved;P-02073
Scott;Hernandez;02/25/49;4H30T40QR67;Meridian Care;H3591-004-001;20220401;97102525;Approved;P-02074
Amy;Hill;05/29/41;4K10JU7YD70;Bluepeak;H4593-001;20260201;77125617;Approved;P-02075
Traci;Graham;08/13/56;8MF4RW4UJ25;Harborline;S7304-027-002;20260301;33857966;Approved;P-02076
;;;;Summit Health Plans;R2827-018;20220701;4356886;Approved;P-02077
John;Kemp;10/10/45;5GC5KC5DP56;Harborline;H2796-002;20240701;4356886;Approved;P-02078
Louis;Davis;05/15/50;1CA0MC0MR45;Cardinal Mutual;H7252-010;20230501;54100814;Disenrolled;P-02080
Louis;Davis;05/15/50;1CA0MC0MR45;Summit Health Plans;H9797-010-002;20251201;54100814;Approved;P-02081
David;Barton;01/03/54;6DD8EG1QP25;Summit Health Plans;H5371-020;20220401;1884412;Approved;P-02082
Daniel;Ramos;05/12/51;6VY2K14DW32;Northwind Health;H5040-028;20240901;5265799;Approved;P-02086
Christine;Foster;10/03/33;6OD4MV9MA09;Harborline;H3504-029;20250701;29898923;Approved;P-02087
Christine;Foster;10/03/33;6OD4MV9MA09;Harborline;H3504-029;20250701;29898923;Approved;P-02087
Megan;White;05/27/50;2XE8TE6FW97;Cardinal Mutual;S2876-025;20230801;7150444;Approved;P-02090
Kimberly;White;03/29/54;3NX9HE7RX70;Harborline;H3504-011;20241001;7150444;Approved;P-02091
Theresa;Wright;12/03/34;5K57UU1KC57;Bluepeak;H4593-023;20240601;44524491;Disenrolled;P-02092
Theresa;Wright;12/03/34;5K57UU1KC57;Cardinal Mutual;H7252-021-002;20250601;44524491;Approved;P-02093
Deborah;Wright;04/19/35;4UK4WK5NN76;Meridian Care;S9201-027;20260101;44524491;Approved;P-02094
Deborah;Wright;04/19/35;4UK4WK5NN76;Meridian Care;S9201-027;20260101;44524491;Approved;P-02094
Denise;Wheeler;09/26/36;8FV2UQ9NV87;Meridian Care;H8433-027;20220401;97102525;Approved;P-02095
Kevin;Wheeler;02/27/47;3TR4KW2YM35;Northwind Health;H9830-026;20261101;97102525;Unknown;P-02096
Joy;Floyd;05/12/56;5XD9EQ3RX50;Cardinal Mutual;S1188-013-001;20250801;94702683;Approved;P-02098
Angela;Floyd;11/16/44;8CA8DH3MX02;Cardinal Mutual;H7252-025-002;20230201;94702683;Approved;P-02099
Matthew;Townsend;02/22/52;2FA3JX0PY66;Cardinal Mutual;R5119-027-001;20250801;74197857;Approved;P-02101
Lauren;Richmond;03/18/51;4M08NC3AG77;Bluepeak;H4593-027;20260301;54100814;Approved;P-02102
Ronnie;Richmond;04/04/50;;Meridian Care;H3591-024;20260101;54100814;Approved;P-02103
David;Frey;04/24/48;2NU3D18CF04;Harborline;H2796-015;20220201;32244663;Approved;P-02106
Nancy;Frey;05/27/52;3RP7V91MY63;Harborline;H2796-012-003;20260401;32244663;Approved;P-02107
Melissa;Sparks;08/16/53;2TK9HD7PR07;Northwind Health;H9830-007;20230301;4356886;Approved;P-02108
Melissa;Sparks;08/16/53;2TK9HD7PR07;Northwind Health;H9830-007;20230301;4356886;Approved;P-02108
Danielle;Sparks;10/30/39;1E14XG6GD89;Bluepeak;H3266-003-001;20221101;4356886;Approved;P-02109
Amanda;Delacruz;08/19/50;1K67DD8AC45;Northwind Health;H5040-023;20220401;6831819;Approved;P-02110
Steven;Delacruz;11/14/33;3UQ9H54UU96;Northwind Health;H9830-013-003;20240301;6831819;Approved;P-02111
Emma;Williams;03/17/59;9R41UN4EV27;Cardinal Mutual;H8668-018;20260401;11576383;Approved;P-02112
Justin;Rollins;04/03/50;8WQ5CK4MD44;Bluepeak;R9085-025;20251201;78490893;Approved;P-02113
Amanda;Rollins;12/31/43;1DN1JT8RG68;Summit Health Plans;H5371-003-001;20230501;78490893;Approved;P-02114
Angela;Dillon;08/22/43;7WD4JR5XU23;Meridian Care;H3591-022;20250301;43339391;Approved;P-02115
Cynthia;Murphy;08/21/96;2W80A87UW42;Harborline;H2796-017;20240901;5265799;Approved;P-02116
Cynthia;Murphy;08/21/96;2W80A87UW42;Harborline;H2796-017;20240901;5265799;Approved;P-02116
Michaela;Smith;07/03/55;2KH0X52EP27;Meridian Care;H3591-007;20221201;61855700;Approved;P-02117
Michelle;Smith;10/15/51;2G10PX9KM76;Meridian Care;S9201-011-003;20250201;61855700;Approved;P-02119
Alexis;Tran;04/12/49;7T86DR6FX65;Cardinal Mutual;H7252-005;20241101;77125617;Approved;P-02121
Eric;Robertson;03/31/52;1QY4AY7WT38;Northwind Health;H9830-029;20240801;90949389;Approved;P-02122
Olivia;Robertson;03/16/47;5J79JA0KR03;Harborline;H3504-029-003;20250901;90949389;Approved;P-02123
Hannah;Robertson;05/29/39;1MM7YC5WJ04;Northwind Health;S7543-006;20240701;90949389;Approved;P-02125
Shannon;Perez;07/09/44;8GP5JG0PF85;Harborline;H2796-007;20220501;10583482;Approved;P-02127
Allen;Small;09/30/38;1K35DN6XY33;Bluepeak;H4593-026;20261101;74197857;Unknown;P-02129
Christopher;Reyes;09/10/54;6G73YC6CP63;Northwind Health;S7543-007;20240301;33857966;Approved;P-02131
Joshua;Hartman;06/10/42;4RM3RP3DM59;Harborline;H2796-012;20260301;13981052;Approved;P-02132
Adam;Moon;01/01/57;8R43J10FH04;Bluepeak;H4593-004;20221001;33857966;Approved;P-02133
Deborah;Smith;05/22/60;4W96QR8MT07;Bluepeak;H3266-011-001;20260401;4356886;Approved;P-02134
Christina;Williams;06/24/65;9FH3CX7AD99;Harborline;H3504-012;20241101;37231783;Approved;P-02135
Amber;Glover;03/22/60;9D82UX0MG52;Meridian Care;H3591-014;20251201;1884412;Approved;P-02137
Angela;Levine;05/22/37;8WX0K88JH46;Harborline;H3504-030;20260301;61291817;Approved;P-02139
Stephen;Murray;09/16/38;7MC5Y89UM30;Cardinal Mutual;S2876-017;20241001;99847493;Approved;P-02141
Janice;Murray;08/08/46;9VU0M81NN78;Northwind Health;S6930-007-003;20250501;99847493;Approved;P-02142
Michael;Le;03/06/43;5A97VK6KA15;Harborline;H2796-004;20240501;32244663;Unknown;P-02144
Michael;Le;03/06/43;5A97VK6KA15;Summit Health Plans;H5371-011;20251201;32244663;Approved;P-02145
Sabrina;Le;05/01/39;7QT2YG9YC72;Meridian Care;S9201-004-002;20220901;32244663;Approved;P-02147
Megan;Martinez;10/23/46;4YF3W19VQ22;Meridian Care;H8433-006;20231101;5265799;Approved;P-02148
Stephanie;Ortiz;12/19/58;2M69GR2UJ50;Cardinal Mutual;H7252-027-001;20250901;74197857;Approved;P-02149
Haley;White;12/15/58;2RQ5X75MN43;Northwind Health;S6930-005;20240201;78490893;Approved;P-02151
Ashley;Brown;08/08/42;9Q41E67DH40;Bluepeak;S2489-005;20250501;97102525;Approved;P-02154
James;Brown;04/28/40;7PC5HM7UK11;Northwind Health;H9830-007;20240301;97102525;Approved;P-02155
Audrey;Wiley;12/17/49;2P85G58GJ01;Harborline;H2796-021-003;20240201;10583482;Approved;P-02156
Martin;Johnson;11/14/45;8WM4GY8GX93;Northwind Health;H5040-004;20261101;1884412;Submitted;P-02159
Eric;Johnson;02/03/41;9XD0N05UX99;Harborline;H2796-009;20220601;1884412;Approved;P-02160
Julie;Graham;02/04/59;4D33XN9MJ57;Meridian Care;H3591-024;20250801;11576383;Approved;P-02161
Matthew;Williams;08/14/56;5UW8XH7TC70;Northwind Health;H5040-021-002;20231201;1884412;Approved;P-02162
Brooke;Summers;06/20/36;3A47YV0KU07;Summit Health Plans;H5371-016;20240901;43339391;Approved;P-02163
Valerie;Davis;08/07/42;2XW3V95TX28;Cardinal Mutual;H7252-004;20221101;77125617;Approved;P-02164
Andrew;Davis;12/10/38;5T78UE5NJ33;Summit Health Plans;H9797-021-003;20220501;77125617;Disenrolled;P-02165
Andrew;Davis;12/10/38;5T78UE5NJ33;Cardinal Mutual;H7252-020;20250901;77125617;Approved;P-02166
Elizabeth;Orozco;09/21/58;5Y49P88TC05;Harborline;H2796-028;20240101;32244663;Disenrolled;P-02167
Elizabeth;Orozco;09/21/58;5Y49P88TC05;Summit Health Plans;H9797-011-003;20250501;32244663;Approved;P-02168
Michael;Knox;04/06/58;4WU2AT5TY31;Meridian Care;H8433-026-003;20241201;97102525;Approved;P-02170
Michael;Williams;07/03/46;1X92UT1PT36;Northwind Health;H5040-029-003;20241001;78490893;Disenrolled;P-02171
Michael;Williams;07/03/46;1X92UT1PT36;Cardinal Mutual;H7252-026;20260301;78490893;Approved;P-02172
Joshua;Wilson;03/24/52;2YR6T16AD50;Harborline;H2796-001-001;20251001;44524491;Approved;P-02173
Veronica;Moses;03/13/40;4FX7UM1CN06;Harborline;S2040-008;20241001;6831819;Approved;P-02175
Eric;Bennett;08/09/52;7TC9YQ0WT49;Northwind Health;H5040-001-003;20240301;7150444;Disenrolled;P-02180
Eric;Bennett;08/09/52;7TC9YQ0WT49;Summit Health Plans;H5371-015;20260401;7150444;Approved;P-02181
Isaiah;Medina;03/15/44;3TK8G23AC97;Harborline;H3504-019;20220501;90949389;Approved;P-02182
Bruce;Medina;06/13/54;;Summit Health Plans;S8123-020;20221101;90949389;Approved;P-02184
Dawn;Duncan;07/08/38;7JU8D53EY15;Meridian Care;H8433-026;20220701;32244663;Disenrolled;P-02185
Dawn;Duncan;07/08/38;7JU8D53EY15;Northwind Health;H5040-010-002;20260301;32244663;Approved;P-02186
Philip;Davis;08/12/50;3UW9D71YG68;Northwind Health;H9830-022;20250301;13981052;Approved;P-02187
Christopher;Valencia;03/16/47;8F69KG0RU08;Harborline;S2040-009-003;20220201;90949389;Approved;P-02189
Corey;Bernard;08/11/40;4GP1YX0DA26;Bluepeak;H4593-005;20230301;97102525;Approved;P-02192
Daniel;Rodriguez;01/15/47;6PK3KK8GD38;Northwind Health;S6930-016-002;20250501;77125617;Approved;P-02193
Samuel;Rodriguez;08/10/49;6P53G83UP08;Bluepeak;R9348-015;20260101;77125617;Approved;P-02194
Timothy;Stark;06/19/57;8X86NR2WA73;Harborline;S7304-025;20230901;1884412;Approved;P-02196
Diane;Cline;12/28/38;6PV7GX3TA62;Meridian Care;H8433-024;20250501;99847493;Approved;P-02197
Derek;Krause;06/20/56;8P70DD5HF70;Bluepeak;H3266-030;20260201;90949389;Approved;P-02198
Carl;Adkins;12/05/41;1NJ8GW9WD22;Bluepeak;R9085-015;20250601;78490893;Approved;P-02199
Terri;Adkins;03/16/45;2G05QF2FA83;Harborline;H3504026;20260301;78490893;Approved;P-02200
James;King;03/20/58;7AM2UV5UE03;Meridian Care;S3927-013-001;20250601;99847493;Approved;P-02203
Gabriela;Tate;06/14/56;9YX0W88VQ08;Northwind Health;H9830-020;20220501;97102525;Approved;P-02204
Denise;Tate;01/13/70;9VM4KH7FE32;Cardinal Mutual;H7252-025-003;20240401;97102525;Approved;P-02205
John;Johnson;02/03/42;7V24GE8EW01;Summit Health Plans;H9797-023-001;20260401;74197857;Approved;P-02206
Tara;Novak;04/27/58;;Northwind Health;H5040-013-002;20241201;5265799;Disenrolled;P-02209
Tara;Novak;04/27/58;;Summit Health Plans;H9797-018;20260101;5265799;Approved;P-02210
Barry;Turner;11/27/45;4Q72FH8AD37;Bluepeak;H4593-027;20220301;33857966;Approved;P-02211
Paul;Bradford;09/13/48;3C04PC9WA63;Meridian Care;S3927-008;20250901;74197857;Approved;P-02212
Daisy;Horn;09/13/58;5QE7JC5DN13;Meridian Care;S9201-002;20241201;4356886;Approved;P-02214
Lori;Collins;04/12/47;4QJ8PU4HJ91;Harborline;H2796-026-001;20250201;61855700;Approved;P-02215
Christopher;Collins;03/31/45;;Meridian Care;H8433-017;20230501;61855700;Approved;P-02216
Stacy;Sanchez;11/06/35;1EQ5EY8WY06;Northwind Health;S6930-002;20251201;78490893;Approved;P-02218
Stacy;Sanchez;03/16/55;1KQ1Q02FV43;Summit Health Plans;H5371-026;20251101;78490893;Approved;P-02219
Joseph;Baird;04/11/39;5DK4F37EX74;Bluepeak;S1771-019-002;20231001;4356886;Approved;P-02220
Anne;Kim;12/07/36;6R94F57FX43;Meridian Care;H3591-019-003;20240301;10583482;Approved;P-02221
Vickie;Kim;05/19/57;3HR0TM1UC60;Bluepeak;H4593-022-002;20230401;10583482;Approved;P-02222
Alan;Wolfe;04/07/42;6K10EQ3TY05;Summit Health Plans;H9797-015;20260201;29898923;Approved;P-02223
Martin;Wolfe;03/08/39;9G59R05RE20;Cardinal Mutual;H8668-013;20240101;29898923;Unknown;P-02224
Martin;Wolfe;03/08/39;9G59R05RE20;Meridian Care;H8433-029;20251001;29898923;Approved;P-02225
Mary;Wolfe;10/18/58;;Bluepeak;S1771-021-003;20250501;29898923;Approved;P-02227
Sandra;Rodriguez;06/28/53;7N69EW1XV05;Summit Health Plans;H9797-028;20221201;29898923;Approved;P-02228
Brandy;Curtis;12/18/52;7UT6XF1XE05;Cardinal Mutual;H7252-020;20220101;7150444;Approved;P-02229
Stephen;Barrett;05/28/51;8LW4JE5PR76;Harborline;R3621-019;20250301;13981052;Approved;P-02230
Christopher;Frederick;09/10/45;2X10NR6NE41;Bluepeak;H3266-017-002;20250801;94702683;Approved;P-02231
Tyler;Williams;04/03/59;8AG4G73RJ74;Meridian Care;H3591-003;20260401;1884412;Approved;P-02232
David;Ford;08/01/45;2DE4TQ2AT34;Summit Health Plans;S5808-009;20240601;29898923;Approved;P-02234
Sharon;Johnson;12/02/49;8AA8V89KJ83;Northwind Health;H9830-016;20220301;13981052;Approved;P-02235
Mark;Johnson;09/26/45;5DV9C42MM62;Bluepeak;H3266-023-001;20241201;13981052;Disenrolled;P-02236
Mark;Johnson;09/26/45;5DV9C42MM62;Meridian Care;H3591-003-002;20260401;13981052;Approved;P-02237
April;Fletcher;01/24/51;8HW6W51HJ72;Bluepeak;S2489-012;20250901;54100814;Approved;P-02240
Kelli;Bowman;03/12/84;4JV4D97VT60;Cardinal Mutual;H7252-016;20221001;97102525;Approved;P-02241
Scott;Bowman;09/30/56;2RU8DG8VJ79;Summit Health Plans;H9797-025;20250501;97102525;Disenrolled;P-02242
Scott;Bowman;09/30/56;2RU8DG8VJ79;Meridian Care;H3591-026;20260501;97102525;Approved;P-02243
Jeremiah;Casey;02/29/36;4GC7G04VR11;Cardinal Mutual;S1188-008;20231001;5265799;Approved;P-02244
Lindsay;Duran;09/12/55;5WT4VN6GH78;Summit Health Plans;S5808-016;20250601;10583482;Approved;P-02247
Sydney;Walker;10/16/39;4RW9XC6PU41;Cardinal Mutual;R9669-029;20250901;32244663;Approved;P-02248
Jose;Ramos;05/15/44;8U27VP9FY45;Bluepeak;S2489-015;20240901;43339391;Approved;P-02250
Veronica;Reed;05/17/88;6QU0FE7VG95;Northwind Health;H9830-024;20250201;33857966;Disenrolled;P-02251
Veronica;Reed;05/17/88;6QU0FE7VG95;Harborline;R3621-010-001;20260201;33857966;Approved;P-02252
Penny;Mccullough;03/24/48;8MV6H02WD07;Meridian Care;H8433-002;20250701;7150444;Approved;P-02256
Stephanie;Gates;03/21/69;6HD7QQ0GM45;Summit Health Plans;H9797-017;20261101;61291817;Submitted;P-02257
Brian;Morales;05/20/49;9HK2RA5HJ88;Meridian Care;H8433-019;20221101;94702683;Approved;P-02258
Grant;Jones;05/06/57;5VT4NE2QE93;Summit Health Plans;H9797-021;20241001;10583482;Approved;P-02259
Aaron;Woods;11/08/47;8VH7D05EC41;Cardinal Mutual;H8668-016;20230401;6831819;Approved;P-02261
Charles;Hernandez;03/19/41;7UN5TX1FA94;Harborline;H3504-029;20231001;43339391;Approved;P-02262
Charles;Friedman;01/09/58;2ME8JN9CY49;Harborline;H2796-015-002;20230301;54100814;Disenrolled;P-02264
Charles;Friedman;01/09/58;2ME8JN9CY49;Bluepeak;H3266-024;20251201;54100814;Approved;P-02265
Mary;Gomez;01/31/43;6D79JY1KQ03;Summit Health Plans;H9797-008;20240501;7150444;Approved;P-02266
Sharon;Gomez;10/14/38;9PW7UT0UP01;Meridian Care;R1053-011-003;20230101;7150444;Disenrolled;P-02267
Sharon;Gomez;10/14/38;9PW7UT0UP01;Summit Health Plans;H5371-025;20250701;7150444;Approved;P-02268
Michael;Willis;02/18/47;4J48QH8EJ03;Meridian Care;H8433-010-003;20221001;94702683;Approved;P-02269
Robert;Smith;03/14/53;4KX5ME2ET62;Summit Health Plans;H9797-028;20220401;78490893;Approved;P-02270
Ronald;Zamora;07/10/40;6AM5QV6YR90;Summit Health Plans;H9797-003;20220301;29898923;Disenrolled;P-02271
Ronald;Zamora;07/10/40;6AM5QV6YR90;Harborline;H2796-030;20230801;29898923;Approved;P-02272
Paul;Chapman;11/02/57;4JJ3NR9MF01;Harborline;S7304-013-002;20251101;68O1819;Approved;P-02273
Joseph;Chapman;12/11/54;7MD0HD8MD73;Bluepeak;H4593-007;20250701;6831819;Approved;P-02274
Brittney;Neal;06/11/59;;Bluepeak;H4593-029;20260201;11576383;Approved;P-02275
Jennifer;Neal;11/08/49;7F68R50UV13;Summit Health Plans;H5371-026;20260301;11576383;Approved;P-02276
Melissa;Archer;08/17/41;1P28F14CP54;Meridian Care;S9201-022-003;20240301;94702683;Approved;P-02278
Shirley;Bass;10/23/51;3HE9P90UW73;Harborline;H2796-008;20220101;94702683;Approved;P-02280
Robert;Murphy;10/05/48;7F88MY7PQ57;Meridian Care;H3591-020;20241101;97102525;Approved;P-02281
Catherine;Murphy;12/10/59;6TW7V92VA95;Bluepeak;S2489-020;20260401;97102525;Approved;P-02282
Bradley;Wilson;09/30/46;9VT5VT5CX80;Bluepeak;H4593-002;20250701;4356886;Approved;P-02285
Kevin;Reynolds;05/26/43;3CF4K64AU31;Cardinal Mutual;H7252-004;20250101;99847493;Approved;P-02286
Michelle;Harris;10/11/44;8NR5F20WJ13;Meridian Care;H3591-021-002;20220101;74197857;Approved;P-02288
Mathew;Harris;09/08/42;5D56Q24HC86;Harborline;H2796-004;20220201;74197857;Approved;P-02289
Michael;Green;08/03/45;7CR7JU7VW92;Harborline;S2040-026-002;20220501;61291817;Approved;P-02291
Emily;Moore;03/15/49;7NW5T45TX03;Meridian Care;S3927-021;20260401;61855700;Approved;P-02293
Derek;Moore;09/21/34;4UV4W26NG30;Northwind Health;H5040-007;20241101;61855700;Approved;P-02294
Robert;Klein;03/14/56;8PH9R54DR38;Bluepeak;H4593-027-002;20261101;29898923;Submitted;P-02295
Judith;Klein;07/10/44;3QJ3AW0KW08;Summit Health Plans;H9797-004;20250901;29898923;Approved;P-02296
Teresa;Lucas;10/19/47;2FT1QV1AX81;Cardinal Mutual;H7252-003;20240601;90949389;Disenrolled;P-02297
Teresa;Lucas;10/19/47;2FT1QV1AX81;Summit Health Plans;H5371-004-003;20251201;90949389;Approved;P-02298
;;;;Harborline;H3504-030;20230701;4356886;Disenrolled;P-02299
Angie;Martin;04/27/45;4P79MR8XN37;Meridian Care;R5315-023;20241201;4356886;Approved;P-02300
Sheryl;Martin;03/24/40;7CJ2J17AE40;Meridian Care;H3591-012;20250401;4356886;Disenrolled;P-02301
Sheryl;Martin;03/24/40;7CJ2J17AE40;Northwind Health;R8019-024;20260501;4356886;Approved;P-02302
Victoria;Morales;04/12/56;6Y25JJ8MD62;Meridian Care;S9201-011-001;20260101;1884412;Approved;P-02304
Michael;Logan;06/13/44;4RJ5RV0VU79;Bluepeak;H3266-029;20250501;43339391;Approved;P-02305
Lisa;Logan;08/14/56;1YR4UM2YH26;Bluepeak;H4593-020;20241001;43339391;Approved;P-02306
Gilbert;David;04/25/43;3QF7U83JE25;Northwind Health;S6930-013-003;20241001;33857966;Approved;P-02307
David;Sampson;02/26/46;3MQ9QV5ER92;Cardinal Mutual;H7252-012-001;20220501;4356886;Approved;P-02308
Brett;Anderson;09/28/76;6VC7RR4WT84;Summit Health Plans;S5808-006;20220801;44524491;Approved;P-02309
Brendan;Frost;07/28/38;9WE6A13PJ41;Meridian Care;H3591-026;20240801;61855700;Disenrolled;P-02310
Brendan;Frost;07/28/38;9WE6A13PJ41;Northwind Health;R5304-021;20260201;61855700;Approved;P-02311
Michael;Frost;10/18/38;9J55VK4WA12;Cardinal Mutual;H8668-023-002;20240601;61855700;Approved;P-02312
Brenda;Lang;05/10/44;5A98A13AW92;Meridian Care;H8433-027;20221101;44524491;Disenrolled;P-02313
Brenda;Lang;05/10/44;5A98A13AW92;Meridian Care;H8433-027;20221101;44524491;Disenrolled;P-02313
Brenda;Lang;05/10/44;5A98A13AW92;Summit Health Plans;H5371-002;20250501;44524491;Approved;P-02314
Tiffany;Miller;02/12/43;4W86NR2RC08;Harborline;R3621-028;20220101;94702683;Approved;P-02315
Patricia;Caldwell;12/30/66;9U02FC3AT10;Cardinal Mutual;R9669-007;20241101;90949389;Approved;P-02316
Gregory;Benson;08/28/38;3T32Y12YM28;Bluepeak;H4593-010;20240301;78490893;Approved;P-02317
Drew;Ward;07/17/46;4Z69E86DY05;Summit Health Plans;S5808-019-003;20230901;61291817;Approved;P-02320
Martha;Wiley;10/30/39;8Y48Y11KN48;Northwind Health;H5040-016;20220601;54100814;Approved;P-02321
Katie;Jones;09/09/59;3W98QP8AU20;Summit Health Plans;S5808-012;20241101;29898923;Approved;P-02322
Tyler;Chavez;10/15/49;;Northwind Health;H5040-005-003;20251101;74197857;Approved;P-02323
Luis;Chavez;11/05/40;1F95EX0QT24;Harborline;H3504-023-002;20250901;74197857;Approved;P-02324
Ryan;Morales;11/14/50;5FC2GH0NX75;Bluepeak;H3266-018;20240601;43339391;Approved;P-02326
Elizabeth;Johnson;07/22/47;6Q88PA6QK87;Meridian Care;H8433-004;20241001;90949389;Disenrolled;P-02327
Elizabeth;Johnson;07/22/47;6Q88PA6QK87;Northwind Health;H9830-013-002;20251201;90949389;Approved;P-02328
Gerald;Herring;11/16/39;5E24PC5QH37;Cardinal Mutual;R9669-028;20220301;94702683;Approved;P-02329
Alan;Evans;10/31/48;3XV1HJ2MD99;Cardinal Mutual;H7252-023-001;20240601;33857966;Approved;P-02330
Kathryn;Evans;05/04/44;5WY0XV5YF71;Meridian Care;H8433-016;20230501;33857966;Disenrolled;P-02331
Kathryn;Evans;05/04/44;5WY0XV5YF71;Bluepeak;H3266-023;20241201;33857966;Approved;P-02332
Gregory;Smith;08/21/52;2T69C00NH12;Harborline;H3504-010;20240301;61291817;Disenrolled;P-02334
Gregory;Smith;08/21/52;2T69C00NH12;Meridian Care;H8433-018;20250301;61291817;Approved;P-02335
Donna;Robinson;01/21/59;4E58JP9ME23;Meridian Care;H3591-007;20260201;6831819;Approved;P-02336
Daniel;Robinson;07/01/57;8D91QG7KH51;Summit Health Plans;H9797-005-002;20240101;6831819;Disenrolled;P-02337
Daniel;Robinson;07/01/57;8D91QG7KH51;Cardinal Mutual;H7252-005;20250501;6831819;Approved;P-02338
Cheryl;Mitchell;06/17/52;1G06HJ5QK16;Bluepeak;R9085-002;20250501;99847493;Approved;P-02339
Brooke;Chapman;04/05/53;4Q98PC4MW52;Northwind Health;H5040-011;20240101;5265799;Approved;P-02340
Bryan;Mccarthy;09/08/53;1AK5V99FU52;Harborline;H2796025;20230101;1884412;Approved;P-02341
Jimmy;Moreno;03/26/44;3WK3YX7MV69;Northwind Health;S7543-027;20241201;43339391;Approved;P-02343
Sarah;Avila;04/07/46;1QN8Q79UF23;Bluepeak;H4593-013-001;20221101;5265799;Unknown;P-02345
Sarah;Avila;04/07/46;1QN8Q79UF23;Northwind Health;R8019-028-001;20240801;5265799;Approved;P-02346
Cynthia;Wagner;10/24/35;3C62WQ1FF32;Cardinal Mutual;S1188-021;20241201;54100814;Approved;P-02348
Edwin;Love;09/20/51;1AA1HF7VY28;Meridian Care;H8433-019;20221101;1884412;Unknown;P-02349
Edwin;Love;09/20/51;1AA1HF7VY28;Bluepeak;H3266-013-001;20240701;1884412;Approved;P-02350
Cody;Snyder;03/23/45;9Y77TX5HQ14;Summit Health Plans;H9797-020-002;20220101;7150444;Approved;P-02351
Stuart;Howell;02/27/50;7DU3RG9FM59;Summit Health Plans;R2827-028;20250701;94702683;Approved;P-02352
Lynn;Ewing;12/01/54;3V73HV1HV52;Bluepeak;H4593-013;20251101;54100814;Approved;P-02353
Edward;Ewing;09/10/51;5DG4N92GX24;Harborline;H2796-017;20260401;54100814;Approved;P-02354
Patricia;Watkins;10/11/85;8KE5H75WJ38;Meridian Care;R1053-024;20240501;94702683;Approved;P-02355
Cathy;Riley;03/30/43;3P57FJ2HA07;Cardinal Mutual;H8668-017;20220101;94702683;Disenrolled;P-02356
Cathy;Riley;03/30/43;3P57FJ2HA07;Summit Health Plans;H5371-006;20251201;94702683;Approved;P-02357
Kimberly;Smith;12/21/58;3Z70GN2PK11;Meridian Care;S9201-021;20251201;10583482;Approved;P-02359
April;Combs;09/06/80;1JH6KG4NH20;Harborline;S7304-008;20240401;7150444;Approved;P-02361
Crystal;Combs;07/17/47;2CY1N16WJ09;Meridian Care;H3591-006;20231201;7150444;Disenrolled;P-02362
Crystal;Combs;07/17/47;2CY1N16WJ09;Cardinal Mutual;H8668-015;20250701;7150444;Approved;P-02363
Danielle;Sparks;08/27/59;5V40PQ9MF11;Cardinal Mutual;S2876-019-002;20260101;7150444;Approved;P-02366
Martha;Nelson;05/04/58;4A26MC4DF10;Northwind Health;S6930-026-002;20251101;43339391;Approved;P-02368
Julia;Wells;07/26/79;2N43WQ1EN11;Bluepeak;H3266-007;20220601;11576383;Approved;P-02371
Brandon;Smith;11/13/59;8GN5HE0UH71;Bluepeak;H3266-024;20250501;29898923;Approved;P-02372
Elizabeth;Petersen;11/16/54;3GV8T74DN94;Bluepeak;H3266-023-001;20250401;94702683;Approved;P-02375
Crystal;Johnson;02/22/38;9D81CN1GX27;Harborline;H3504-016-002;20221001;1884412;Approved;P-02376
James;Johnson;01/15/46;9FK0VY3PD33;Northwind Health;H5040-002;20251201;1884412;Approved;P-02377
Angelica;Blevins;07/16/34;2FQ6C88RX61;Northwind Health;H5040-020-003;20220601;7150444;Approved;P-02378
Ronald;Stewart;06/06/47;6CQ6Q07RA55;Summit Health Plans;H5371-027;20220201;97102525;Approved;P-02379
Tara;Rivas;03/25/59;1TQ1XE8EM98;Cardinal Mutual;H7252-008;20241001;33857966;Approved;P-02382
Steven;Schultz;04/14/57;3GY5C28JW60;Summit Health Plans;H5371-018-002;20230501;77125617;Approved;P-02384
Eric;Schultz;06/19/49;4K17MH9FU08;Bluepeak;H4593-025;20220701;77125617;Approved;P-02385
Brian;West;09/22/42;5K89CK3XM61;Meridian Care;H8433-023-001;20240401;11576383;Approved;P-02388
Danielle;Duran;07/01/37;7P35XF1VX56;Summit Health Plans;H9797-028;20241101;5265799;Approved;P-02389
Michael;Duran;11/25/53;9MW7RD4MK33;Meridian Care;H8433-025;20250701;5265799;Approved;P-02390
Haley;Cobb;12/30/44;5Q31ND2ER76;Northwind Health;S6930-029-001;20251201;97102525;Approved;P-02393
John;Cobb;07/12/39;7PW2XH8NK04;Harborline;H3504-007-001;20251101;97102525;Approved;P-02394
James;Daniels;01/03/41;7NJ2W23DP30;Northwind Health;H5040-020;20240701;78490893;Approved;P-02395
Nicholas;Ramos;01/08/41;5F85AT4JV20;Harborline;H2796-015;20230101;11576383;Disenrolled;P-02397
Nicholas;Ramos;01/08/41;5F85AT4JV20;Summit Health Plans;H5371-001;20250801;11576383;Approved;P-02398
Nicholas;Scott;02/13/48;2KG4UK1PD63;Summit Health Plans;S8123-023;20221001;61291817;Approved;P-02399
Rebecca;Smith;08/24/50;8P37UH0QD46;Northwind Health;H5040-020;20220201;90949389;Approved;P-02400
Samuel;Aguilar;06/20/35;7FT8J08UU76;Harborline;H3504-025-002;20231001;54100814;Approved;P-02401
Jessica;Silva;11/04/40;7NG9J96UP62;Harborline;H3504-001;20240601;5265799;Unknown;P-02402
Jessica;Silva;11/04/40;7NG9J96UP62;Cardinal Mutual;R9669-020;20251101;5265799;Approved;P-02403
Karen;Clark;11/18/41;6MK2KC2YK80;Meridian Care;H8433-023;20230801;97102525;Approved;P-02407
Gary;Mccoy;10/31/51;8TE1PT8TH78;Harborline;H2796-003-002;20220601;77125617;Approved;P-02408
Amanda;Garner;10/28/38;9X06U86GD82;Harborline;H2796-005;20221201;78490893;Approved;P-02410
Kristin;Johnston;11/09/57;6TY2NT8PG35;Summit Health Plans;H9797-010-001;20230901;44524491;Withdrawn;P-02411
Kevin;Suarez;11/25/38;4E56MN3WH36;Bluepeak;H4593-028;20230701;74197857;Approved;P-02414
Jennifer;Suarez;07/04/37;6M26TN9DM99;Summit Health Plans;H5371-016;20250701;74197857;Approved;P-02415
William;Vaughn;06/23/43;5HN4PQ3QU98;Meridian Care;H8433-008;20240901;77125617;Approved;P-02416
John;Cole;06/24/48;3AQ0KF9MF99;Northwind Health;H5040-009;20220901;43339391;Approved;P-02417
Debra;Cole;04/10/38;8W82CX9HV72;Bluepeak;H4593-019-001;20220801;43339391;Disenrolled;P-02418
Debra;Cole;04/10/38;8W82CX9HV72;Northwind Health;H5040-025;20240201;43339391;Approved;P-02419
Mary;Austin;01/08/47;4E64H93RA57;Bluepeak;H4593-030-001;20230501;37O31783;Approved;P-02422
Kenneth;Sloan;11/30/56;1Y71JQ4DU65;Summit Health Plans;H5371-018-002;20250901;6831819;Approved;P-02423
Jamie;Walters;10/28/33;1YQ4HY4PH49;Bluepeak;H3266-002-003;20240801;4356886;Approved;P-02424
Brady;Andrews;05/06/39;4PH9E00JV91;Cardinal Mutual;H7252-020;20250901;97O02525;Approved;P-02427
Tyler;Andrews;04/14/44;1K23YK2XA08;Meridian Care;S3927-016;20250801;97102525;Approved;P-02429
Jasmine;Rodriguez;07/15/58;9RX4VP3CT48;Summit Health Plans;H5371-001;20260101;37231783;Approved;P-02430
Mariah;Rodriguez;09/24/52;9EJ6DU0AC48;Harborline;H2796-024;20260501;86411466;Approved;P-02431
Lori;Combs;04/22/55;7FN5RD4KE29;Cardinal Mutual;H7252-022-001;20241101;43339391;Approved;P-02432
Jeffrey;Nixon;01/11/51;1YQ5F96DF16;Cardinal Mutual;S2876-017;20260501;1884412;Approved;P-02433
Michael;Mcmahon;03/01/57;6P06T83GJ83;Summit Health Plans;S8123-008;20240301;4356886;Withdrawn;P-02434
William;Mcmahon;01/16/55;1NH8X40NY50;Meridian Care;S3927-018;20250401;4356886;Approved;P-02436
Michael;Ramsey;05/08/46;6XD5T89VD55;Northwind Health;H9830-023;20231001;6831819;Approved;P-02437
Steven;Ramsey;11/15/52;8HF8MF4VU29;Northwind Health;S6930-006;20241101;6831819;Approved;P-02439
Amy;Christensen;06/11/58;4DM6M64GD43;Meridian Care;H3591-028;20251201;1884412;Approved;P-02441
Laura;Wilkinson;12/17/50;8YX8T22PQ96;Harborline;H2796-028-002;20250601;1884412;Approved;P-02442
Cory;Fox;06/12/54;1TE1Y74UN05;Bluepeak;H4593-029-001;20250501;13981052;Approved;P-02443
Patrick;Fox;03/26/38;3H48D54JH16;Cardinal Mutual;H8668-010;20220501;13981052;Approved;P-02444
Kimberly;Wheeler;12/09/37;2EP7W87FJ90;Cardinal Mutual;H8668-030;20230101;33857966;Approved;P-02445
Anthony;Jacobs;04/30/37;5Q39HT1KT87;Northwind Health;S6930-021;20231101;97102525;Approved;P-02447
Kimberly;Lopez;05/21/34;5JT9HQ6RC44;Cardinal Mutual;H7252-014-003;20241101;90949389;Approved;P-02448
Jon;Brock;12/04/50;5P22T83JE88;Harborline;H3504-004;20220701;54100814;Approved;P-02449
Tiffany;Brown;09/16/40;8C64PN3AA17;Northwind Health;H5040-012-002;20230101;29898923;Approved;P-02450
Joseph;Pruitt;09/05/52;3N71UU4WP65;Meridian Care;H3591-025;20221001;44524491;Approved;P-02451
Victoria;Gilmore;04/13/37;6FH6KX4DE00;Meridian Care;H8433-016-003;20260301;7150444;Approved;P-02456
Joseph;Porter;02/05/38;8X52XR0NV65;Northwind Health;H5040-009;20230301;13981052;Approved;P-02457
Richard;Williams;02/10/44;8KY9N98XH67;Summit Health Plans;H5371-029-002;20230701;61855700;Disenrolled;P-02458
Richard;Williams;02/10/44;8KY9N98XH67;Cardinal Mutual;H7252-029;20241201;61855700;Approved;P-02459
David;Gordon;10/15/52;6GF3TU5CK48;Meridian Care;H8433-009;20220201;99847493;Disenrolled;P-02460
David;Gordon;10/15/52;6GF3TU5CK48;Summit Health Plans;H5371-002;20250301;99847493;Approved;P-02461
Adam;Rodriguez;09/14/41;2CF9R15KM19;Northwind Health;S7543-006;20251201;1884412;Approved;P-02464
James;Jennings;06/28/46;6QA4W45DD99;Cardinal Mutual;H7252-006;20220301;6831819;Approved;P-02465
Christopher;Benton;02/17/43;7DU6P17GG45;Summit Health Plans;H9797-016;20241001;1884412;Approved;P-02468
Cody;Benton;05/10/37;4UV3Q71PX26;Cardinal Mutual;H7252-018;20240301;1884412;Disenrolled;P-02469
Cody;Benton;05/10/37;4UV3Q71PX26;Meridian Care;H3591-002;20251101;1884412;Approved;P-02470
Jordan;Lopez;09/23/39;3WC3JT1KF13;Cardinal Mutual;S1188-019-003;20260401;1884412;Approved;P-02472
Melanie;Lopez;01/17/38;8R32YJ3QX83;Harborline;H2796-026;20221001;1884412;Approved;P-02473
John;Lawson;01/15/35;1KA9HJ6GT24;Harborline;H2796-016;20261101;11576383;Submitted;P-02474
William;Delgado;01/28/36;2NP3FN0EQ99;Bluepeak;R9085-009;20230101;1884412;Disenrolled;P-02475
William;Delgado;01/28/36;2NP3FN0EQ99;Northwind Health;H5040-014;20260101;1884412;Approved;P-02476
James;Walsh;08/19/44;1TF3XE9DW46;Harborline;H2796-014;20231001;44524491;Approved;P-02479
Carolyn;Brown;04/07/42;1KH4FM9ER26;Northwind Health;H9830-023;20230101;54100814;Approved;P-02481
Jill;Smith;12/29/72;1V33JG7EA45;Northwind Health;H9830-024;20230201;32244663;Approved;P-02483
Tammy;Reyes;03/21/58;6KT1P74HJ82;Harborline;H3504-018;20241201;94702683;Approved;P-02484
Tammy;Reyes;03/21/58;6KT1P74HJ82;Harborline;H3504-018;20241201;94702683;Approved;P-02484
Jordan;Bruce;12/23/49;6TE8RX1XV16;Bluepeak;H4593-004;20251201;99847493;Approved;P-02485
Philip;Smith;06/09/57;7DR1R60NK33;Meridian Care;S9201-013-003;20241101;54100814;Approved;P-02486
Kelly;Tyler;06/01/49;9YM0QY7FY67;Northwind Health;S7543-003;20221001;61855700;Approved;P-02488
Stuart;Tyler;02/13/40;9Q24UK0EY25;Bluepeak;H3266-011;20231101;61855700;Approved;P-02489
Kevin;Drake;09/06/52;3QU5MP7RX09;Northwind Health;H5040-020-003;20230701;5265799;Approved;P-02490
Ariel;Drake;01/14/54;9VG3EH2YY67;Bluepeak;H3266-020-002;20240901;5265799;Approved;P-02491
Cassandra;Bridges;10/06/45;5JU6HR6GV71;Northwind Health;H5040-021;20220501;32244663;Disenrolled;P-02492
Cassandra;Bridges;10/06/45;5JU6HR6GV71;Cardinal Mutual;H8668-030;20251001;32244663;Approved;P-02493
Karen;Bridges;04/12/41;5WR3CY9TF85;Meridian Care;H3591-023-003;20230901;32244663;Approved;P-02494
Craig;Miranda;04/02/56;1XQ7QF4FW57;Harborline;H3504-006;20230501;74197857;Disenrolled;P-02495
Craig;Miranda;04/02/56;1XQ7QF4FW57;Summit Health Plans;H9797-007;20240601;74197857;Approved;P-02496
Jennifer;Miranda;09/06/51;8ND0XA6PE94;Bluepeak;H4593-012-002;20220201;74197857;Disenrolled;P-02497
Jennifer;Miranda;09/06/51;8ND0XA6PE94;Cardinal Mutual;H7252-016;20250901;74197857;Approved;P-02498
Michelle;Mason;06/16/38;6CD1MT4TG99;Meridian Care;H8433-005;20220401;33857966;Approved;P-02499
Linda;Mason;11/23/51;5NQ8MM2QJ33;Bluepeak;H3266-029;20260501;33857966;Approved;P-02500
Corey;Reed;05/04/56;7CQ4K59CH59;Harborline;H3504-024;20230401;74197857;Approved;P-02501
David;Roy;10/07/35;3E08GD6AR39;Bluepeak;H3266-015;20221101;13981052;Approved;P-02502
Brooke;Harris;12/20/42;8A42PT9NJ56;Harborline;H2796-012;20230801;5265799;Approved;P-02503
Andrea;Harris;12/02/52;1GJ8KY2CJ17;Harborline;R3621-020-002;20250501;5265799;Approved;P-02504
Brittany;Adkins;11/21/47;2AQ7JJ3VG76;Bluepeak;H4593-028;20230901;44524491;Approved;P-02505
Justin;Perkins;12/20/50;6GA1A11PM44;Cardinal Mutual;R5119-002-002;20241201;33857966;Unknown;P-02506
Justin;Perkins;12/20/50;6GA1A11PM44;Meridian Care;H3591-006-001;20260201;33857966;Approved;P-02507
Justin;Perkins;12/20/50;6GA1A11PM44;Meridian Care;H3591-006-001;20260201;33857966;Approved;P-02507
Garrett;Kennedy;01/26/40;1F99TG9NT55;Bluepeak;H4593-016-001;20220801;3502049;Approved;P-02509
Christina;Rodriguez;01/02/34;8MR2E73HM59;Harborline;H3504-013-003;20251001;61291817;Approved;P-02510
Seth;Perez;05/02/77;6H47R73TW25;Summit Health Plans;S8123-030;20240301;74197857;Approved;P-02511
Kelly;Caldwell;04/20/60;6CQ7Y39RK51;Harborline;S2040-028;20250601;7150444;Approved;P-02513
Elizabeth;Green;04/02/41;1M26R60QJ82;Harborline;H2796-014;20240901;32244663;Approved;P-02514
Andrew;Green;11/09/39;3GN2EG3WA29;Meridian Care;H3591-029-002;20260501;32244663;Approved;P-02515
Madeline;Kline;11/13/44;3YN4P48YJ85;Meridian Care;S3927019;20230301;6831819;Approved;P-02517
Keith;Lane;12/25/55;3AX0DW1UM97;Northwind Health;H9830-008-003;20230401;11576383;Approved;P-02518
Micheal;Hernandez;04/20/36;8KC0PY7PV34;Harborline;S2040-023-001;20250801;33857966;Approved;P-02520
Charles;Hernandez;08/17/51;;Northwind Health;S7543-020;20231001;33857966;Approved;P-02522
Mark;Davis;12/09/45;7D96XK1HP12;Summit Health Plans;S8123-025;20260501;32244663;Approved;P-02524
Matthew;Hunter;02/04/36;5HW5RH3UP98;Meridian Care;H3591-008;20250901;4356886;Approved;P-02529
Taylor;Mejia;10/06/37;8YN2HH1KJ24;Meridian Care;H3591-005-002;20220601;77125617;Approved;P-02530
Benjamin;Mejia;01/13/53;1V31H12GC82;Northwind Health;S6930-022;20221201;77125617;Approved;P-02531
Wanda;Fischer;07/25/53;1EW3EJ7UK34;Northwind Health;H9830-019;20220301;37231783;Disenrolled;P-02533
Wanda;Fischer;07/25/53;1EW3EJ7UK34;Bluepeak;H3266-017-001;20240501;37231783;Approved;P-02534
Charles;Phillips;10/14/40;6MQ2DD6TA06;Northwind Health;H5040-009-001;20221101;90949389;Approved;P-02535
Kevin;Phillips;04/12/40;3E43NC1EJ44;Cardinal Mutual;H8668-001;20250301;90949389;Approved;P-02536
Zachary;Lopez;12/07/36;3PM7F10MU44;Cardinal Mutual;H8668-019;20220901;74197857;Disenrolled;P-02537
Zachary;Lopez;12/07/36;3PM7F10MU44;Summit Health Plans;H5371-009-002;20240301;74197857;Approved;P-02538
Mary;Jones;08/20/53;3DJ9EJ6YY75;Harborline;H3504-016-001;20261101;13981052;Submitted;P-02541
William;Reynolds;04/22/55;9HK1GM7FG37;Northwind Health;S6930-007;20221001;54100814;Approved;P-02543
Jordan;Waters;02/10/45;3EA8N98HT55;Summit Health Plans;H9797-006;20250801;7150444;Approved;P-02544
Brian;Jenkins;10/05/41;9E91YY4GW17;Meridian Care;H3591-014-001;20260501;29898923;Approved;P-02545
Thomas;Jenkins;10/31/41;5HH4X17EY72;Northwind Health;S7543-006;20250501;29898923;Approved;P-02547
Richard;Clark;02/08/34;4FM3A18UG44;Bluepeak;R9085-004;20240701;61291817;Unknown;P-02548
Richard;Clark;02/08/34;4FM3A18UG44;Harborline;H3504-030;20260301;61291817;Approved;P-02549
Maria;Huff;07/02/39;5M09PG0TQ99;Northwind Health;S7543-003;20250501;1884412;Approved;P-02551
Denise;Huff;08/08/49;1E88CC5KM02;Cardinal Mutual;H7252-008-003;20240601;1884412;Approved;P-02552
Angela;Hood;11/09/43;5PV1QJ0GE29;Bluepeak;H3266-005;20220501;6831819;Unknown;P-02554
Angela;Hood;11/09/43;5PV1QJ0GE29;Northwind Health;H5040-024-003;20260301;6831819;Withdrawn;P-02555
Robert;White;03/19/94;3PG2XG5MQ54;Bluepeak;S1771-029-002;20240801;99847493;Approved;P-02557
Susan;White;05/10/37;8GK6RT6FG67;Northwind Health;H9830-019;20240101;99847493;Approved;P-02558
Katherine;Stephenson;11/30/48;8WC6KJ7DY60;Meridian Care;H8433-030-003;20250901;6831819;Approved;P-02559
Raymond;Johnson;10/06/56;1V58JN8PP83;Harborline;H3504-012;20240401;4356886;Disenrolled;P-02562
Raymond;Johnson;10/06/56;1V58JN8PP83;Meridian Care;R5315-009;20250801;4356886;Approved;P-02563
Raymond;Johnson;10/06/56;1V58JN8PP83;Meridian Care;R5315-009;20250801;4356886;Approved;P-02563
Shaun;Higgins;08/08/44;7TV9KP1EY32;Harborline;H2796-015;20260401;90949389;Approved;P-02565
Debbie;Higgins;07/18/60;7HN1W77PT05;Bluepeak;H4593-013;20251101;90949389;Approved;P-02566
Amy;Wagner;12/17/37;1HR7NV0QX32;Meridian Care;H8433-002;20251001;74197857;Approved;P-02567
Kevin;Wagner;05/27/59;2VK6TX0WT73;Bluepeak;H4593-015;20250901;74197857;Approved;P-02568
Kevin;Wagner;05/27/59;2VK6TX0WT73;Bluepeak;H4593-015;20250901;74197857;Approved;P-02568
Michael;Smith;09/10/41;1E91W91QX34;Summit Health Plans;H5371-014-002;20251101;90949389;Approved;P-02572
Anne;Johnson;01/26/58;6K74YQ5NC24;Meridian Care;H3591-030;20231201;33857966;Approved;P-02575
David;Bean;07/06/60;3RH3PG3ET54;Cardinal Mutual;H7252-005;20260401;44524491;Approved;P-02576
Caitlin;Cruz;08/08/51;8KM8GG8UW07;Northwind Health;H9830-020;20230101;78490893;Disenrolled;P-02577
Caitlin;Cruz;08/08/51;8KM8GG8UW07;Bluepeak;R9085-013;20250801;78490893;Approved;P-02578
Nathan;Garcia;04/25/40;1K57ER4YN45;Summit Health Plans;H5371-012;20250501;97102525;Approved;P-02579
Ashley;Johnson;12/09/43;9T43F92TQ65;Meridian Care;S3927-005;20230501;94702683;Approved;P-02580
Jerry;Gomez;09/16/37;5JQ6N49MP38;Bluepeak;H3266-026-001;20241201;13981052;Withdrawn;P-02581
Scott;Holmes;10/08/50;8QD9D85TU01;Northwind Health;H5040-021;20230801;13981052;Disenrolled;P-02584
Scott;Holmes;10/08/50;8QD9D85TU01;Harborline;H3504-006-001;20241001;13981052;Approved;P-02585
Isabella;Fuller;11/27/39;1X74MJ0CF77;Bluepeak;S1771-005;20230301;11576383;Approved;P-02589
Susan;Wade;08/07/50;3R34FX3AQ46;Bluepeak;H4593-014;20220801;32244663;Disenrolled;P-02592
Susan;Wade;08/07/50;3R34FX3AQ46;Harborline;H3504-030;20250201;32244663;Approved;P-02593
William;Smith;07/25/50;3MN9T99WX82;Harborline;H3504-001;20221201;10583482;Approved;P-02594
Molly;Thompson;03/11/41;8TV5KP3XC57;Summit Health Plans;S8123-020;20251001;1884412;Approved;P-02596
Molly;Thompson;03/11/41;8TV5KP3XC57;Summit Health Plans;S8123-020;20251001;1884412;Approved;P-02596
Debbie;Gilmore;11/01/87;4YN2PQ3TU31;Bluepeak;H3266-026;20221201;94702683;Approved;P-02597
Marie;Foster;12/20/48;5X02EN1NR94;Bluepeak;H3266-003;20230801;5265799;Approved;P-02598
Scott;Foster;06/13/41;9XD0P54WG56;Meridian Care;H8433-007-002;20221101;5265799;Approved;P-02599
;;;;Bluepeak;S1771-028-003;20260301;5265799;Approved;P-02600
