client_id,first_name,last_name,dob,phone,email,address_line1,city,state,zip,mbi,household_id,notes
C-00001,Brian,Tate,1958-03-25,(865) 555-0121,brian.tate1@example.com,3419 Amanda Gardens Apt. 764,Lake Mark,GA,39838,5JR1EA3UD29,H-00001,
C-00002,Donald,Thomas,1949-05-01,(292) 555-0193,donald.thomas2@example.com,6413 Lewis Parks,Wilkersonmouth,GA,30749,3FD8XA9GT53,H-00002,
C-00003,Candace,Becker,1978-04-23,(454) 555-0135,candace.becker3@example.com,969 Cox Dam Suite 101,Lake Ernest,AL,36993,,H-00003,
C-00004,Paul,Becker,1950-11-05,(594) 555-0144,,969 Cox Dam Suite 101,Lake Ernest,AL,36993,4UQ1JU9DV05,H-00003,
C-00005,Nancy,Mckay,1957-09-01,(608) 555-0164,nancy.mckay5@example.com,480 Erin Plain Suite 514,Mooretown,GA,30075,9RR6D08WY24,H-00004,
C-00006,Jose,Mckay,1945-11-22,(517) 555-0185,jose.mckay6@example.com,480 Erin Plain Suite 514,Mooretown,GA,30075,3EA2AG7PV84,H-00004,
C-00007,Vincent,Mckay,1984-02-25,(270) 555-0101,vincent.mckay7@example.com,480 Erin Plain Suite 514,Mooretown,GA,30075,,H-00004,
C-00008,Samantha,Nielsen,1941-10-21,(434) 555-0194,samantha.nielsen8@example.com,148 Eric Track,New Stephanie,MO,64420,1AJ0UP6FG08,H-00005,
C-00009,Frederick,Arroyo,1946-05-10,(519) 555-0141,frederick.arroyo9@example.com,0154 Brian Wells Apt. 171,East Donna,CO,80528,8AP3MX4YJ75,H-00006,
C-00010,Jeffrey,Hall,1939-03-23,(945) 555-0139,jeffrey.hall10@example.com,83465 Lam Mission Apt. 331,Andrewside,ME,04481,9JR7CF4DC38,H-00007,
C-00011,Dave,Lewis,1963-07-27,(807) 555-0172,david.lewis11@example.com,031 Michele Cliffs,West Elizabeth,SD,57609,,H-00008,
C-00012,Selena,Lewis,1955-12-07,(807) 555-0172,selena.lewis12@example.com,031 Michele Cliffs,West Elizabeth,SD,57609,8TN6EW5HT47,H-00008,
C-00013,James,Wright,2001-10-20,(606) 555-0165,,76311 Gomez Loop Suite 010,Chandlerville,AL,35845,,H-00009,
C-00014,Timothy,Russell,1936-06-10,(325) 555-0101,,62473 Scott Wall Apt. 080,Port Melindaburgh,KY,42617,6BX9K91AD37,H-00010,
C-00015,Julie,Daniels,1983-06-14,(482) 555-0135,julie.daniels15@example.com,26064 Mitchell Square Suite 234,North Beth,GA,31287,,H-00011,
C-00016,Brian,Daniels,1950-03-19,(637) 555-0122,brian.daniels16@example.com,26064 Mitchell Square Suite 234,North Beth,GA,31287,9J08AQ5UW75,H-00011,
C-00017,Robert,Harvey,1937-09-03,(425) 555-0173,,820 Melissa Cliff Apt. 361,New Brooke,FL,32331,7P92GJ9NP90,H-00012,
C-00018,Charles,Ferrell,1960-01-06,(239) 555-0111,charles.ferrell18@example.com,3534 Anderson Rue Suite 751,South Christineshire,SC,29262,4FN2NC0FX21,H-00013,
C-00019,Jason,Ferrell,1985-07-24,(950) 555-0155,jason.ferrell19@example.com,3534 Anderson Rue Suite 751,South Christineshire,SC,29262,,H-00013,
C-00020,Dennis,Mcmillan,1937-12-12,(906) 555-0137,,51354 Samuel Plains Suite 980,Sarahville,UT,84493,1GY5YJ9EU25,H-00014,
C-00021,Meghan,Whitehead,1952-08-07,(250) 555-0149,meghan.whitehead21@example.com,82449 Jennifer Ford,Williamview,KY,40826,7G86U86PW61,H-00015,
C-00022,Ronald,Arnold,1958-04-11,(365) 555-0193,ronald.arnold22@example.com,640 Matthew Curve,Evanmouth,OR,97248,8AR2Y86GC15,H-00016,
C-00023,Jason,Nolan,1947-09-30,(763) 555-0162,jason.nolan23@example.com,12805 Russell Canyon,Michaelton,CO,81273,8HE0HG4DU14,H-00017,
C-00024,Lisa,Cherry,1957-10-24,(971) 555-0189,lisa.cherry24@example.com,158 Dickson Summit,East Michelle,MO,63119,4WC6VR8UX37,H-00018,
C-00025,Lori,Bailey,1933-11-14,(634) 555-0110,lori.bailey25@example.com,25634 Kristin Coves Suite 073,Port Samantha,GA,30405,6DD6WQ8NK87,H-00019,
C-00026,Megan,Frazier,1947-03-05,(304) 555-0136,megan.frazier26@example.com,03654 Tammy Harbors,Darlenefurt,MO,63472,8CG4QF9YQ06,H-00020,
C-00027,Jeanne,Scott,1938-08-17,(476) 555-0193,jeanne.scott27@example.com,14294 Daniel Mews Suite 569,South Rachelborough,NE,69341,7U48P60VG14,H-00021,
C-00028,Kevin,Cortez,1953-03-25,(607) 555-0181,kevin.cortez28@example.com,835 Jones Shores,Cindyville,CT,06764,8XW5PG4DM06,H-00022,
C-00029,Jason,Torres,1996-02-02,(863) 555-0122,jason.torres29@example.com,656 Spencer Fields Suite 629,Richardtown,CA,91883,1JK9M24RQ57,H-00023,
C-00030,Jeffrey,Chambers,1945-08-30,(809) 555-0177,jeffrey.chambers30@example.com,7738 Leon Underpass Apt. 148,Clarencebury,ID,83682,6KK4HF8JC96,H-00024,
C-00031,James,Chambers,2002-12-07,(786) 555-0124,james.chambers31@example.com,7738 Leon Underpass Apt. 148,Clarencebury,ID,83682,,H-00024,
C-00032,John,Snyder,1975-07-28,(943) 555-0171,john.snyder32@example.com,37917 Mercado Ports,Lake Heather,TX,75984,,H-00025,
C-00033,Vanessa,Contreras,1957-02-03,(540) 555-0147,vanessa.contreras33@example.com,63287 Angela Vista,South Dennismouth,ME,04353,2U83VE6VM60,H-00026,
C-00034,Caitlin,Contreras,1943-04-14,(382) 555-0140,caitlin.contreras34@example.com,63287 Angela Vista,South Dennismouth,ME,04353,1TK3GX2UD29,H-00026,
C-00035,John,Washington,1949-04-25,(952) 555-0131,john.washington35@example.com,868 Merritt Summit Suite 743,Katiehaven,AK,99580,5GD0MM7VY85,H-00027,
C-00036,Scott,Washington,1956-06-15,(804) 555-0164,scott.washington36@example.com,868 Merritt Summit Suite 743,Katiehaven,AK,99580,6CQ4WY0YC10,H-00027,
C-00037,Jamie,Perry,1936-07-23,(733) 555-0134,,45581 Edward Lights Apt. 316,Riveramouth,MI,48384,9YE4E51UH93,H-00028,
C-00038,Anthony,Graham,2000-01-14,(788) 555-0185,anthony.graham38@example.com,9096 Smith Knoll Suite 668,South Jeffrey,CA,96014,,H-00029,
C-00039,Matthew,Graham,1955-09-11,(569) 555-0186,matthew.graham39@example.com,9096 Smith Knoll Suite 668,South Jeffrey,CA,96014,2E70A72GN57,H-00029,
C-00040,Jason,Gray,1953-08-05,(690) 555-0153,jason.gray40@example.com,272 Rebecca Ramp Apt. 162,Whiteview,MO,64588,3ER9U59TG96,H-00030,
C-00041,Mark,Gray,1952-10-24,(732) 555-0166,mark.gray41@example.com,272 Rebecca Ramp Apt. 162,Whiteview,MO,64588,2R13UP6FW90,H-00030,
C-00042,John,Howell,1948-06-03,(252) 555-0164,john.howell42@example.com,6417 Kaitlyn Center Suite 310,East Jamestown,MO,64135,8D77TN1UA16,H-00031,
C-00043,Anthony,Rodriguez,1959-06-09,(540) 555-0171,anthony.rodriguez43@example.com,193 Lyons Trafficway Suite 299,Port Loriport,UT,84383,8P27EE3AN54,H-00032,
C-00044,Ross,Reed,1980-06-13,(826) 555-0125,ross.reed44@example.com,663 Brittany Village Apt. 149,Port Tonyaton,SD,57132,,H-00033,
C-00045,Mitchell,Reed,1945-10-29,(826) 555-0125,mitchell.reed45@example.com,663 Brittany Village Apt. 149,Port Tonyaton,SD,57132,8AV0W96XU82,H-00033,
C-00046,Melissa,Adams,1952-03-12,(502) 555-0157,,67165 Zimmerman Mews Apt. 849,Marshallshire,TX,78149,,H-00034,
C-00047,Mariah,Adams,1938-08-03,(776) 555-0161,mariah.adams47@example.com,67165 Zimmerman Mews Apt. 849,Marshallshire,TX,78149,7WM6AV1AQ20,H-00034,
C-00048,Jonathan,Kelly,1977-08-10,(892) 555-0194,jonathan.kelly48@example.com,7379 Rogers Park,Hunterborough,NJ,07696,,H-00035,
C-00049,Joshua,Kelly,1950-10-12,(591) 555-0149,joshua.kelly49@example.com,7379 Rogers Park,Hunterborough,NJ,07696,6WC0KH9TJ59,H-00035,
C-00050,Jeffrey,Davis,1956-07-11,(587) 555-0105,jeffrey.davis50@example.com,083 John Lodge Suite 837,Westtown,MT,59815,6T22CF5YC94,H-00036,
C-00051,Heather,Davis,1946-12-27,(587) 555-0105,heather.davis51@example.com,083 John Lodge Suite 837,Westtown,MT,59815,4H15NP4HY87,H-00036,
C-00052,Kevin,Davis,1950-03-20,(317) 555-0149,kevin.davis52@example.com,083 John Lodge Suite 837,Westtown,MT,59815,5A98PV8TU04,H-00036,
C-00053,Stephanie,Newton,1939-02-26,(411) 555-0168,,8856 Bell Motorway Suite 443,Lake Jamesville,AR,71985,7D32AT5CD10,H-00037,
C-00054,Hannah,Newton,1939-08-02,(845) 555-0199,hannah.newton54@example.com,8856 Bell Motorway Suite 443,Lake Jamesville,AR,71985,2XC1P98EM49,H-00037,
C-00055,Alexis,White,1971-05-03,(348) 555-0138,alexis.white55@example.com,74989 Hooper Village,West Jeremy,ID,83628,,H-00038,
C-00056,Taylor,Andrews,1943-08-19,(787) 555-0176,taylor.andrews56@example.com,0084 Dana Terrace,Garciatown,AL,35100,6HR8FG2JY43,H-00039,
C-00057,Christopher,Avery,1938-10-31,(795) 555-0162,christopher.avery57@example.com,2047 Lynn Locks Suite 190,East Lisa,CO,80692,2HN7TN9MX29,H-00040,
C-00058,Veronica,Dalton,1946-02-15,(338) 555-0186,veronica.dalton58@example.com,86999 Kimberly Light,Kerrport,SD,57446,9EG9D64FW34,H-00041,
C-00059,Ricky,Moore,1970-12-29,(418) 555-0104,ricky.moore59@example.com,909 Stacey Fords Apt. 412,East Andrea,NE,69375,,H-00042,
C-00060,Margaret,Kerr,1986-01-11,(573) 555-0164,margaret.kerr60@example.com,0344 Jones Fort Suite 936,New Jeffreyberg,UT,84150,3UP0J47JD45,H-00043,
C-00061,Troy,Mason,1951-10-12,(734) 555-0181,troy.mason61@example.com,24994 Martinez Spurs,Hollyview,WA,98190,7PX1VK6JV65,H-00044,
C-00062,Christopher,Mason,1991-08-23,(734) 555-0181,christopher.mason62@example.com,24994 Martinez Spurs,Hollyview,WA,98190,,H-00044,
C-00063,Kathryn,Jhnston,1954-11-04,(223) 555-0131,kathryn.johnston63@example.com,5940 Jeremy Spring,Port Emilyview,DE,19886,3F08C89FC24,H-00045,
C-00064,Daniel,Morris,1968-06-30,(724) 555-0133,daniel.morris64@example.com,8742 Walters Overpass,South Michaelmouth,MN,55628,,H-00046,
C-00065,Mallory,Hancock,1972-10-16,(408) 555-0166,mallory.hancock65@example.com,6746 Shawn Island,Marcusfurt,CA,90602,,H-00047,
C-00066,Aaron,Hancock,1944-10-29,(408) 555-0166,aaron.hancock66@example.com,6746 Shawn Island,Marcusfurt,CA,90602,1RV6P70VR37,H-00047,
C-00067,David,Wolfe,1937-09-28,(757) 555-0152,david.wolfe67@example.com,0385 Garrett Trace Apt. 348,West Samuel,FL,32976,1Q03NR5EF69,H-00048,
C-00068,Teresa,Wolfe,1954-03-04,(757) 555-0152,teresa.wolfe68@example.com,0385 Garrett Trace Apt. 348,West Samuel,FL,32976,3PW8UK4XP62,H-00048,
C-00069,Chelsea,Wolfe,1934-12-24,(901) 555-0190,chelsea.wolfe69@example.com,0385 Garrett Trace Apt. 348,West Samuel,FL,32976,7A51FU9RD14,H-00048,
C-00070,David,Murray,1992-10-30,(731) 555-0136,david.murray70@example.com,248 Andrea Course,Port Robin,TX,78963,,H-00049,
C-00071,Carol,Lee,1980-04-04,(616) 555-0175,carol.lee71@example.com,4846 Baird Gardens,Arnoldfurt,AR,71811,,H-00050,
C-00072,Julie,Lee,1946-09-03,(483) 555-0199,julie.lee72@example.com,4846 Baird Gardens,Arnoldfurt,AR,71811,7VE8DV4NE84,H-00050,
C-00073,Michael,Ryan,1950-08-28,(801) 555-0103,michael.ryan73@example.com,46584 Justin Hills,Grimesmouth,NY,14258,4J55RP8WA43,H-00051,
C-00074,Benjamin,Simpson,1936-08-08,(456) 555-0179,benjamin.simpson74@example.com,5339 Hall Trail Suite 057,Hughesberg,CO,80725,8YA8C77PY57,H-00052,
C-00075,Melissa,Santos,1985-02-09,(916) 555-0166,melissa.santos75@example.com,71870 Robert Shoal Apt. 174,Cindyfurt,AL,36754,1A13QX1NP94,H-00053,
C-00076,Heather,Wallace,1941-10-15,(611) 555-0135,heather.wallace76@example.com,7809 Jimmy Spur Suite 316,Port Cynthiaville,WI,54346,5JW6QH2FU02,H-00054,
C-00077,Christian,Jacson,1944-11-13,(908) 555-0120,christian.jackson77@example.com,50455 Thomas Pines,Knightburgh,GA,31212,5PP8W94PA61,H-00055,
C-00078,Scott,Moore,1947-11-22,(955) 555-0157,scott.moore78@example.com,379 Jesse Route Suite 740,Santanaside,KY,41599,3G05R09XQ11,H-00056,
C-00079,Mike,Moore,1936-12-05,(955) 555-0157,michael.moore79@example.com,379 Jesse Route Suite 740,Santanaside,KY,41599,3G70F33KD32,H-00056,
C-00080,Briana,Moore,1957-10-31,(600) 555-0139,briana.moore80@example.com,379 Jesse Route Suite 740,Santanaside,KY,41599,5T02FV2AC55,H-00056,
C-00081,Maria,Johnson,1943-04-26,(694) 555-0169,maria.johnson81@example.com,474 Yvonne Walk Suite 136,Baileyport,NE,69195,2TM5RK2MA08,H-00057,
C-00082,Katrina,Campos,1970-03-24,(812) 555-0129,,0909 Wall Heights Apt. 953,New John,KS,67437,,H-00058,
C-00083,Bob,Murphy,1940-10-11,(492) 555-0183,robert.murphy83@example.com,104 Johnson Lakes,North Renee,CA,91710,5RH1GF4ET97,H-00059,
C-00084,Matt,Francis,1953-08-16,(476) 555-0116,matthew.francis84@example.com,85884 Jonathan Views,Coffeyport,IL,60336,6RM7PT0ND20,H-00060,
C-00085,Kaitlyn,Richardson,1959-06-22,(595) 555-0198,kaitlyn.richardson85@example.com,1236 Davis Locks,West Amandamouth,DE,19931,9HU6M95GC88,H-00061,
C-00086,Darryl,Banks,1948-05-30,(216) 555-0121,darryl.banks86@example.com,651 Thomas River Suite 931,Blankenshipport,CO,81341,8YF5DJ2UD95,H-00062,
C-00087,Brandon,Banks,1953-04-22,(861) 555-0196,brandon.banks87@example.com,651 Thomas River Suite 931,Blankenshipport,CO,81341,8HA6P32KC77,H-00062,
C-00088,Benjamin,Banks,1943-07-11,(216) 555-0121,benjamin.banks88@example.com,651 Thomas River Suite 931,Blankenshipport,CO,81341,5KW5TA8QG09,H-00062,
C-00089,Joshua,Crosby,1958-09-09,(333) 555-0122,,13826 Watson Summit Suite 926,Port Tracychester,OH,44052,4EU3EC9QU89,H-00063,
C-00090,Christopher,Holloway,1979-03-27,(260) 555-0178,christopher.holloway90@example.com,77351 Stephens Rue Suite 064,North Stacy,OR,97046,,H-00064,
C-00091,Jason,Holloway,1937-06-05,(772) 555-0195,jason.holloway91@example.com,77351 Stephens Rue Suite 064,North Stacy,OR,97046,9JX2W38RE95,H-00064,
C-00092,Mark,Kane,1949-04-23,(874) 555-0120,,53293 Maria Plaza,New Jason,VT,05943,6R46NY3XW36,H-00065,
C-00093,Dylan,Kane,1941-09-23,(874) 555-0120,,53293 Maria Plaza,New Jason,VT,05943,5AM3H75AK88,H-00065,
C-00094,Alfred,Chapman,1992-08-23,(695) 555-0122,alfred.chapman94@example.com,2284 Daniel Way,East Alexisbury,FL,32838,,H-00066,
C-00095,Joseph,Chapman,1969-03-20,(295) 555-0173,joseph.chapman95@example.com,2284 Daniel Way,East Alexisbury,FL,32838,,H-00066,
C-00096,Jeffrey,Hayes,1949-12-29,(848) 555-0148,jeffrey.hayes96@example.com,681 Thomas Tunnel,Williamville,DE,19999,4FC6T49XV13,H-00067,
C-00097,Renee,Henry,1936-07-24,(609) 555-0164,renee.henry97@example.com,847 Bruce Neck,Simmonsville,VT,05410,7XH8Y38JJ14,H-00068,
C-00098,Bill,Phillips,1986-07-07,(832) 555-0156,william.phillips98@example.com,59212 Weber Prairie,Oscarhaven,RI,02841,,H-00069,
C-00099,Elijah,Brooks,1966-07-18,(495) 555-0101,elijah.brooks99@example.com,18367 Robert Views Suite 661,Ronaldview,AL,35494,,H-00070,
C-00100,Elizabeth,Gomez,1955-10-12,(219) 555-0148,elizabeth.gomez100@example.com,11161 Cain Point Apt. 988,Elizabethchester,GA,31766,9CK2CM3YK07,H-00071,
C-00101,Karen,Gomez,1972-06-05,(721) 555-0190,karen.gomez101@example.com,11161 Cain Point Apt. 988,Elizabethchester,GA,31766,6U79WD2HV78,H-00071,
C-00102,Michael,Bruce,1990-01-18,(841) 555-0138,michael.bruce102@example.com,9451 Eric Orchard,Port Daniel,IN,47145,,H-00072,
C-00103,Molly,Smith,1965-11-15,(628) 555-0130,molly.smith103@example.com,368 Chelsea Shoals Suite 024,Sandrastad,CA,90593,,H-00073,
C-00104,Joe,Craig,1985-10-14,(737) 555-0117,joseph.craig104@example.com,20183 Barnes Junctions Apt. 545,North Ericton,GA,31869,,H-00074,
C-00105,Ebony,Craig,1998-06-29,(901) 555-0125,,20183 Barnes Junctions Apt. 545,North Ericton,GA,31869,,H-00074,
C-00106,Randall,Williams,1997-06-29,(393) 555-0113,,764 Kari Crescent Suite 614,Roseport,MO,63599,,H-00075,
C-00107,Carol,Williams,1945-07-25,(393) 555-0113,carol.williams107@example.com,764 Kari Crescent Suite 614,Roseport,MO,63599,6L76UU2GH30,H-00075,
C-00108,Jerry,Patel,1953-02-25,(702) 555-0188,jerry.patel108@example.com,43244 Wilson Parks,Thompsonfurt,NC,28478,7NQ9XY8VC81,H-00076,
C-00109,George,Burch,1944-03-12,(493) 555-0159,george.burch109@example.com,60607 Michelle Ports Suite 966,Dariustown,VT,05997,5Y90V82TT18,H-00077,
C-00110,Gary,Cook,1949-08-19,(327) 555-0111,gary.cook110@example.com,516 John Radial Suite 816,Juliebury,MO,65593,9YG6WQ0GN92,H-00078,
C-00111,William,Cook,1953-08-02,(408) 555-0100,william.cook111@example.com,516 John Radial Suite 816,Juliebury,MO,65593,5AT7UW0YU33,H-00078,
C-00112,Daniel,Cook,1964-04-06,(327) 555-0111,,516 John Radial Suite 816,Juliebury,MO,65593,,H-00078,
C-00113,Stephanie,Jones,1955-02-10,(569) 555-0104,stephanie.jones113@example.com,5231 Jonathan Extensions,Port Katherine,NY,13884,,H-00079,
C-00114,Courtney,Jones,1966-09-02,(909) 555-0189,courtney.jones114@example.com,5231 Jonathan Extensions,Port Katherine,NY,13884,,H-00079,
C-00115,Brittany,Hogan,1941-04-03,(830) 555-0172,brittany.hogan115@example.com,979 Lin Road Suite 271,Ramosport,NJ,08377,8U52YJ4HA10,H-00080,
C-00116,Joanne,Best,1951-05-01,(407) 555-0188,joanne.best116@example.com,147 Johnson Land Suite 119,Fordside,NY,00581,1E15NQ9YA23,H-00081,
C-00117,Christopher,Haas,1937-09-03,(507) 555-0172,christopher.haas117@example.com,9359 Mason Circle,Garciamouth,IL,62968,6WW0HX5PD24,H-00082,
C-00118,Brian,Shlton,2003-05-15,(516) 555-0190,brian.shelton118@example.com,37788 Michael Haven,Ortizmouth,IL,62896,,H-00083,
C-00119,Crystal,Shelton,1935-09-12,(295) 555-0156,crystal.shelton119@example.com,37788 Michael Haven,Ortizmouth,IL,62896,8VF3N97VM52,H-00083,
C-00120,Eileen,Douglas,1950-02-04,(306) 555-0166,eileen.douglas120@example.com,51864 Cummings Shoals Apt. 519,West Kyle,CA,53439,5AX4HN3HM48,H-00084,
C-00121,Wendy,Valentie,1995-10-07,(788) 555-0131,wendy.valentine121@example.com,148 Schneider Isle,Lake Jacqueline,SD,57369,,H-00085,
C-00122,Jeremy,Tucker,1948-07-02,(807) 555-0180,,685 Michael Falls,West Stacey,AL,36686,8YP4N63WD79,H-00086,
C-00123,Marie,Martin,1984-04-18,(388) 555-0189,marie.martin123@example.com,14188 Ebony Wells,New Nicholas,TX,77250,,H-00087,
C-00124,Kellie,Martin,1948-11-26,(388) 555-0189,kellie.martin124@example.com,14188 Ebony Wells,New Nicholas,TX,77250,7EN8D54WT69,H-00087,
C-00125,John,Young,1957-10-02,(758) 555-0188,john.young125@example.com,706 Rhodes Freeway,Bishopmouth,WV,26543,8NW1TG4QD91,H-00088,
C-00126,Angela,Sawyer,1987-03-16,(658) 555-0125,angela.sawyer126@example.com,59774 Shaw Manor Apt. 392,Brettfort,MO,65718,,H-00089,
C-00127,Christopher,Guerra,2002-03-26,(255) 555-0100,christopher.guerra127@example.com,814 Kathryn Groves,Whiteheadberg,NC,28965,,H-00090,
C-00128,Renee,Guerra,1949-10-02,(614) 555-0116,renee.guerra128@example.com,814 Kathryn Groves,Whiteheadberg,NC,28965,9H12UF3WQ56,H-00090,
C-00129,Devin,Moody,1937-11-26,(839) 555-0123,devin.moody129@example.com,0606 Young Common Suite 305,Port Jennifermouth,AL,35582,7W67QP3GR90,H-00091,
C-00130,Justin,Moody,1944-10-13,(626) 555-0158,justin.moody130@example.com,0606 Young Common Suite 305,Port Jennifermouth,AL,35582,9KT8DV9DJ71,H-00091,
C-00131,David,Young,1945-04-04,(502) 555-0137,david.young131@example.com,277 Rebecca Brook Suite 328,Rodriguezport,KY,41465,5XK0UX2XC49,H-00092,
C-00132,John,Young,1968-07-16,(579) 555-0122,john.young132@example.com,277 Rebecca Brook Suite 328,Rodriguezport,KY,41465,,H-00092,
C-00133,Christopher,Beck,1952-10-28,(971) 555-0152,christopher.beck133@example.com,17980 Jennifer Highway Suite 095,New Robert,OH,45663,4X35C04EC27,H-00093,
C-00134,Theresa,Beck,1947-09-25,(971) 555-0152,theresa.beck134@example.com,17980 Jennifer Highway Suite 095,New Robert,OH,45663,7NV0E98PR94,H-00093,
C-00135,Allen,King,1962-09-27,(213) 555-0152,allen.king135@example.com,888 Peter Mountains,Lake Paulstad,KY,42288,,H-00094,
C-00136,Kristina,King,1941-08-15,(385) 555-0140,kristina.king136@example.com,888 Peter Mountains,Lake Paulstad,KY,42288,4Y01ED9FQ92,H-00094,
C-00137,Benjamin,Acevedo,1950-09-10,(276) 555-0135,,19520 Payne Via Apt. 772,North Jennifer,NJ,07820,3TD7HY6GU12,H-00095,
C-00138,James,Acevedo,1942-05-26,(220) 555-0163,james.acevedo138@example.com,19520 Payne Via Apt. 772,North Jennifer,NJ,07820,1C16KF5QX08,H-00095,
C-00139,Michelle,Norman,1949-03-10,(749) 555-0145,,54868 King Terrace,West Michael,SD,57172,2PW5D67MH28,H-00096,
C-00140,Christopher,Adams,1940-11-06,(701) 555-0149,christopher.adams140@example.com,1566 Kline Lights Suite 277,Sandrahaven,AK,99930,8AC5CN0QE38,H-00097,
C-00141,Bobby,Bell,1957-02-10,(806) 555-0108,,69284 Garcia Islands Suite 479,Jacksonmouth,MD,20622,2EU9YJ1HR56,H-00098,
C-00142,Molly,Bel,1957-05-14,(848) 555-0106,molly.bell142@example.com,69284 Garcia Islands Suite 479,Jacksonmouth,MD,20622,6WG7J99CF19,H-00098,
C-00143,Austin,Harrington,1952-01-08,(688) 555-0188,austin.harrington143@example.com,640 Emily Lodge Suite 820,Port Cathy,NJ,08388,3Y20YG7YD45,H-00099,
C-00144,Alyssa,Berry,2002-06-24,(842) 555-0184,alyssa.berry144@example.com,55690 Erika Land,Scottland,SD,57798,,H-00100,
C-00145,Raymond,Berry,1954-02-12,(842) 555-0184,raymond.berry145@example.com,55690 Erika Land,Scottland,SD,57798,8CE0WG2AU81,H-00100,
C-00146,Derek,Gonzalez,1948-06-11,(301) 555-0130,derek.gonzalez146@example.com,10278 Mcintyre Crest Suite 473,Heatherfort,FL,33029,1RF3YT2QP27,H-00101,
C-00147,Sara,Joseph,1953-05-03,(854) 555-0178,,2715 Mckinney Plaza,Patriciaburgh,WA,98214,9JD6VU3XU74,H-00102,
C-00148,Dana,Joseph,1968-07-17,(206) 555-0153,,2715 Mckinney Plaza,Patriciaburgh,WA,98214,,H-00102,
C-00149,Nicole,Anderson,1936-09-25,(617) 555-0127,nicole.anderson149@example.com,313 Joel Park Apt. 589,Tannerside,VA,24489,5J01AU4GT99,H-00103,
C-00150,Cameron,Anderson,1940-08-26,(301) 555-0157,cameron.anderson150@example.com,313 Joel Park Apt. 589,Tannerside,VA,24489,9CM6K29WX31,H-00103,
C-00151,Maria,Anderson,1952-11-04,(834) 555-0105,maria.anderson151@example.com,786 Morrow Cliffs Apt. 517,Frazierstad,ID,83459,4FN3WE7XH35,H-00104,
C-00152,Shelley,Reed,1958-06-27,(669) 555-0111,shelley.reed152@example.com,68018 Kevin Estates,Sarahbury,MI,49947,3MD1GK1FU23,H-00105,
C-00153,Matthew,Winters,1991-01-08,(622) 555-0174,matthew.winters153@example.com,43842 Mendez Course Apt. 992,Lake Claudia,DE,19824,,H-00106,
C-00154,Sandra,Winters,1951-07-06,(433) 555-0161,sandra.winters154@example.com,43842 Mendez Course Apt. 992,Lake Claudia,DE,19824,5CF5MT2YG84,H-00106,
C-00155,Sue,Roberts,1974-07-18,(776) 555-0190,sue.roberts155@example.com,10943 Montgomery Burgs,Smallside,CT,06226,3WM1AQ7FT52,H-00107,
C-00156,Timothy,Roberts,1937-02-17,(776) 555-0190,timothy.roberts156@example.com,10943 Montgomery Burgs,Smallside,CT,06226,8CF8EM0QY37,H-00107,
C-00157,Michelle,Gross,1944-03-14,(657) 555-0186,michelle.gross157@example.com,7102 Perry Mountain Apt. 592,Michellemouth,AK,99568,9C95QF6PQ50,H-00108,
C-00158,Theresa,Gross,1947-02-17,(657) 555-0186,,7102 Perry Mountain Apt. 592,Michellemouth,AK,99568,7RF9YD2HM78,H-00108,
C-00159,Sonia,Williams,1956-06-21,(928) 555-0172,sonia.williams159@example.com,8815 Steven Grove,Wrightville,IL,61759,9UC4XM7WT30,H-00109,
C-00160,John,Bryant,1955-11-30,(796) 555-0161,john.bryant160@example.com,25953 Tyrone Passage Suite 747,North Sierrahaven,ID,83215,5U21PV9AK29,H-00110,
C-00161,Brandy,Bryant,1956-01-12,(984) 555-0135,brandy.bryant161@example.com,25953 Tyrone Passage Suite 747,North Sierrahaven,ID,83215,2Y42WN5MK51,H-00110,
C-00162,Brandon,Bryant,1944-01-03,(920) 555-0196,,25953 Tyrone Passage Suite 747,North Sierrahaven,ID,83215,7T91E62AU54,H-00110,
C-00163,Jim,Hudson,1954-07-27,(636) 555-0188,james.hudson163@example.com,9748 Melanie Meadows Apt. 456,Brandonton,DE,19716,2DA7RC3EC89,H-00111,
C-00164,Richard,Morrison,2004-08-16,(405) 555-0123,richard.morrison164@example.com,68784 David Court Suite 558,Kariborough,CO,80675,,H-00112,
C-00165,Billy,Morrison,1943-12-15,(405) 555-0123,,68784 David Court Suite 558,Kariborough,CO,80675,1VH3MG8AE38,H-00112,
C-00166,Benjamin,Morrison,1981-02-26,(405) 555-0123,benjamin.morrison166@example.com,68784 David Court Suite 558,Kariborough,CO,80675,,H-00112,
C-00167,Amanda,Clayton,1945-08-03,(496) 555-0171,amanda.clayton167@example.com,8729 Mark Ridge Suite 269,Brittneyhaven,PA,17390,5TJ8RM6HD75,H-00113,
C-00168,Alexandria,Castillo,1937-07-07,(912) 555-0175,,0551 Silva Underpass Apt. 974,Lake Brett,CO,81251,6HY6EJ6UK99,H-00114,
C-00169,Jen,Castillo,1952-01-25,(912) 555-0175,jennifer.castillo169@example.com,0551 Silva Underpass Apt. 974,Lake Brett,CO,81251,3AE0DU0GQ95,H-00114,
C-00170,April,Thornton,1943-04-09,(754) 555-0169,april.thornton170@example.com,30913 Scott Manor Apt. 636,Salaston,KY,40984,1R81QT5QT70,H-00115,
C-00171,Kenneth,Ramirez,1938-12-29,(313) 555-0172,kenneth.ramirez171@example.com,786 Frye Mount Suite 854,Leebury,SD,57797,3VC6KU9QY54,H-00116,
C-00172,Stephanie,Cardenas,1979-04-05,(639) 555-0144,stephanie.cardenas172@example.com,3757 Castro Underpass Suite 419,Huangfurt,IN,47212,,H-00117,
C-00173,Anna,Nelson,1945-10-30,(782) 555-0165,,0415 Douglas Summit,Lewisside,KS,67121,5A27XA5QX65,H-00118,
C-00174,Joseph,Nelson,1994-11-21,(221) 555-0168,,0415 Douglas Summit,Lewisside,KS,67121,,H-00118,
C-00175,Mark,Garcia,1942-08-14,(840) 555-0195,mark.garcia175@example.com,933 Elizabeth Pines,Lake Jesse,PA,17528,9UR3P51MV46,H-00119,
C-00176,Thomas,Garcia,1938-01-10,(791) 555-0163,thomas.garcia176@example.com,933 Elizabeth Pines,Lake Jesse,PA,17528,8K98Y76XC83,H-00119,
C-00177,Erin,Garcia,1957-11-11,(840) 555-0195,erin.garcia177@example.com,933 Elizabeth Pines,Lake Jesse,PA,17528,5GK9JQ3EF30,H-00119,
C-00178,Christopher,Velez,1959-01-26,(257) 555-0110,christopher.velez178@example.com,82677 Katelyn Heights,Justinton,CO,80033,5D86P11QF31,H-00120,
C-00179,Suzanne,Zuniga,1947-06-12,(955) 555-0149,suzanne.zuniga179@example.com,026 Sarah Camp,Frenchburgh,ID,83474,5TR4XC7WP15,H-00121,
C-00180,Jessica,Rivera,2002-10-27,(256) 555-0188,,04991 Mitchell Row Suite 287,Jamesville,NJ,07902,,H-00122,
C-00181,Debbie,Rivera,1990-02-17,(861) 555-0177,,04991 Mitchell Row Suite 287,Jamesville,NJ,07902,,H-00122,
C-00182,Donald,Lopez,1964-03-07,(481) 555-0110,,54932 Wilcox Passage,Christopherville,KS,66656,,H-00123,
C-00183,Gina,Moore,1970-04-17,(268) 555-0145,gina.moore183@example.com,04637 Finley Hollow Apt. 453,Lake Davidport,CO,80864,,H-00124,
C-00184,Kate,Durham,1953-01-10,(987) 555-0183,katherine.durham184@example.com,145 Jeffrey Dale Suite 279,Robertside,KY,40680,7NT7FK2XN43,H-00125,
C-00185,Laurie,Durham,2000-02-08,(513) 555-0140,laurie.durham185@example.com,145 Jeffrey Dale Suite 279,Robertside,KY,40680,,H-00125,
C-00186,Amanda,Harris,1963-02-21,(665) 555-0186,amanda.harris186@example.com,91878 Miller Port,North Mariahaven,AL,36221,4HH4M37QF63,H-00126,
C-00187,Franklin,Harris,1953-03-26,(781) 555-0115,franklin.harris187@example.com,91878 Miller Port,North Mariahaven,AL,36221,2AU2N26HQ69,H-00126,
C-00188,Randy,Cummings,1939-03-26,(717) 555-0179,,39718 Stokes Motorway Apt. 867,New Stevenport,ID,83232,1XG4GV7NT21,H-00127,
C-00189,Lisa,Cummings,1934-05-11,(641) 555-0136,,39718 Stokes Motorway Apt. 867,New Stevenport,ID,83232,5Y64VN6GN72,H-00127,
C-00190,Robert,Johnson,1982-10-03,(319) 555-0163,robert.johnson190@example.com,106 Graves Plains,North Valeriefort,CO,81455,,H-00128,
C-00191,Kayla,Johnson,1934-07-07,(480) 555-0172,,106 Graves Plains,North Valeriefort,CO,81455,4XA8XG6DJ71,H-00128,
C-00192,Katelyn,Davenport,1951-12-02,(538) 555-0105,katelyn.davenport192@example.com,6766 Felicia Shore Apt. 512,Ricebury,MO,63010,8N39FH0MN01,H-00129,
C-00193,Carlos,Allen,1956-08-01,(613) 555-0136,,8686 John Key Apt. 431,Port Donnatown,GA,31299,5YF5E65VH77,H-00130,
C-00194,William,Brown,1945-10-20,(637) 555-0111,william.brown194@example.com,9030 Gonzales Plains,Port Michelle,OH,44380,3UV8DM7RD74,H-00131,
C-00195,Keith,Brown,1957-01-31,(637) 555-0111,keith.brown195@example.com,9030 Gonzales Plains,Port Michelle,OH,44380,5PK9D48AE72,H-00131,
C-00196,Lisa,Brown,1935-05-19,(637) 555-0111,,9030 Gonzales Plains,Port Michelle,OH,44380,3HG1YK1RW00,H-00131,
C-00197,Ronald,Garrett,1962-03-13,(290) 555-0116,ronald.garrett197@example.com,953 Walter Shore Apt. 644,New Stacyburgh,NE,68579,,H-00132,
C-00198,Steven,Thomas,1971-06-26,(647) 555-0180,steven.thomas198@example.com,56856 Hernandez Lane Apt. 873,West Meredith,ID,83730,,H-00133,
C-00199,Melanie,Nielsen,1942-03-15,(800) 555-0131,melanie.nielsen199@example.com,668 Paul Glens,West Deborah,MN,55057,7R77XY8MC76,H-00134,
C-00200,Chris,Nielsen,1984-12-22,(800) 555-0131,,668 Paul Glens,West Deborah,MN,55057,,H-00134,
C-00201,Kevin,Meadows,1953-01-15,(495) 555-0192,,46990 Jacob Trace,South Jason,MO,63020,6Y77F84QR57,H-00135,
C-00202,Regina,Meadows,1967-01-23,(495) 555-0192,regina.meadows202@example.com,46990 Jacob Trace,South Jason,MO,63020,,H-00135,
C-00203,Deborah,Owens,1973-09-15,(546) 555-0155,deborah.owens203@example.com,17393 Herman Plaza,Kimberlyfurt,IN,46845,,H-00136,
C-00204,Kyle,Owens,1983-09-08,(771) 555-0134,,17393 Herman Plaza,Kimberlyfurt,IN,46845,,H-00136,
C-00205,Angela,Smith,1954-03-30,(243) 555-0164,angela.smith205@example.com,771 Gill Island Apt. 556,New Michelleberg,CO,80371,8VU1F05NF13,H-00137,
C-00206,Jessica,Murray,1944-02-29,(342) 555-0154,jessica.murray206@example.com,2353 Hudson Gardens Suite 854,Levyfort,CT,06646,7T78PA7FA81,H-00138,
C-00207,Edward,Jones,1944-05-03,(260) 555-0180,,28728 Alexandria Villages Apt. 006,Port Crystal,KY,40473,9M35PA4VY26,H-00139,
C-00208,Jeffery,Jones,1958-09-13,(260) 555-0180,jeffery.jones208@example.com,28728 Alexandria Villages Apt. 006,Port Crystal,KY,40473,3VW4HD8WM85,H-00139,
C-00209,Stephen,Jones,1959-03-25,(260) 555-0180,stephen.jones209@example.com,28728 Alexandria Villages Apt. 006,Port Crystal,KY,40473,2C41TM9AT53,H-00139,
C-00210,Amanda,Bowen,1942-06-25,(570) 555-0158,amanda.bowen210@example.com,977 Adam Plaza,Smithhaven,CA,94748,7RD1CR2UH71,H-00140,
C-00211,Veronica,Cunningham,1956-01-17,(702) 555-0193,veronica.cunningham211@example.com,86211 John River Suite 546,West Susanmouth,IL,61488,3V78E23TU02,H-00141,
C-00212,Megan,Miller,1951-01-26,(321) 555-0147,megan.miller212@example.com,1016 Bennett Mountains,Lake Albertburgh,KS,67719,7C94MH2UA18,H-00142,
C-00213,Deanna,Miller,1967-07-26,(717) 555-0181,deanna.miller213@example.com,1016 Bennett Mountains,Lake Albertburgh,KS,67719,,H-00142,
C-00214,Harry,Barrett,1939-02-17,(862) 555-0111,,180 Jason Ways Suite 401,Rachelshire,OR,97629,1X04W01WD39,H-00143,
C-00215,Vincent,Ramsey,1959-01-23,(224) 555-0143,vincent.ramsey215@example.com,39261 Martin Garden Suite 856,Port Vanessa,GA,31856,7A78NQ4DE18,H-00144,
C-00216,Jacob,Bennett,1956-03-04,(465) 555-0148,,16315 Novak Islands Apt. 477,West Angela,WA,98203,2CH3YX3UV86,H-00145,
C-00217,Brenda,Bennett,2004-05-17,(931) 555-0107,brenda.bennett217@example.com,16315 Novak Islands Apt. 477,West Angela,WA,98203,,H-00145,
C-00218,Kathleen,Wallace,1943-07-07,(751) 555-0154,,94311 Moore Station Apt. 655,North Adamport,WV,24981,9TC0T69MG00,H-00146,
C-00219,Alexander,Shields,1986-08-17,(957) 555-0168,alexander.shields219@example.com,12678 Garcia Corners,Angelamouth,TX,75120,,H-00147,
C-00220,Robert,Shields,1984-10-17,(851) 555-0133,,12678 Garcia Corners,Angelamouth,TX,75120,,H-00147,
C-00221,Bryan,Snyder,1996-11-05,(824) 555-0160,bryan.snyder221@example.com,839 Gina Extension,West Kevin,MO,64776,,H-00148,
C-00222,Ryan,Snyder,1971-09-16,(888) 555-0156,ryan.snyder222@example.com,839 Gina Extension,West Kevin,MO,64776,,H-00148,
C-00223,Christine,Cok,1938-04-01,(961) 555-0102,,7154 Jennifer Park Apt. 712,Adamfurt,WI,53028,5JJ7PC4UY30,H-00149,
C-00224,Cynthia,Navaro,1956-05-22,(434) 555-0166,cynthia.navarro224@example.com,5692 Flores Square Apt. 752,Novakport,KY,42072,5H70WY4WT06,H-00150,
C-00225,Tammy,Navarro,1949-01-10,(939) 555-0128,tammy.navarro225@example.com,5692 Flores Square Apt. 752,Novakport,KY,42072,7WT5AQ3ND90,H-00150,
C-00226,Jessica,Johnson,1950-05-26,(643) 555-0103,jessica.johnson226@example.com,6465 Sarah Flats,Lake Katrina,NC,27061,6C65V53DY97,H-00151,
C-00227,Charles,Mccormick,1940-11-15,(264) 555-0156,charles.mccormick227@example.com,4167 Cynthia Garden,Donnachester,ID,83816,,H-00152,
C-00228,Cheyenne,Jackson,1983-12-13,(311) 555-0113,cheyenne.jackson228@example.com,688 Stephens Turnpike Suite 891,Port Johnstad,MO,65124,6RU9TG3FC02,H-00153,
C-00229,Edward,Vaughn,1941-10-30,(259) 555-0130,edward.vaughn229@example.com,6101 Walker Summit Apt. 756,Bartonshire,PA,16977,9CR5HH3DN37,H-00154,
C-00230,Whitney,Vaughn,1951-03-01,(552) 555-0137,whitney.vaughn230@example.com,6101 Walker Summit Apt. 756,Bartonshire,PA,16977,1UJ0J23TY33,H-00154,
C-00231,Kevin,Flores,1949-02-18,(231) 555-0171,kevin.flores231@example.com,46112 Collins Motorway Apt. 875,Davismouth,LA,70145,6CA3HM2JK25,H-00155,
C-00232,Crystal,Salinas,1956-07-27,(397) 555-0168,crystal.salinas232@example.com,51238 Andrea Isle,Mullenbury,MN,56779,6NY6J90YX38,H-00156,
C-00233,Karen,Harris,1955-01-14,(284) 555-0160,,660 Shannon Meadow,Smithborough,NE,68493,9PU8TG5PV77,H-00157,
C-00234,Lindsey,Harris,1980-06-12,(284) 555-0160,,660 Shannon Meadow,Smithborough,NE,68493,,H-00157,
C-00235,Danielle,Rose,1943-11-18,(732) 555-0145,danielle.rose235@example.com,182 Nguyen Mount,West Emilyfort,AL,36056,7RP7NK6AG73,H-00158,
C-00236,Candice,Rose,1950-06-07,(732) 555-0145,candice.rose236@example.com,182 Nguyen Mount,West Emilyfort,AL,36056,1WH5H15KM43,H-00158,
C-00237,Isaac,Torres,1934-12-23,(940) 555-0159,isaac.torres237@example.com,155 Williamson Via Suite 991,West David,CA,91592,2N73R46HT78,H-00159,
C-00238,Heather,Torres,1939-03-09,(908) 555-0168,heather.torres238@example.com,155 Williamson Via Suite 991,West David,CA,91592,1X50FF5XY99,H-00159,
C-00239,Christine,Wilkinson,1998-10-21,(855) 555-0138,christine.wilkinson239@example.com,9296 Lopez Roads Apt. 827,Donaldmouth,ID,83657,,H-00160,
C-00240,Joshua,Carter,1956-02-12,(439) 555-0137,joshua.carter240@example.com,72368 Ortiz Overpass Suite 772,New Anthonybury,OR,97426,3N76QG1FW67,H-00161,
C-00241,Karen,Greer,1953-01-05,(657) 555-0108,karen.greer241@example.com,79788 Ashley Grove Suite 807,South Curtis,CO,80018,8TT9C31MT54,H-00162,
C-00242,Lisa,Glover,1936-09-09,(916) 555-0172,,74517 Kimberly Freeway Apt. 959,Martinberg,MO,65423,5WM1H97RW15,H-00163,
C-00243,Wyatt,Farley,1939-02-06,(457) 555-0114,wyatt.farley243@example.com,584 Mario Squares,Keithview,WI,53101,9J27FU4GG09,H-00164,
C-00244,Rachel,Farley,1996-02-19,(457) 555-0114,rachel.farley244@example.com,584 Mario Squares,Keithview,WI,53101,,H-00164,
C-00245,Douglas,Long,2005-09-07,(986) 555-0125,,60422 Dustin Islands,Port Megan,AR,72288,,H-00165,
C-00246,Cynthia,Long,1983-10-19,(426) 555-0112,cynthia.long246@example.com,60422 Dustin Islands,Port Megan,AR,72288,3GC6VE5NW39,H-00165,
C-00247,Stephen,Simon,1982-08-29,(486) 555-0183,stephen.simon247@example.com,7116 Neal Wells Suite 775,Port Kimland,MO,63051,1D83RM9UE89,H-00166,
C-00248,Patricia,Kramer,1968-03-20,(270) 555-0142,patricia.kramer248@example.com,86363 Adams Village Suite 589,New Melissa,NY,14161,9X20JA9EM36,H-00167,
C-00249,Kathryn,Kramer,1936-11-29,(655) 555-0194,,86363 Adams Village Suite 589,New Melissa,NY,14161,3KN0V56MA35,H-00167,
C-00250,Kevin,Khan,1965-08-27,(254) 555-0181,,70127 Smith Meadow,Lake Regina,UT,84523,,H-00168,
C-00251,Nancy,Khan,1941-02-22,(694) 555-0102,nancy.khan251@example.com,70127 Smith Meadow,Lake Regina,UT,84523,7D44YW2WG46,H-00168,
C-00252,April,Wheeler,1948-03-03,(961) 555-0147,april.wheeler252@example.com,54152 Randy Inlet Apt. 611,East Thomasberg,GA,30600,5XD6C91QX23,H-00169,
C-00253,Sean,Wheeler,1964-03-18,(954) 555-0131,sean.wheeler253@example.com,54152 Randy Inlet Apt. 611,East Thomasberg,GA,30600,,H-00169,
C-00254,Michael,Garcia,1960-08-03,(860) 555-0191,,516 Tim Forks,Davisville,KY,40831,7X81V93RG64,H-00170,
C-00255,Kevin,Garcia,1958-08-07,(553) 555-0118,kevin.garcia255@example.com,516 Tim Forks,Davisville,KY,40831,4Q24AG7AE16,H-00170,
C-00256,Donald,Mosley,1954-09-01,(978) 555-0124,donald.mosley256@example.com,21890 Scott Stravenue Apt. 269,Heathland,WI,53764,7T09E72DM16,H-00171,
C-00257,Carol,Tran,1957-06-15,(208) 555-0185,carol.tran257@example.com,656 Moody Gateway,Deannabury,DE,19896,9K97U45YR55,H-00172,
C-00258,Tiffany,Rice,1938-03-10,(343) 555-0103,tiffany.rice258@example.com,043 Julie Hill Apt. 376,East Victorland,WA,99442,9K23PT9UV63,H-00173,
C-00259,Stacy,Livingston,1944-10-29,(303) 555-0193,stacy.livingston259@example.com,2696 Payne Extensions Suite 109,North Joseton,ME,04651,4F78X58CF71,H-00174,
C-00260,Peter,Herrera,1958-08-08,(417) 555-0121,peter.herrera260@example.com,486 Miles Corner Apt. 414,New Samanthaberg,KY,40731,3N86KJ4UE28,H-00175,
C-00261,Cynthia,Herrera,1947-06-04,(417) 555-0121,cynthia.herrera261@example.com,486 Miles Corner Apt. 414,New Samanthaberg,KY,40731,2ED5X93EX52,H-00175,
C-00262,Judith,Parker,1938-11-27,(574) 555-0186,judith.parker262@example.com,6303 Sandy Crescent,Salazarton,WI,54540,1W77NF4JU72,H-00176,
C-00263,Morgan,Brady,1952-01-22,(788) 555-0161,,02027 Mills Tunnel,Garyberg,ID,83490,1NF3J20GU64,H-00177,
C-00264,Michele,Brown,1938-04-29,(971) 555-0174,michele.brown264@example.com,56481 Joseph Ports,South Spencerstad,CA,90841,3T27M82HH30,H-00178,
C-00265,Garrett,Brown,1945-07-02,(321) 555-0165,garrett.brown265@example.com,56481 Joseph Ports,South Spencerstad,CA,90841,7F06JC1JQ74,H-00178,
C-00266,Edward,Reyes,1958-07-31,(869) 555-0156,edward.reyes266@example.com,1913 Bradley Wall,East Brandonstad,IL,60880,9JA9XX7KE92,H-00179,
C-00267,Sarah,Reyes,1933-10-08,(869) 555-0156,sarah.reyes267@example.com,1913 Bradley Wall,East Brandonstad,IL,60880,9VU1V69WE31,H-00179,
C-00268,David,Duncan,1964-05-02,(463) 555-0196,david.duncan268@example.com,635 Robert Stravenue,Josephland,GA,30271,7AJ4CV4WT29,H-00180,
C-00269,Miguel,Bryant,1953-12-03,(507) 555-0127,miguel.bryant269@example.com,38061 Cline Trail,Markside,FL,32618,7DW4KQ2QT14,H-00181,
C-00270,Kelly,Bryant,1941-10-30,(724) 555-0177,kelly.bryant270@example.com,38061 Cline Trail,Markside,FL,32618,3N56QA9JD41,H-00181,
C-00271,Mary,Reed,1957-07-30,(301) 555-0148,mary.reed271@example.com,937 Vargas Park Apt. 832,South Andrewside,IA,50801,5X67EV5XM84,H-00182,
C-00272,Douglas,Kaufman,2004-10-15,(331) 555-0133,douglas.kaufman272@example.com,0641 Alyssa Freeway,Vasquezton,VT,05875,,H-00183,
C-00273,Joshua,Kaufman,1946-06-30,(331) 555-0133,joshua.kaufman273@example.com,0641 Alyssa Freeway,Vasquezton,VT,05875,8VM4RV3MD46,H-00183,
C-00274,Bradley,Kaufman,1950-12-22,(211) 555-0154,bradley.kaufman274@example.com,0641 Alyssa Freeway,Vasquezton,VT,05875,3UU8W21QA93,H-00183,
C-00275,Ashley,Jones,1936-01-07,(380) 555-0109,ashley.jones275@example.com,657 Beverly Parkways,Lake Lori,KY,40177,3VP0RU6GP15,H-00184,
C-00276,Ryan,Joes,1940-01-12,(237) 555-0159,,657 Beverly Parkways,Lake Lori,KY,40177,8CP0YT5MP10,H-00184,
C-00277,Daniel,Rodriguez,1937-05-26,(700) 555-0100,daniel.rodriguez277@example.com,44565 Chavez Fort,East Derekshire,NC,28315,5PR2W54ET72,H-00185,
C-00278,Heidi,Mckenzie,1962-07-28,(701) 555-0170,heidi.mckenzie278@example.com,5618 Oconnell Fords Suite 474,North Ericport,MI,48353,,H-00186,
C-00279,Rick,Johnson,1939-04-09,(713) 555-0101,richard.johnson279@example.com,52135 Palmer Springs,Jorgeburgh,IL,60444,1RU4MU1RJ92,H-00187,
C-00280,Gina,Morales,1955-06-27,(806) 555-0180,gina.morales280@example.com,831 Garcia Underpass Apt. 100,East James,ID,83360,4EF6CK3FR09,H-00188,
C-00281,Sharon,Morales,1975-08-31,(924) 555-0113,sharon.morales281@example.com,831 Garcia Underpass Apt. 100,East James,ID,83360,,H-00188,
C-00282,Maria,Sein,1958-10-28,(418) 555-0136,maria.stein282@example.com,941 Wendy Flat,Lambland,SD,57340,2RG4UP5ME10,H-00189,
C-00283,Joshua,Lopez,1957-09-10,(334) 555-0180,,07029 Underwood Locks Suite 066,West Jason,WI,53213,4H27ED8YN47,H-00190,
C-00284,Nicole,Lopez,1957-02-20,(334) 555-0180,nicole.lopez284@example.com,07029 Underwood Locks Suite 066,West Jason,WI,53213,9AG9K22MC90,H-00190,
C-00285,Austin,Lopez,1947-11-26,(334) 555-0180,austin.lopez285@example.com,07029 Underwood Locks Suite 066,West Jason,WI,53213,3XH9A88TV84,H-00190,
C-00286,Laura,Day,1935-09-05,(455) 555-0126,laura.day286@example.com,476 Brown Harbors,Taylorborough,KY,40181,1P09PN1WK26,H-00191,
C-00287,Paul,Shaw,1940-08-08,(905) 555-0148,,806 Castillo Tunnel,Coopershire,NY,10068,5YW3TJ5KH96,H-00192,
C-00288,Hector,Shaw,1955-07-03,(904) 555-0177,hector.shaw288@example.com,806 Castillo Tunnel,Coopershire,NY,10068,3DR3T96EV20,H-00192,
C-00289,Kylie,Ferguson,1935-09-27,(309) 555-0169,kylie.ferguson289@example.com,304 Lindsey Mountains Suite 932,East Dianeview,IA,52710,6DH2U49TG45,H-00193,
C-00290,Jillian,Ferguson,1951-08-10,(475) 555-0118,,304 Lindsey Mountains Suite 932,East Dianeview,IA,52710,3A93AJ6QF54,H-00193,
C-00291,Michael,Warner,1958-09-09,(383) 555-0154,michael.warner291@example.com,652 Joel Island,Robintown,ID,83409,3RF4Y64PE47,H-00194,
C-00292,Ashley,Warner,1981-02-15,(690) 555-0108,ashley.warner292@example.com,652 Joel Island,Robintown,ID,83409,,H-00194,
C-00293,Douglas,Warner,1994-03-18,(831) 555-0142,douglas.warner293@example.com,652 Joel Island,Robintown,ID,83409,,H-00194,
C-00294,Samantha,Smith,1943-06-06,(752) 555-0168,samantha.smith294@example.com,8427 Christopher Fort,North Alisha,VA,23663,7VX3DJ5AH05,H-00195,
C-00295,James,Smith,1947-05-30,(752) 555-0168,james.smith295@example.com,8427 Christopher Fort,North Alisha,VA,23663,3E22Q30RP01,H-00195,
C-00296,Nathaniel,Yu,1937-07-22,(916) 555-0138,nathaniel.yu296@example.com,2500 Brenda Divide,Port Aliciastad,NC,27201,6T50ME2CC92,H-00196,
C-00297,Nicholas,Olsen,2000-08-01,(634) 555-0120,,154 Taylor Estate Suite 752,Jeffreyshire,NE,69229,,H-00197,
C-00298,Toni,Young,1940-03-08,(369) 555-0106,,20969 Ian Island Apt. 917,West Julie,IL,62788,7HK1ED5YN03,H-00198,
C-00299,Gary,Young,1941-12-16,(680) 555-0161,,20969 Ian Island Apt. 917,West Julie,IL,62788,8CC5DM0PM68,H-00198,
C-00300,Brandon,Le,1948-01-31,(354) 555-0103,,570 Clark Square,West Jonathanville,CO,81699,5GF7D81JH22,H-00199,
C-00301,Arthur,Lloyd,1965-11-25,(900) 555-0149,arthur.lloyd301@example.com,626 Macias Keys Suite 179,East Shannon,SC,29091,,H-00200,
C-00302,Andrew,Lloyd,2000-01-20,(900) 555-0149,andrew.lloyd302@example.com,626 Macias Keys Suite 179,East Shannon,SC,29091,,H-00200,
C-00303,Ryan,Lawson,1952-02-18,(344) 555-0115,,15262 Amy Course Suite 997,South Sherriburgh,LA,41422,8CP4QR9FT58,H-00201,
C-00304,Mary,Armstrong,1978-03-23,(917) 555-0171,mary.armstrong304@example.com,53368 Guerrero Hills,North Brandon,AR,72731,,H-00202,
C-00305,Thomas,Rowland,1957-05-12,(819) 555-0162,thomas.rowland305@example.com,50614 Gonzalez Burg,East Danielle,DC,20343,8F03NX0YQ05,H-00203,
C-00306,Sean,Wood,1938-02-12,(738) 555-0127,sean.wood306@example.com,6774 Darlene Loaf,West Nicole,NC,27235,5G60D86NM23,H-00204,
C-00307,Bruce,Perez,1956-04-19,(952) 555-0195,,7434 Edward Square Apt. 158,Arellanoshire,CA,93776,6AF7FU5ER48,H-00205,
C-00308,Stacy,Cole,1941-03-22,(393) 555-0153,stacy.cole308@example.com,687 Thomas Common Suite 089,North Stacy,CO,80695,4XA5PA4MV17,H-00206,
C-00309,Jessica,Flores,1993-12-22,(639) 555-0147,jessica.flores309@example.com,32061 Harris View,Port Brooke,DC,20258,,H-00207,
C-00310,Robert,Mills,1940-12-27,(307) 555-0163,robert.mills310@example.com,68685 Stone Well,Port Isabellashire,NC,28952,1M76HJ7WQ13,H-00208,
C-00311,Tom,Armstrong,1946-10-22,(471) 555-0139,,29991 Anna Courts Suite 856,Patrickfort,TX,76684,7CA0F55VY55,H-00209,
C-00312,Penny,Mccall,1944-07-12,(600) 555-0193,penny.mccall312@example.com,6299 Williams Isle,North Julie,NE,68381,3VE9Q64WG53,H-00210,
C-00313,Margaret,Ramos,1964-11-12,(392) 555-0130,margaret.ramos313@example.com,4447 Teresa Forks,West Terri,OR,97095,,H-00211,
C-00314,William,Collins,1940-09-20,(794) 555-0113,william.collins314@example.com,691 Scott View Suite 785,New Laceyland,NE,69333,2EF4K82DD75,H-00212,
C-00315,Janet,Hull,1953-05-02,(849) 555-0157,janet.hull315@example.com,902 Nancy Flats,East Antonioton,WI,54440,1EN5UY9WA28,H-00213,
C-00316,Haley,Curry,1940-05-04,(295) 555-0144,,7861 John Overpass Suite 279,Maxview,CT,06725,7VQ3KG3KQ19,H-00214,
C-00317,Justin,Curry,1941-08-07,(640) 555-0125,justin.curry317@example.com,7861 John Overpass Suite 279,Maxview,CT,06725,6DT2CV4XR49,H-00214,
C-00318,Charlene,Walker,1963-03-25,(567) 555-0131,charlene.walker318@example.com,29333 Joseph Lodge Apt. 072,New Lauren,NY,14923,,H-00215,
C-00319,Eileen,Hunt,1944-06-12,(776) 555-0108,eileen.hunt319@example.com,466 Stevens Forge Suite 489,Silvatown,WI,54229,2X86RN5HH07,H-00216,
C-00320,Megan,Hunt,1960-05-09,(776) 555-0108,megan.hunt320@example.com,466 Stevens Forge Suite 489,Silvatown,WI,54229,1TM2QC8VC50,H-00216,
C-00321,Zachary,Lopez,1966-09-07,(521) 555-0163,zachary.lopez321@example.com,994 Cohen Orchard Apt. 545,Joseport,SC,29171,,H-00217,
C-00322,Jack,Lopez,1997-08-09,(905) 555-0192,john.lopez322@example.com,994 Cohen Orchard Apt. 545,Joseport,SC,29171,,H-00217,
C-00323,Brian,Lopez,1936-09-05,(521) 555-0163,brian.lopez323@example.com,994 Cohen Orchard Apt. 545,Joseport,SC,29171,2CM1KN9QK22,H-00217,
C-00324,Amanda,Walker,2000-04-04,(295) 555-0133,,520 Bright Green Suite 660,West Jessica,CT,06728,,H-00218,
C-00325,Kristen,Walker,1957-10-23,(295) 555-0133,,520 Bright Green Suite 660,West Jessica,CT,06728,4UE5H69VV54,H-00218,
C-00326,Julie,Kelly,1996-02-08,(963) 555-0114,julie.kelly326@example.com,428 Kelly Mountains Apt. 482,Destinybury,CT,06287,,H-00219,
C-00327,Kurt,Kelly,1989-08-02,(287) 555-0145,kurt.kelly327@example.com,428 Kelly Mountains Apt. 482,Destinybury,CT,06287,,H-00219,
C-00328,Brian,Evans,1937-02-27,(301) 555-0106,brian.evans328@example.com,4947 Thomas Way Apt. 738,Port Erinhaven,WA,98447,3YK8YU8RE03,H-00220,
C-00329,Valerie,Cook,1952-01-22,(304) 555-0128,valerie.cook329@example.com,35697 Leslie Stravenue,Port Christopher,UT,84650,6M29M30EG89,H-00221,
C-00330,Tammy,Powell,1947-04-13,(346) 555-0101,,007 Clark Trail Apt. 927,East Christinachester,MT,59558,2G10YP7XA73,H-00222,
C-00331,Curtis,Collins,1948-12-26,(512) 555-0194,curtis.collins331@example.com,08350 Sherman Pines Apt. 003,Lake Natalie,MT,59112,6TA5M25VY71,H-00223,
C-00332,Richard,Hull,1947-03-31,(232) 555-0131,richard.hull332@example.com,10447 Hamilton Spur Apt. 575,East Stacy,CA,92363,7EK8T88GK55,H-00224,
C-00333,Cindy,Wise,1935-04-07,(326) 555-0155,,23098 David Station,South Nancyview,UT,84578,8FT2VM9WG47,H-00225,
C-00334,Brittney,Wise,1948-10-28,(252) 555-0132,brittney.wise334@example.com,23098 David Station,South Nancyview,UT,84578,5V18FD4FH69,H-00225,
C-00335,Brandon,Wise,1978-03-11,(301) 555-0133,,23098 David Station,South Nancyview,UT,84578,,H-00225,
C-00336,Gina,Harris,1986-08-19,(405) 555-0138,,001 Wallace Crossing,Thomasberg,CO,81370,,H-00226,
C-00337,Albert,Harris,1938-10-02,(405) 555-0138,albert.harris337@example.com,001 Wallace Crossing,Thomasberg,CO,81370,8RR7A98AR12,H-00226,
C-00338,Marie,Strickland,1944-09-04,(674) 555-0197,marie.strickland338@example.com,184 Robert Cove Apt. 411,Gonzalezborough,PA,19200,2NY1MX7NC19,H-00227,
C-00339,Teresa,Strickland,1941-08-01,(674) 555-0197,teresa.strickland339@example.com,184 Robert Cove Apt. 411,Gonzalezborough,PA,19200,2UA8TQ0EM67,H-00227,
C-00340,Elizabeth,Conley,1995-10-31,(350) 555-0181,elizabeth.conley340@example.com,642 Amy Fords Suite 530,Lake Christopherville,KY,40355,,H-00228,
C-00341,Morgan,Li,1980-03-18,(310) 555-0159,morgan.li341@example.com,81143 Hinton Hill,Stevenville,MI,48375,,H-00229,
C-00342,Matthew,Watson,1941-02-16,(511) 555-0104,,5611 Alec Dam Apt. 557,Natalieland,NE,68074,3T87KA2PV83,H-00230,
C-00343,Tina,Barber,1948-08-28,(861) 555-0161,tina.barber343@example.com,6746 Marsh Run,North David,IL,61491,8Y12X28VK25,H-00231,
C-00344,Megan,Barber,1944-10-19,(344) 555-0135,megan.barber344@example.com,6746 Marsh Run,North David,IL,61491,4E82Q46DC94,H-00231,
C-00345,Tony,Webb,1964-12-12,(661) 555-0148,tony.webb345@example.com,9797 Cheryl Tunnel,Cherylberg,NY,10589,,H-00232,
C-00346,Paige,Webb,1935-06-25,(661) 555-0148,paige.webb346@example.com,9797 Cheryl Tunnel,Cherylberg,NY,10589,2HC2AP6XW15,H-00232,
C-00347,Elizabeth,Olson,1958-07-28,(506) 555-0112,elizabeth.olson347@example.com,14508 Tiffany Skyway Suite 889,South Dorothybury,MN,83456,4CY8NA3MK65,H-00233,
C-00348,Darlene,Olson,1942-10-09,(797) 555-0160,,14508 Tiffany Skyway Suite 889,South Dorothybury,MN,55356,5AC5RK3NC23,H-00233,
C-00349,Malik,Walton,1943-01-29,(478) 555-0192,malik.walton349@example.com,900 William Mountains,Boothland,IL,61109,1UV3PR7MJ00,H-00234,
C-00350,David,West,1944-10-07,(985) 555-0148,david.west350@example.com,0838 Powell Freeway Apt. 779,Millerfort,VT,05049,8E89PP3NR03,H-00235,
C-00351,Tyler,West,1953-05-05,(985) 555-0148,tyler.west351@example.com,0838 Powell Freeway Apt. 779,Millerfort,VT,05049,2DD4WH7PJ74,H-00235,
C-00352,Emily,Clark,1958-06-19,(734) 555-0129,emily.clark352@example.com,66088 Margaret Turnpike,Pamelaside,SD,57044,9HE5FC3TT10,H-00236,
C-00353,Stephanie,Clark,1981-01-21,(621) 555-0190,stephanie.clark353@example.com,66088 Margaret Turnpike,Pamelaside,SD,57044,,H-00236,
C-00354,Michael,Clark,1939-04-28,(621) 555-0190,michael.clark354@example.com,66088 Margaret Turnpike,Pamelaside,SD,57044,1Y45K59HA59,H-00236,
C-00355,Michael,Smith,1948-02-05,(444) 555-0116,,75899 Moran Lakes,Wilsonbury,MO,65192,5KD3WM5XQ09,H-00237,
C-00356,Jason,Phelps,1994-04-01,(218) 555-0156,,851 Penny Park Apt. 614,East David,CO,81459,4RC9DK9WN17,H-00238,
C-00357,Stephanie,Barrett,1952-09-23,(562) 555-0169,stephanie.barrett357@example.com,516 Sara Villages,Port Patriciamouth,DC,20591,4PE1VT1VD33,H-00239,
C-00358,David,Cross,1949-02-03,(502) 555-0179,david.cross358@example.com,0808 Roberson Orchard,Lake Beth,AL,36177,6CM2XA1YH58,H-00240,
C-00359,Carrie,Taylor,1990-12-16,(865) 555-0110,carrie.taylor359@example.com,995 Barnes Rest Apt. 465,Shawnberg,TX,77397,,H-00241,
C-00360,Olivia,Taylor,1958-11-25,(865) 555-0110,olivia.taylor360@example.com,995 Barnes Rest Apt. 465,Shawnberg,TX,77397,8NK3XM3NJ53,H-00241,
C-00361,Brandi,Hart,1991-02-14,(436) 555-0172,,858 James Road Suite 522,Jenniferstad,LA,70683,,H-00242,
C-00362,Justin,Martin,1942-01-21,(403) 555-0123,,846 Alexandra Burg Suite 200,West Karen,MI,49015,1GE6K48UE20,H-00243,
C-00363,Paul,House,1957-04-12,(545) 555-0175,paul.house363@example.com,04380 Cervantes Cove Apt. 863,Heatherton,MN,56389,2CD5T96TR47,H-00244,
C-00364,Shane,Lee,1968-05-11,(300) 555-0129,shane.lee364@example.com,004 Christine Tunnel Suite 359,Port Jenny,SC,29641,,H-00245,
C-00365,Tonya,Leee,1945-05-08,(650) 555-0122,tonya.lee365@example.com,004 Christine Tunnel Suite 359,Port Jenny,SC,29641,3FC3RV4XY51,H-00245,
C-00366,Charles,Lee,1934-01-14,(229) 555-0176,,004 Christine Tunnel Suite 359,Port Jenny,SC,29641,9W53AU0PH49,H-00245,
C-00367,Adam,Singleton,1963-08-30,(281) 555-0195,adam.singleton367@example.com,816 Roy Point,Davidshire,MO,64833,,H-00246,
C-00368,Steven,Singleton,1943-10-23,(924) 555-0188,steven.singleton368@example.com,816 Roy Point,Davidshire,MO,64833,1RE8NH8CA32,H-00246,
C-00369,Susan,Fox,1937-06-14,(404) 555-0181,susan.fox369@example.com,25909 Henry Ports,Charlesmouth,NE,68516,9IH2CR4YQ93,H-00247,
C-00370,Abigail,Fox,1963-01-26,(404) 555-0181,abigail.fox370@example.com,25909 Henry Ports,Charlesmouth,NE,68516,,H-00247,
C-00371,Karen,Robinson,1939-02-26,(495) 555-0153,karen.robinson371@example.com,8861 Walker Forest,Markport,FL,34797,6EP6F47UY63,H-00248,
C-00372,Zachary,Johnson,1959-05-17,(601) 555-0156,zachary.johnson372@example.com,015 Allen Row Apt. 056,South Jonathanport,MO,64152,1MT6JX2WH19,H-00249,
C-00373,Kaylee,Johnson,1999-10-07,(601) 555-0156,kaylee.johnson373@example.com,015 Allen Row Apt. 056,South Jonathanport,MO,64152,,H-00249,
C-00374,Jacqueline,Medina,1937-05-27,(237) 555-0102,jacqueline.medina374@example.com,0435 Stacy Expressway Apt. 133,Houstonborough,VT,05337,9EV6UC2MM03,H-00250,
C-00375,Rhonda,Underwood,1979-09-21,(279) 555-0109,,120 Love Camp Apt. 102,Angelashire,OH,45710,,H-00251,
C-00376,Daniel,Reilly,1957-05-19,(791) 555-0160,daniel.reilly376@example.com,7665 Perry Crest Apt. 919,Lake Melaniestad,MI,49365,7DJ6WK7MW83,H-00252,
C-00377,Melissa,Robles,1942-08-07,(541) 555-0118,,147 Foster Shore Apt. 728,East Julie,KY,41803,2EW2H77XJ12,H-00253,
C-00378,Kaitlin,Torres,1941-03-07,(475) 555-0188,kaitlin.torres378@example.com,245 Angela Point Apt. 100,Medinaland,PA,17119,9UW7N03NT78,H-00254,
C-00379,Andrea,Murray,1985-11-15,(699) 555-0117,andrea.murray379@example.com,68222 Christina Glen Apt. 129,Port Karenside,DE,19725,9RQ0ME6MK85,H-00255,
C-00380,Shannon,Stewart,1984-07-24,(674) 555-0126,shannon.stewart380@example.com,141 Jessica Oval Suite 523,West Christineborough,UT,84460,,H-00256,
C-00381,Christina,Stewart,1938-08-14,(674) 555-0126,christina.stewart381@example.com,141 Jessica Oval Suite 523,West Christineborough,UT,84460,1YT9GD5WJ50,H-00256,
C-00382,Mary,Graham,1956-08-10,(487) 555-0122,mary.graham382@example.com,929 Aguirre Meadow Apt. 053,Lake Jodi,UT,84471,2F58X06NX99,H-00257,
C-00383,Dennis,Graham,1999-11-22,(755) 555-0182,dennis.graham383@example.com,929 Aguirre Meadow Apt. 053,Lake Jodi,UT,84471,,H-00257,
C-00384,Jessica,Sims,1943-03-14,(535) 555-0138,jessica.sims384@example.com,7754 Arnold Extensions Apt. 428,West Jessica,MO,65460,8PM8NV1YH24,H-00258,
C-00385,Patricia,Sms,1944-11-02,(535) 555-0138,patricia.sims385@example.com,7754 Arnold Extensions Apt. 428,West Jessica,MO,65460,6T45RH9WH65,H-00258,
C-00386,Kimberly,Kennedy,1951-11-16,(608) 555-0105,kimberly.kennedy386@example.com,969 Rebecca Plaza,Amyside,WA,99161,1UY7UG7WE05,H-00259,
C-00387,Michael,Kennedy,1945-11-09,(522) 555-0112,,969 Rebecca Plaza,Amyside,WA,99161,5H09AN5GX58,H-00259,
C-00388,Donald,Todd,1944-03-06,(655) 555-0105,donald.todd388@example.com,427 Randy Parkway,Lake Johnburgh,OH,43222,1MK8PE5TX19,H-00260,
C-00389,Erik,Todd,1967-11-16,(986) 555-0121,erik.todd389@example.com,427 Randy Parkway,Lake Johnburgh,OH,43222,,H-00260,
C-00390,April,Barnett,1988-07-22,(494) 555-0122,april.barnett390@example.com,750 Kathleen Fort,West Miketon,KS,67390,,H-00261,
C-00391,Lacey,Barnett,1948-11-07,(494) 555-0122,,750 Kathleen Fort,West Miketon,KS,67390,3C69QF8XH65,H-00261,
C-00392,Denise,Diaz,1945-07-22,(233) 555-0114,denise.diaz392@example.com,7005 Jane Pike Suite 498,South Desiree,CO,81433,7X80N21PA26,H-00262,
C-00393,Adam,Eaton,1939-10-12,(650) 555-0178,adam.eaton393@example.com,463 Gomez Ways,Tommyfort,KY,42502,4K35YN7QM03,H-00263,
C-00394,Nicole,Eaton,1958-04-26,(345) 555-0144,nicole.eaton394@example.com,463 Gomez Ways,Tommyfort,KY,42502,3TA2H82MM12,H-00263,
C-00395,Evan,Clark,1954-02-02,(675) 555-0190,evan.clark395@example.com,31843 Jacob Lake Apt. 365,South Emmafort,KY,40544,2QF5FQ5MR96,H-00264,
C-00396,Martha,Clark,1934-10-01,(970) 555-0150,,31843 Jacob Lake Apt. 365,South Emmafort,KY,40544,4BU3CH4RD56,H-00264,
C-00397,Zachary,Nielsen,1934-08-08,(368) 555-0150,zachary.nielsen397@example.com,02992 Crystal Canyon,North Gabriel,WA,98622,2Q50GN2XV67,H-00265,
C-00398,Hunter,Hoover,1949-08-05,(635) 555-0168,hunter.hoover398@example.com,904 Jay Rest Suite 723,Burkeshire,TX,79860,2FA5XK3VY76,H-00266,
C-00399,Rachel,Thompson,1941-05-18,(504) 555-0198,rachel.thompson399@example.com,57991 Nicholas Curve Apt. 038,Serranoville,CT,06586,1TN4CY1PC86,H-00267,
C-00400,Carol,Thompson,1959-07-18,(942) 555-0181,,57991 Nicholas Curve Apt. 038,Serranoville,CT,06586,2QV1N94RQ02,H-00267,
C-00401,Timothy,Mays,1981-12-12,(450) 555-0188,timothy.mays401@example.com,72980 Boyd Land,Lake Alyssabury,PA,18269,,H-00268,
C-00402,Kristine,Fletcher,1969-10-30,(492) 555-0134,kristine.fletcher402@example.com,9916 Jonathan Trafficway Apt. 149,Scotttown,UT,84286,6EJ3A25JD94,H-00269,
C-00403,Melissa,King,1937-01-19,(555) 555-0156,melissa.king403@example.com,063 Ortiz Coves,South Denise,IN,47040,7KQ0XD7WP13,H-00270,
C-00404,Kim,Lane,1934-09-20,(491) 555-0171,kim.lane404@example.com,594 Fischer Loop Suite 258,Kingport,OH,44945,4Q98FQ9EE63,H-00271,
C-00405,Tamara,Martin,1953-03-09,(852) 555-0140,tamara.martin405@example.com,213 Logan Estates Apt. 386,Laurenton,KY,42197,8G92QM0WN72,H-00272,
C-00406,Adam,Martin,1966-06-09,(852) 555-0140,adam.martin406@example.com,213 Logan Estates Apt. 386,Laurenton,KY,42197,,H-00272,
C-00407,Abigail,Mendez,1940-03-16,(961) 555-0176,,79611 Walker Common,Lake Patrickfurt,CA,92402,3TP3GU3NF41,H-00273,
C-00408,John,Johnson,1958-09-28,(899) 555-0186,john.johnson408@example.com,77038 Lee Tunnel,New Gavin,AR,72877,9U76D56KW19,H-00274,
C-00409,Jessica,Dunn,1956-05-20,(794) 555-0196,jessica.dunn409@example.com,14656 Willis Path,Lake Janeland,SC,29880,3PR5F93UH41,H-00275,
C-00410,Daryl,Morgan,1988-12-15,(656) 555-0142,daryl.morgan410@example.com,4393 Spears Ports Apt. 426,New Charlesport,CT,06488,,H-00276,
C-00411,William,Morgan,1938-05-05,(656) 555-0142,william.morgan411@example.com,4393 Spears Ports Apt. 426,New Charlesport,CT,06488,5U27MF2FY46,H-00276,
C-00412,Kristina,Reyes,1968-01-19,(375) 555-0144,kristina.reyes412@example.com,947 Hart Trail Apt. 577,South Darrenland,SC,29779,,H-00277,
C-00413,Kaitlyn,Ross,1954-06-09,(267) 555-0143,kaitlyn.ross413@example.com,356 Black Branch,Johnland,MN,55085,2HP7TX0VJ35,H-00278,
C-00414,Jermaine,Baker,1953-06-07,(668) 555-0122,jermaine.baker414@example.com,82755 Patricia Grove Apt. 373,Lake John,KY,40732,5WK1H31FV40,H-00279,
C-00415,Mary,Baker,1954-01-30,(958) 555-0123,mary.baker415@example.com,82755 Patricia Grove Apt. 373,Lake John,KY,40732,4EW9HY7MX09,H-00279,
C-00416,Travis,Melton,1945-01-11,(478) 555-0163,travis.melton416@example.com,11179 Kathryn Plains Apt. 759,Travisshire,IN,47376,5WJ5K18VM71,H-00280,
C-00417,Tracey,Melton,1957-02-17,(478) 555-0163,tracey.melton417@example.com,11179 Kathryn Plains Apt. 759,Travisshire,IN,47376,3H41JH4VM58,H-00280,
C-00418,Steve,Wolfe,1963-07-13,(362) 555-0178,steve.wolfe418@example.com,3920 Mendoza Plains Apt. 856,South Tiffany,MT,59621,,H-00281,
C-00419,Hannah,Wolfe,1937-04-03,(523) 555-0157,hannah.wolfe419@example.com,3920 Mendoza Plains Apt. 856,South Tiffany,MT,59621,7RA6CR5FT40,H-00281,
C-00420,Thomas,Young,1944-02-19,(310) 555-0109,thomas.young420@example.com,369 Mark Ridge,Jacobview,WV,25771,6U39UC6UJ49,H-00282,
C-00421,Christie,Young,1937-08-25,(774) 555-0194,christie.young421@example.com,369 Mark Ridge,Jacobview,WV,25771,7F72XM9HW17,H-00282,
C-00422,Joe,Nelson,1937-04-24,(570) 555-0198,joe.nelson422@example.com,76365 Dickerson Harbors Suite 292,Port Cory,ID,83398,4GN7JT5NH44,H-00283,
C-00423,Ryan,Nelson,1959-01-12,(989) 555-0108,ryan.nelson423@example.com,76365 Dickerson Harbors Suite 292,Port Cory,ID,83398,1V75WU4XN11,H-00283,
C-00424,Lisa,Brown,1939-02-23,(677) 555-0157,,22702 Porter Vista Suite 744,South Coreyburgh,NE,69083,3ND2XN7VR06,H-00284,
C-00425,Debra,Ray,1969-04-03,(933) 555-0173,debra.ray425@example.com,175 Ward Points Suite 506,West Michelleborough,CO,81068,,H-00285,
C-00426,Danielle,Oneill,1948-06-06,(407) 555-0138,danielle.oneill426@example.com,5587 Preston Light,Stevenberg,GA,30469,5J93PA2TE60,H-00286,
C-00427,Sheila,Norman,1934-11-26,(415) 555-0115,,9961 Fernando Forks Suite 544,Nelsonmouth,DE,19796,7HH1VP7KV17,H-00287,
C-00428,Anthony,Keley,1990-07-03,(863) 555-0141,anthony.kelley428@example.com,2202 Ebony Summit Apt. 326,North Calebfort,GA,30893,,H-00288,
C-00429,George,Rose,1953-01-09,(960) 555-0185,george.rose429@example.com,114 Christopher Loaf Suite 334,Simsberg,KY,41179,2GA7HM6PK95,H-00289,
C-00430,Austin,Rose,2000-03-01,(316) 555-0160,austin.rose430@example.com,114 Christopher Loaf Suite 334,Simsberg,KY,41179,,H-00289,
C-00431,Michael,Collins,1948-11-21,(299) 555-0161,michael.collins431@example.com,7784 Taylor Square Apt. 997,Millsside,AR,72060,4FJ8F52JD16,H-00290,
C-00432,Gwendolyn,Nichols,1942-09-14,(595) 555-0180,gwendolyn.nichols432@example.com,74564 Kevin Alley,West Justin,SD,57497,4GA2C63GQ50,H-00291,
C-00433,Debbie,Espinoza,1944-04-12,(651) 555-0115,,4064 Laura Plaza Suite 368,Fosterburgh,WI,54069,5N57WT1NV41,H-00292,
C-00434,Maria,Espinoza,1936-05-03,(651) 555-0115,maria.espinoza434@example.com,4064 Laura Plaza Suite 368,Fosterburgh,WI,54069,8RW1VG6VH23,H-00292,
C-00435,Keith,White,1936-07-16,(851) 555-0181,,1638 Mitchell Summit,Robertland,IL,62221,7HK0QM6VR77,H-00293,
C-00436,Samuel,Martinez,1953-03-15,(862) 555-0153,samuel.martinez436@example.com,749 Lopez Brook Apt. 080,North Julian,WA,98218,4J65DJ4FQ19,H-00294,
C-00437,Alan,Martinez,1972-08-10,(813) 555-0160,alan.martinez437@example.com,749 Lopez Brook Apt. 080,North Julian,WA,98218,,H-00294,
C-00438,Megan,Rivera,1959-03-20,(462) 555-0114,megan.rivera438@example.com,07356 Floyd Parks,Steventon,KY,40296,7XG7MJ8ED99,H-00295,
C-00439,Kayla,Martinez,1944-10-25,(566) 555-0110,kayla.martinez439@example.com,46187 James Ville,Lisatown,MO,65635,8JX7JX6KE78,H-00296,
C-00440,Sharon,Ali,1935-02-18,(788) 555-0166,sharon.ali440@example.com,7303 Moss Court,South Paul,KY,42053,7R10HX2AN14,H-00297,
C-00441,Jeff,Boyer,1936-07-11,(533) 555-0158,jeff.boyer441@example.com,088 Jon Route,Jameston,KY,41406,9N36P42UD55,H-00298,
C-00442,Eric,Barker,1945-04-05,(975) 555-0148,eric.barker442@example.com,65024 Randy Gardens,North Biancafort,NY,13923,6GG5AE3XM88,H-00299,
C-00443,Tony,Rodriguez,1956-03-18,(350) 555-0191,,27195 Brian Rue,Lake Amanda,ID,83833,5YX1NJ7CJ82,H-00300,
C-00444,Levi,Rodriguez,1949-05-30,(827) 555-0161,,27195 Brian Rue,Lake Amanda,ID,83833,7WW9HR2VX69,H-00300,
C-00445,Mario,Stephens,1933-11-26,(926) 555-0160,mario.stephens445@example.com,3065 John Canyon Suite 784,Lopezburgh,NY,10564,9JT4X60TY77,H-00301,
C-00446,Taylor,Stephens,1944-10-05,(926) 555-0160,taylor.stephens446@example.com,3065 John Canyon Suite 784,Lopezburgh,NY,10564,2KX4A29UR26,H-00301,
C-00447,Michael,Harvey,2004-11-23,(898) 555-0175,michael.harvey447@example.com,82744 Gibson Trail,Grosstown,IL,62569,,H-00302,
C-00448,Alexandra,Rodriguez,1934-07-01,(455) 555-0176,,1863 Cannon Drives,Marcusmouth,FL,34624,2ND1QX6RQ72,H-00303,
C-00449,Brittany,Hanson,1937-11-11,(406) 555-0129,brittany.hanson449@example.com,22031 Lee Bypass,Barretthaven,NC,27851,2VK0YC8CP12,H-00304,
C-00450,Julia,Ward,1945-10-05,(382) 555-0164,julia.ward450@example.com,3910 Diana Village,South Laurieton,NY,12112,8AY0W81MM15,H-00305,
C-00451,Jim,Cruz,1997-10-24,(762) 555-0149,james.cruz451@example.com,0948 Jessica Village Suite 138,North Jessicaside,TX,77884,,H-00306,
C-00452,Diane,Cruz,1944-10-29,(806) 555-0112,,0948 Jessica Village Suite 138,North Jessicaside,TX,77884,2N98XX8VQ83,H-00306,
C-00453,Andrea,Sparks,1944-11-23,(704) 555-0113,andrea.sparks453@example.com,861 Craig Squares,Andradeburgh,CA,93303,5CV0HD4XX82,H-00307,
C-00454,William,Sparks,1947-01-14,(704) 555-0113,william.sparks454@example.com,861 Craig Squares,Andradeburgh,CA,93303,6C93ET2JN13,H-00307,
C-00455,Diane,Sparks,1952-10-29,(539) 555-0122,,861 Craig Squares,Andradeburgh,CA,93303,,H-00307,
C-00456,Jonathan,Howe,1936-01-26,(587) 555-0135,jonathan.howe456@example.com,5855 Duran Meadows Suite 939,South Katie,CO,81352,7C27F13DE12,H-00308,
C-00457,William,Ellison,1934-06-20,(769) 555-0163,william.ellison457@example.com,6004 Zachary Hollow Apt. 433,Andrewview,PA,16836,9CU7EE3CQ21,H-00309,
C-00458,Ashley,Ellison,1944-06-27,(943) 555-0140,ashley.ellison458@example.com,6004 Zachary Hollow Apt. 433,Andrewview,PA,16836,1FN4GP7HC66,H-00309,
C-00459,Ashley,Evans,1995-07-02,(817) 555-0167,ashley.evans459@example.com,07522 Richardson Prairie,East Jonathan,KY,40231,,H-00310,
C-00460,Ashley,Evans,1976-03-26,(817) 555-0167,,07522 Richardson Prairie,East Jonathan,KY,40231,4AQ0XC6XE30,H-00310,
C-00461,Barbara,Cross,1952-04-08,(852) 555-0158,barbara.cross461@example.com,157 Tracy Spurs,New Dawnton,PA,18949,3TW5JF4GQ42,H-00311,
C-00462,Christian,Cross,1971-06-07,(329) 555-0180,christian.cross462@example.com,157 Tracy Spurs,New Dawnton,PA,18949,,H-00311,
C-00463,Alice,Brown,1953-06-12,(783) 555-0124,,5661 Julie Vista,Lake Kimberlyfurt,NE,69151,6TW6P04HQ27,H-00312,
C-00464,Matthew,Hernandez,1944-09-19,(596) 555-0172,matthew.hernandez464@example.com,925 Eric Spring Suite 799,East Ryanfurt,NY,14149,5X42QX3FR57,H-00313,
C-00465,Ann,Duncan,1949-12-07,(658) 555-0160,ann.duncan465@example.com,086 Miller Parkway Suite 227,South Randall,GA,30639,3MM1WG2GR18,H-00314,
C-00466,Brittney,Flores,1975-07-06,(801) 555-0188,,14659 Daniel Loop,Diazborough,KY,42505,,H-00315,
C-00467,Jessica,Moore,1958-07-03,(553) 555-0143,jessica.moore467@example.com,2597 Scott Viaduct,East Gina,KY,42272,7FE3NM1PY70,H-00316,
C-00468,Jody,Rivera,1950-02-14,(546) 555-0105,jody.rivera468@example.com,03924 Matthew Unions,West Shannontown,MI,48506,8DN8CF9AX04,H-00317,
C-00469,Jason,Rivera,1943-06-25,(865) 555-0130,jason.rivera469@example.com,03924 Matthew Unions,West Shannontown,MI,48506,8D55V81AF13,H-00317,
C-00470,Diana,Brown,1965-02-08,(539) 555-0185,diana.brown470@example.com,792 Nicholas Shore Apt. 420,Jamesview,DE,19943,,H-00318,
C-00471,Jenna,Romero,1959-08-22,(204) 555-0155,jenna.romero471@example.com,64510 Dillon Run,Hallfurt,IL,62311,4U63UY2UM90,H-00319,
C-00472,Andrew,Garner,1947-11-11,(504) 555-0176,andrew.garner472@example.com,9812 Vincent Mount Apt. 038,Matthewfurt,AK,99524,5HR4P33VA44,H-00320,
C-00473,Derrick,Long,1948-10-09,(895) 555-0108,derrick.long473@example.com,4384 Connie Wells Suite 084,East Matthew,OR,97095,6TP7PU4UN83,H-00321,
C-00474,Gabriella,Carpenter,1960-07-22,(591) 555-0180,gabriella.carpenter474@example.com,936 Ashley Meadow Suite 957,East Denise,MO,64719,6AR2FX2HE06,H-00322,
C-00475,James,Carpenter,1952-06-07,(346) 555-0194,james.carpenter475@example.com,936 Ashley Meadow Suite 957,East Denise,MO,64719,8RR2U10PE15,H-00322,
C-00476,Devin,Carpenter,1986-04-11,(901) 555-0179,devin.carpenter476@example.com,936 Ashley Meadow Suite 957,East Denise,MO,64719,,H-00322,
C-00477,Kathy,Acosta,1954-07-28,(848) 555-0173,,2925 Angela Stravenue,East Lonnieberg,IL,62635,4XY3JU9UA58,H-00323,
C-00478,Nicole,Acosta,1937-05-18,(769) 555-0143,nicole.acosta478@example.com,2925 Angela Stravenue,East Lonnieberg,IL,62635,4K22P70UJ30,H-00323,
C-00479,Michael,Mcdaniel,1954-01-06,(490) 555-0131,michael.mcdaniel479@example.com,4742 Daniel Ferry Apt. 994,New Jesse,GA,31977,7AM4HF4AA61,H-00324,
C-00480,Hailey,Mcdaniel,1952-02-11,(324) 555-0137,hailey.mcdaniel480@example.com,4742 Daniel Ferry Apt. 994,New Jesse,GA,31977,8MG9FN0EC58,H-00324,
C-00481,Stephanie,Schaefer,2002-11-06,(535) 555-0178,stephanie.schaefer481@example.com,89752 Henry Dam Apt. 330,Durantown,IL,61222,,H-00325,
C-00482,Jeffrey,Schaefer,1972-07-10,(441) 555-0111,jeffrey.schaefer482@example.com,89752 Henry Dam Apt. 330,Durantown,IL,61222,,H-00325,
C-00483,Madison,Franklin,1943-08-17,(660) 555-0120,madison.franklin483@example.com,12797 Delacruz Gateway,Sullivanton,MN,55167,5JJ0WA0JU00,H-00326,
C-00484,Zachary,Grant,1936-10-10,(984) 555-0137,zachary.grant484@example.com,9998 Abigail Mission Suite 038,Terrellton,IL,60065,4XC3JX7AP19,H-00327,
C-00485,Debbie,Ford,1960-02-16,(868) 555-0185,debbie.ford485@example.com,47644 Jackson Hill,Lake Zacharyberg,CT,06341,7HG1CQ1HH94,H-00328,
C-00486,Christopher,Ford,1950-06-12,(467) 555-0150,christopher.ford486@example.com,47644 Jackson Hill,Lake Zacharyberg,CT,06341,4G75HU6NT69,H-00328,
C-00487,Chris,Khan,1957-09-04,(656) 555-0148,christopher.khan487@example.com,98266 Hayes Fall,Garzaborough,IN,46038,7PD4R00MC14,H-00329,
C-00488,George,Williams,1967-10-12,(441) 555-0158,george.williams488@example.com,211 Jasmin Roads Suite 186,South Andrea,DE,19792,,H-00330,
C-00489,Matthew,Williams,1947-10-20,(441) 555-0158,matthew.williams489@example.com,211 Jasmin Roads Suite 186,South Andrea,DE,19792,7TR2AX0DK47,H-00330,
C-00490,Susan,Roach,1953-09-07,(646) 555-0171,susan.roach490@example.com,22064 Cross Mission,Courtneyville,AR,72972,6T67WG5PW82,H-00331,
C-00491,Donna,Robinson,1952-07-23,(618) 555-0146,donna.robinson491@example.com,407 Foley Plains,New Nicolebury,PA,19369,8T48G80NV29,H-00332,
C-00492,Melissa,Johnson,1942-09-29,(758) 555-0105,melissa.johnson492@example.com,7199 John Plaza Suite 983,East Eddiestad,OR,97164,3J15UE5PW68,H-00333,
C-00493,Nicholas,Richardson,1951-05-31,(511) 555-0126,nicholas.richardson493@example.com,1016 Evan Haven Apt. 795,North Kaylamouth,ID,83864,2HA0AM1HG11,H-00334,
C-00494,Heather,Warren,1940-01-31,(808) 555-0105,heather.warren494@example.com,8147 David Wall,Markchester,MI,49247,1UN5AK7QW16,H-00335,
C-00495,Michael,Carney,1950-12-23,(663) 555-0127,michael.carney495@example.com,98179 Simmons Vista,Jordanshire,MO,65643,2A12X70VT18,H-00336,
C-00496,David,Carney,1997-10-09,(448) 555-0177,david.carney496@example.com,98179 Simmons Vista,Jordanshire,MO,65643,,H-00336,
C-00497,Matthew,Gutierrez,1974-05-27,(359) 555-0109,matthew.gutierrez497@example.com,772 Jeanette Fields Apt. 107,Lake Melaniechester,NY,10687,,H-00337,
C-00498,Ann,Gutierrez,1961-12-07,(435) 555-0191,ann.gutierrez498@example.com,772 Jeanette Fields Apt. 107,Lake Melaniechester,NY,10687,,H-00337,
C-00499,Ashley,Foster,1938-01-06,(578) 555-0181,ashley.foster499@example.com,34414 Hunter Islands,North Ginamouth,DE,19863,7UC4RW6DD14,H-00338,
C-00500,Susan,Foster,1963-06-23,(576) 555-0189,,34414 Hunter Islands,North Ginamouth,DE,19863,,H-00338,
C-00501,Steven,Huang,1936-10-07,(241) 555-0129,steven.huang501@example.com,55770 Timothy Road,Mcclainside,NE,68171,9AE8KX8AM25,H-00339,
C-00502,Lisa,Huang,1943-08-26,(241) 555-0129,lisa.huang502@example.com,55770 Timothy Road,Mcclainside,NE,68171,9F71UV1XG36,H-00339,
C-00503,Edward,Jones,1941-06-08,(331) 555-0161,edward.jones503@example.com,495 Jared Spur,Laurenstad,CA,91385,9R02JY8MU16,H-00340,
C-00504,Mary,Jones,1950-04-29,(820) 555-0141,,495 Jared Spur,Laurenstad,CA,91385,8VU6X28YY92,H-00340,
C-00505,Maria,Watson,1950-06-01,(496) 555-0176,maria.watson505@example.com,8299 Lopez Crescent Suite 504,Millerbury,MO,63934,5H65V16KK96,H-00341,
C-00506,Kevin,Watson,1942-12-22,(496) 555-0176,kevin.watson506@example.com,8299 Lopez Crescent Suite 504,Millerbury,MO,63934,9SE4JH9NG75,H-00341,
C-00507,Mark,Collins,1954-05-24,(666) 555-0170,mark.collins507@example.com,15031 Hunter Union Suite 823,Sandrahaven,IL,60815,5VX6HK0RU91,H-00342,
C-00508,Brooke,Mcdaniel,1956-10-15,(311) 555-0170,brooke.mcdaniel508@example.com,230 Hughes Way,North Larryton,TX,75335,1AE5Y34MR33,H-00343,
C-00509,Christopher,Mcdaniel,1996-09-20,(311) 555-0170,christopher.mcdaniel509@example.com,230 Hughes Way,North Larryton,TX,75335,,H-00343,
C-00510,Steven,Mcdaniel,1952-01-27,(311) 555-0170,steven.mcdaniel510@example.com,230 Hughes Way,North Larryton,TX,75335,,H-00343,
C-00511,Emily,Mejia,1936-03-21,(354) 555-0194,emily.mejia511@example.com,84094 Manuel Fields,Joshuamouth,OR,97756,4UR8NN0UV96,H-00344,
C-00512,Joseph,Mejia,1954-04-24,(354) 555-0194,joseph.mejia512@example.com,84094 Manuel Fields,Joshuamouth,OR,97756,5JQ9UA9JD70,H-00344,
C-00513,George,Andrews,1952-01-30,(557) 555-0129,george.andrews513@example.com,1098 Jamie Keys,Josephport,CO,81332,,H-00345,
C-00514,Hannah,Soto,1957-11-18,(620) 555-0139,hannah.soto514@example.com,587 David Mountains Apt. 160,South Philipshire,LA,70329,3MW7R82JA39,H-00346,
C-00515,Lance,Davis,1955-05-15,(392) 555-0131,lance.davis515@example.com,545 Jennifer Skyway Apt. 792,Port Leahmouth,FL,32468,9CQ2GC7FF39,H-00347,
C-00516,Timothy,Rodriguez,1944-10-20,(764) 555-0169,timothy.rodriguez516@example.com,3329 Durham Lock Apt. 557,Johnsonfort,IL,60248,9T08P59XQ48,H-00348,
C-00517,Megan,Rodriguez,1982-05-02,(340) 555-0100,,3329 Durham Lock Apt. 557,Johnsonfort,IL,60248,,H-00348,
C-00518,John,Garza,1996-02-14,(977) 555-0195,john.garza518@example.com,9928 Richard Station Apt. 581,Amandafurt,ID,83802,,H-00349,
C-00519,Matt,Bradley,1946-07-27,(678) 555-0191,matthew.bradley519@example.com,276 Matthew Via,Muellerchester,MO,64851,3EM5CP7QR19,H-00350,
C-00520,Daniel,Jones,1995-10-03,(370) 555-0101,daniel.jones520@example.com,19719 Nguyen Court,Thompsonfurt,MO,64064,,H-00351,
C-00521,Jamie,West,1959-01-10,(672) 555-0144,,7013 Paige Throughway Apt. 227,Petershire,VA,31678,8R48C18XV12,H-00352,
C-00522,Ann,Smith,1957-04-29,(483) 555-0150,ann.smith522@example.com,9465 Brandi Ridge Suite 240,Rachelton,AK,99949,7XH6FR8XK30,H-00353,
C-00523,Tiffany,Smith,1951-12-11,(483) 555-0150,,9465 Brandi Ridge Suite 240,Rachelton,AK,99949,6NV2XV4YJ30,H-00353,
C-00524,Elaine,Gardner,1937-12-28,(455) 555-0159,elaine.gardner524@example.com,0369 Garrett Station,Sullivanchester,CO,80728,7RX5MD3GY71,H-00354,
C-00525,Theresa,Barrett,1947-12-05,(442) 555-0162,theresa.barrett525@example.com,38656 Keith Well Apt. 201,East Jenniferfort,NE,68139,4MJ9GN2YN96,H-00355,
C-00526,Cassandra,Lopez,1972-10-19,(917) 555-0145,cassandra.lopez526@example.com,26796 Shawn Manors,Cruzbury,NC,27100,2CG4NE0XD09,H-00356,
C-00527,Suzanne,Carpenter,1952-07-13,(917) 555-0165,suzanne.carpenter527@example.com,384 House Ports Suite 009,Bushville,IL,62778,4MC6N12UT58,H-00357,
C-00528,Christopher,Carpenter,1946-07-17,(238) 555-0110,christopher.carpenter528@example.com,384 House Ports Suite 009,Bushville,IL,62778,2FE7FF1MN59,H-00357,
C-00529,William,Harrison,1946-06-25,(872) 555-0104,william.harrison529@example.com,8189 John Roads Apt. 894,West Amandatown,KS,66760,5QG7T16NT25,H-00358,
C-00530,Taylor,Harrison,1952-06-20,(628) 555-0104,taylor.harrison530@example.com,8189 John Roads Apt. 894,West Amandatown,KS,66760,6N59PN0EU83,H-00358,
C-00531,Veronica,Williams,1936-12-03,(949) 555-0105,veronica.williams531@example.com,5442 Heather Ranch Suite 940,Laneshire,OH,44398,8CM5AR9DU67,H-00359,
C-00532,Jonathan,Hill,1982-02-13,(605) 555-0133,jonathan.hill532@example.com,7128 Melissa Harbors,Davidview,ME,04832,1D54W68RA84,H-00360,
C-00533,Lauren,Washington,1959-10-17,(944) 555-0142,lauren.washington533@example.com,292 Wood Extensions,Kimberlybury,CO,81271,4UA1F94GM46,H-00361,
C-00534,Gary,Barber,1936-05-16,(317) 555-0197,gary.barber534@example.com,1292 Mullins Loop,Youngmouth,ID,83219,2V48TV1UY41,H-00362,
C-00535,Sara,Smith,1943-10-14,(289) 555-0108,sara.smith535@example.com,41027 Alvarez Mountains Apt. 667,Dustinchester,DE,19998,6AN6RE8QH23,H-00363,
C-00536,Emma,Murray,1946-06-27,(858) 555-0147,emma.murray536@example.com,5801 Blanchard Meadows Suite 544,West Destinyfurt,VT,05741,6NR0N77DF19,H-00364,
C-00537,John,Murray,2002-11-09,(858) 555-0147,john.murray537@example.com,5801 Blanchard Meadows Suite 544,West Destinyfurt,VT,05741,,H-00364,
C-00538,Sean,Garcia,1958-01-03,(589) 555-0119,sean.garcia538@example.com,525 Emily Village,North Roberthaven,CA,94633,5RA0MN2DF89,H-00365,
C-00539,Danielle,Sampson,1942-12-28,(282) 555-0191,danielle.sampson539@example.com,443 Andrew Course,New Dianeborough,AK,99606,9M98ME6CM61,H-00366,
C-00540,Jean,Sampson,1947-12-29,(484) 555-0139,jean.sampson540@example.com,443 Andrew Course,New Dianeborough,AK,99606,9JD5GG9EA73,H-00366,
C-00541,Sandra,Fowler,1953-11-22,(398) 555-0167,sandra.fowler541@example.com,92692 Heather Glen,Stevenland,MO,65893,3QX6XM4JY16,H-00367,
C-00542,Sarah,Vasquez,1937-05-27,(857) 555-0174,sarah.vasquez542@example.com,5421 Waters Light Suite 504,Gregoryland,MD,21623,4C31QF3KE90,H-00368,
C-00543,Andrew,Waters,1953-10-26,(879) 555-0131,andrew.waters543@example.com,71286 Christina Coves Suite 410,North Ashleyview,ID,83584,5RC4AR7GC07,H-00369,
C-00544,Aaron,Fernandez,1940-06-09,(743) 555-0108,aaron.fernandez544@example.com,00642 Conway Ports Apt. 877,Powellland,CO,81597,5UQ4GU3TF03,H-00370,
C-00545,Stephanie,Fernandez,1951-10-30,(743) 555-0108,stephanie.fernandez545@example.com,00642 Conway Ports Apt. 877,Powellland,CO,81597,7AD9EJ4KJ89,H-00370,
C-00546,Gregory,Holland,1936-02-27,(399) 555-0123,,98554 Brown Rue Apt. 585,Port Steveport,LA,70061,4Q19XX5EQ79,H-00371,
C-00547,Benjamin,Holland,1943-09-23,(306) 555-0172,,98554 Brown Rue Apt. 585,Port Steveport,LA,70061,4R70HT6WD18,H-00371,
C-00548,Brittany,Cortez,1958-04-10,(827) 555-0115,brittany.cortez548@example.com,346 Crystal Knolls Suite 173,North James,KY,40335,5YW3CU4WG07,H-00372,
C-00549,Erika,Ellis,1956-11-14,(664) 555-0171,erika.ellis549@example.com,1847 Levy Brook Apt. 505,South Davidhaven,LA,63996,4G62J30GH33,H-00373,
C-00550,Morgan,Ellis,1948-11-14,(980) 555-0138,,1847 Levy Brook Apt. 505,South Davidhaven,LA,70696,7F21GU6AG50,H-00373,
C-00551,Deborah,Sanchez,1939-01-03,(806) 555-0174,,931 Jill Overpass,South Rebeccaton,IL,62321,,H-00374,
C-00552,Alexis,Sanchez,1946-08-16,(319) 555-0188,alexis.sanchez552@example.com,931 Jill Overpass,South Rebeccaton,IL,62321,1J38EW7QX20,H-00374,
C-00553,Jim,Brown,1952-05-21,(766) 555-0110,james.brown553@example.com,1792 Lisa Coves,South Brookebury,GA,30768,3CR7HF3DV29,H-00375,
C-00554,Matthew,Brown,1950-09-16,(766) 555-0110,matthew.brown554@example.com,1792 Lisa Coves,South Brookebury,GA,30768,1A70DN2XD13,H-00375,
C-00555,Robert,Thomas,1987-05-21,(862) 555-0137,robert.thomas555@example.com,1982 Copeland Underpass Apt. 092,Bryanview,CA,95264,,H-00376,
C-00556,Heather,Thomas,1951-01-18,(244) 555-0140,heather.thomas556@example.com,1982 Copeland Underpass Apt. 092,Bryanview,CA,95264,1VR7AC9CA43,H-00376,
C-00557,Chris,Hobbs,1948-10-28,(353) 555-0134,christopher.hobbs557@example.com,3902 Kylie Roads,Stricklandtown,MO,63852,3XQ0W20UC63,H-00377,
C-00558,Greg,Allen,1948-05-25,(328) 555-0171,,19467 Jamie Route,Alexandrachester,OH,43408,1K04GW7UJ83,H-00378,
C-00559,James,Grant,1935-07-06,(610) 555-0179,james.grant559@example.com,279 Courtney Tunnel,Michaeltown,CA,91089,5RM2AJ6FP86,H-00379,
C-00560,Edward,Rodriguez,1955-05-04,(578) 555-0143,,588 Steven Road,West Brian,CA,94886,1DU6MR4MV98,H-00380,
C-00561,Megan,Rodriguez,1933-10-10,(578) 555-0143,megan.rodriguez561@example.com,588 Steven Road,West Brian,CA,94886,1M10MJ3HH53,H-00380,
C-00562,Kristen,Thompson,1943-09-07,(404) 555-0130,kristen.thompson562@example.com,2200 Mitchell Mews Suite 597,North Joyside,NC,28958,4UH2Q05JC60,H-00381,
C-00563,Todd,Thompson,1973-03-07,(938) 555-0167,,2200 Mitchell Mews Suite 597,North Joyside,NC,28958,,H-00381,
C-00564,Corey,Nguyen,1944-09-25,(625) 555-0114,corey.nguyen564@example.com,37995 Gonzalez Springs,Jerryville,MO,64199,,H-00382,
C-00565,Joan,Nguyen,1942-05-08,(625) 555-0114,joan.nguyen565@example.com,37995 Gonzalez Springs,Jerryville,MO,64199,4QV7N60XF63,H-00382,
C-00566,Paul,Gibson,1936-05-04,(295) 555-0132,paul.gibson566@example.com,3179 Brown Mews,East Sarah,NE,68709,1P00NJ7QR60,H-00383,
C-00567,George,Ellis,1955-06-12,(275) 555-0141,george.ellis567@example.com,3543 Martinez Square,West Derekmouth,CA,94558,,H-00384,
C-00568,John,Fitzgerald,1951-06-02,(659) 555-0199,john.fitzgerald568@example.com,49292 Christopher Walks Suite 397,Ramirezchester,PA,15067,9VF6CH3PY10,H-00385,
C-00569,Heather,Pacheco,1946-05-24,(493) 555-0173,heather.pacheco569@example.com,9392 Robert Cape Apt. 780,Schmidtfort,ID,83837,7YX6M68YY71,H-00386,
C-00570,Corey,Pacheco,1957-05-04,(493) 555-0173,corey.pacheco570@example.com,9392 Robert Cape Apt. 780,Schmidtfort,ID,83837,5XY3G83EG34,H-00386,
C-00571,Brandy,Hudson,1947-09-16,(379) 555-0195,brandy.hudson571@example.com,18063 Michael Garden Apt. 074,Lake Stephen,VT,05250,9JV9JN9PJ82,H-00387,
C-00572,Tiffany,Hudson,1984-09-16,(856) 555-0115,,18063 Michael Garden Apt. 074,Lake Stephen,VT,05250,,H-00387,
C-00573,Jamie,Johnston,1981-04-08,(592) 555-0173,jamie.johnston573@example.com,62570 Paul Spurs Suite 804,Mullinsside,LA,70170,,H-00388,
C-00574,Gail,Johnston,1984-12-13,(592) 555-0173,,62570 Paul Spurs Suite 804,Mullinsside,LA,70170,,H-00388,
C-00575,Ann,Bush,1960-09-07,(519) 555-0165,ann.bush575@example.com,085 Daniel Lakes Suite 905,Gregoryside,IA,52198,1VR9Q96DC16,H-00389,
C-00576,Erin,Adams,1956-05-04,(275) 555-0194,erin.adams576@example.com,53817 Karen Trace,West Michael,TX,77367,8R42VH9TR20,H-00390,
C-00577,Joshua,Adams,1967-07-23,(258) 555-0178,joshua.adams577@example.com,53817 Karen Trace,West Michael,TX,77367,,H-00390,
C-00578,Sierra,Marsh,1971-10-22,(470) 555-0102,sierra.marsh578@example.com,5778 Theodore Place,Shannonstad,IL,62599,,H-00391,
C-00579,Nancy,Crawford,1957-02-04,(376) 555-0125,nancy.crawford579@example.com,71162 Mullen Club,East Joshuaberg,OH,44191,1H72ED9GA61,H-00392,
C-00580,Jesse,Wiggins,1943-05-03,(395) 555-0127,jesse.wiggins580@example.com,6827 Fisher Street,West Jaimetown,NE,68715,3XN0F76MV01,H-00393,
C-00581,Stacey,Wiggins,1948-02-04,(395) 555-0127,,6827 Fisher Street,West Jaimetown,NE,68715,8U18G92DA21,H-00393,
C-00582,Megan,Roberts,1936-02-26,(438) 555-0169,megan.roberts582@example.com,9557 Ellis Port Apt. 424,South Nathan,SC,29793,2VG8NR0NJ97,H-00394,
C-00583,Elizabeth,Schwartz,1935-09-24,(442) 555-0151,elizabeth.schwartz583@example.com,4729 Jennifer Heights,East Mary,ID,83563,,H-00395,
C-00584,Logan,Johnson,1942-07-22,(736) 555-0183,logan.johnson584@example.com,31059 Scott Land,East Anna,CA,94809,8YC8XW4JR99,H-00396,
C-00585,Mark,Cantrell,1944-05-05,(506) 555-0177,mark.cantrell585@example.com,57828 Martinez Burg Suite 727,Ericside,TX,79169,,H-00397,
C-00586,Christopher,Griffin,1946-05-14,(988) 555-0184,christopher.griffin586@example.com,4929 Morgan Creek Suite 028,West Angelbury,VA,22569,2TU9WU6WF99,H-00398,
C-00587,Sean,Ran,1960-03-11,(899) 555-0180,sean.ryan587@example.com,398 Kimberly Trafficway,Jamesland,MO,64895,6C24A15QQ95,H-00399,
C-00588,Emily,Ryan,1984-03-24,(240) 555-0182,emily.ryan588@example.com,398 Kimberly Trafficway,Jamesland,MO,64895,,H-00399,
C-00589,Ronald,Baldwin,1936-12-11,(601) 555-0128,,637 Morrison Pass,Lake Michaelberg,RI,02881,4I89EN6GK15,H-00400,
C-00590,Robert,Chandler,1934-10-15,(427) 555-0188,robert.chandler590@example.com,0455 Madden Well Apt. 376,Robertschester,MO,64575,9EW6PP0UV46,H-00401,
C-00591,Mary,Chandler,1939-11-17,(427) 555-0188,mary.chandler591@example.com,0455 Madden Well Apt. 376,Robertschester,MO,64575,9XD1UY7GC38,H-00401,
C-00592,Joshua,Fowler,1957-06-13,(575) 555-0179,,34785 Sarah Ramp,Davischester,KS,67137,7U38EJ6TN00,H-00402,
C-00593,Gregory,Foler,1944-07-31,(737) 555-0160,gregory.fowler593@example.com,34785 Sarah Ramp,Davischester,KS,67137,3UA4PF3VV85,H-00402,
C-00594,Kylie,Walker,1955-07-23,(661) 555-0168,kylie.walker594@example.com,923 Marisa Highway Suite 049,Troymouth,TX,79996,6KW5XR5NY42,H-00403,
C-00595,Eric,Walker,1996-09-11,(661) 555-0168,,923 Marisa Highway Suite 049,Troymouth,TX,79996,6JX3DJ2EN51,H-00403,
C-00596,Kevin,Walker,1949-01-08,(661) 555-0168,kevin.walker596@example.com,923 Marisa Highway Suite 049,Troymouth,TX,79996,8FU3RT7MR20,H-00403,
C-00597,Thomas,Burton,1959-03-22,(293) 555-0166,thomas.burton597@example.com,46273 David Harbor Suite 195,Cunninghamview,IA,52218,5UG3WT5AW27,H-00404,
C-00598,Heather,Burton,1948-12-18,(696) 555-0117,heather.burton598@example.com,46273 David Harbor Suite 195,Cunninghamview,IA,52218,1NF9DV7QW31,H-00404,
C-00599,Brian,Howard,1941-10-31,(654) 555-0191,brian.howard599@example.com,8904 Bonnie Drive,Stevenberg,OR,97325,1NG2FX9YH62,H-00405,
C-00600,Michael,Howard,1990-07-08,(654) 555-0191,michael.howard600@example.com,8904 Bonnie Drive,Stevenberg,OR,97325,,H-00405,
C-00601,Helen,Nelson,1937-01-22,(701) 555-0192,,44818 Katie Falls Apt. 928,Moniqueport,MI,49315,5JA9NK4XU91,H-00406,
C-00602,Laura,Decker,1945-08-05,(680) 555-0197,laura.decker602@example.com,89520 April Landing Suite 652,East Ericbury,MO,65476,6FX8VJ2FA12,H-00407,
C-00603,Angelica,Decker,1941-12-14,(680) 555-0197,angelica.decker603@example.com,89520 April Landing Suite 652,East Ericbury,MO,65476,6VP2J08QC03,H-00407,
C-00604,Carla,Preton,1968-04-06,(295) 555-0138,carla.preston604@example.com,7112 Timothy Inlet,Donmouth,NC,27482,,H-00408,
C-00605,Kathryn,Preston,1938-12-02,(792) 555-0121,kathryn.preston605@example.com,7112 Timothy Inlet,Donmouth,NC,27482,2FQ0F32EH21,H-00408,
C-00606,Kim,Jones,1941-09-15,(308) 555-0116,kim.jones606@example.com,40132 Hailey Inlet Apt. 321,Vazquezville,CO,81251,9T93H99HC49,H-00409,
C-00607,James,Matthews,1934-12-20,(841) 555-0167,james.matthews607@example.com,31089 Taylor Glen Apt. 140,Port Davidborough,SD,57297,6AX5FF9MQ20,H-00410,
C-00608,Ellen,Matthews,1960-06-14,(783) 555-0176,ellen.matthews608@example.com,31089 Taylor Glen Apt. 140,Port Davidborough,SD,57297,8A41JT1FK36,H-00410,
C-00609,Belinda,Garcia,1948-11-21,(345) 555-0161,belinda.garcia609@example.com,24955 Melissa Tunnel,New Ashley,CO,80403,8KC2YY0TD66,H-00411,
C-00610,Alexis,Garcia,1954-10-16,(208) 555-0128,alexis.garcia610@example.com,24955 Melissa Tunnel,New Ashley,CO,80403,5CJ0EA9PQ79,H-00411,
C-00611,Helen,Wells,1989-01-29,(341) 555-0132,helen.wells611@example.com,342 Teresa Courts,New Melissa,NE,68636,,H-00412,
C-00612,Daniel,Martinez,1957-02-13,(228) 555-0194,daniel.martinez612@example.com,1256 Lewis Forks,Rodriguezmouth,SD,57026,2UG6VC8AV15,H-00413,
C-00613,Derek,Martinez,1944-09-10,(228) 555-0194,derek.martinez613@example.com,1256 Lewis Forks,Rodriguezmouth,SD,57026,1T23ND0MP84,H-00413,
C-00614,Richard,Perez,1974-09-16,(921) 555-0154,richard.perez614@example.com,480 Mark Crescent Suite 479,Gloriamouth,SC,29754,,H-00414,
C-00615,Traci,Perez,1948-02-21,(281) 555-0145,traci.perez615@example.com,480 Mark Crescent Suite 479,Gloriamouth,SC,29754,9J62UA0CK66,H-00414,
C-00616,Cristian,Garza,1950-09-12,(883) 555-0159,cristian.garza616@example.com,17520 Powers Locks Suite 811,South Richard,WA,99062,4W48D69KX05,H-00415,
C-00617,Katie,Hubbard,1939-08-01,(592) 555-0177,katie.hubbard617@example.com,53539 Martinez Villages,Hardyview,VA,23928,5ER6EF3UM07,H-00416,
C-00618,Dennis,Fuller,1958-08-28,(471) 555-0121,,657 Archer Pass Suite 271,West Tracybury,KY,41872,3AH7CV7WG11,H-00417,
C-00619,Cory,Fuller,1936-12-03,(317) 555-0178,cory.fuller619@example.com,657 Archer Pass Suite 271,West Tracybury,KY,41872,5VA1W96KM82,H-00417,
C-00620,Laura,Saunders,1959-09-18,(649) 555-0101,laura.saunders620@example.com,70269 Hernandez Road,Port Charleshaven,NE,68947,8NU1G63QX14,H-00418,
C-00621,James,Saunders,1944-07-16,(649) 555-0101,james.saunders621@example.com,70269 Hernandez Road,Port Charleshaven,NE,68947,8CK0XP3EK19,H-00418,
C-00622,Antonio,Stevens,1948-04-03,(908) 555-0170,,8485 Stephanie Bypass Suite 167,Melissamouth,UT,84486,7GM0Y96MY66,H-00419,
C-00623,Peter,Hunter,1999-03-18,(212) 555-0119,,276 Larry Loaf Suite 197,Alvarezburgh,KS,66256,,H-00420,
C-00624,Ronnie,James,1941-03-11,(788) 555-0199,ronnie.james624@example.com,695 Flores Burgs Apt. 255,Port Patriciamouth,NY,00564,1RF4QU2VT99,H-00421,
C-00625,Steven,Nguyen,1952-02-01,(201) 555-0143,steven.nguyen625@example.com,5033 Deborah Ramp Apt. 141,Geoffreyside,AR,72926,4C94NW8EQ50,H-00422,
C-00626,Michelle,Nguyen,1969-03-02,(932) 555-0152,michelle.nguyen626@example.com,5033 Deborah Ramp Apt. 141,Geoffreyside,AR,72926,,H-00422,
C-00627,Lisa,Crawford,1943-12-24,(947) 555-0100,lisa.crawford627@example.com,0790 Gray Loaf Suite 917,Lake Emilymouth,MO,65069,8KR8E53NY26,H-00423,
C-00628,Elizabeth,Crawford,1942-05-21,(876) 555-0106,elizabeth.crawford628@example.com,0790 Gray Loaf Suite 917,Lake Emilymouth,MO,65069,3Y12C77PJ60,H-00423,
C-00629,Brandon,Mitchell,1999-01-11,(864) 555-0116,brandon.mitchell629@example.com,456 Tyler Vista,Port Melissaborough,MO,64690,,H-00424,
C-00630,Wendy,Mitchell,1943-12-09,(864) 555-0116,wendy.mitchell630@example.com,456 Tyler Vista,Port Melissaborough,MO,64690,7Q14WY6RU60,H-00424,
C-00631,Ryan,Brock,1985-06-10,(516) 555-0198,ryan.brock631@example.com,91919 Nelson Port Suite 635,Lake Madisonhaven,DC,20557,,H-00425,
C-00632,Dana,Adams,1979-04-12,(256) 555-0113,dana.adams632@example.com,66498 Powers Plaza Apt. 082,Lewismouth,CA,95681,,H-00426,
C-00633,Lisa,Adams,1955-02-12,(389) 555-0198,,66498 Powers Plaza Apt. 082,Lewismouth,CA,95681,8MQ2NY1QA11,H-00426,
C-00634,Meghan,Walters,1957-12-13,(855) 555-0149,meghan.walters634@example.com,083 Ford Garden Apt. 466,Michelleland,MO,65866,9QU7WF3DG99,H-00427,
C-00635,Rebecca,Henderson,1950-06-07,(458) 555-0129,rebecca.henderson635@example.com,2493 Allen Drive Apt. 034,Washingtonchester,IL,77667,7WC7WP2PK82,H-00428,
C-00636,James,Henderson,1952-09-07,(458) 555-0129,,2493 Allen Drive Apt. 034,Washingtonchester,IL,60667,5M05M07NF31,H-00428,
C-00637,Emily,Mosley,1948-06-18,(662) 555-0156,emily.mosley637@example.com,04482 Tamara Oval Apt. 015,Michellechester,KY,42410,3UG0H78WQ21,H-00429,
C-00638,David,Young,1934-07-19,(824) 555-0129,,2319 Alejandra Village,Tylerland,MD,20649,6J84AC1VD67,H-00430,
C-00639,Nicholas,Henry,1957-01-02,(569) 555-0133,nicholas.henry639@example.com,9636 Drew Extensions Apt. 476,Michelleton,CT,06485,6DU9YH7WE05,H-00431,
C-00640,Andrew,Underwood,1975-08-09,(693) 555-0174,andrew.underwood640@example.com,8673 Suarez Drive,Thomasstad,ID,83440,,H-00432,
C-00641,Joel,Nichols,1942-11-30,(380) 555-0134,joel.nichols641@example.com,034 Parker Squares,Rebeccaville,NE,69232,9JJ9EF1WU06,H-00433,
C-00642,Joshua,Mccormick,1960-09-23,(320) 555-0101,joshua.mccormick642@example.com,0644 Sharon Throughway Apt. 432,Welchchester,MT,59105,8RQ1C90VY87,H-00434,
C-00643,Jessica,Fisher,1938-08-19,(497) 555-0140,jessica.fisher643@example.com,7656 Madison Square,Williamstad,KS,93370,8KR8FH5MR95,H-00435,
C-00644,Gina,Bradford,1937-03-16,(248) 555-0155,gina.bradford644@example.com,0027 Aaron Flats Suite 591,East Johnberg,OR,97088,1Q95M71DJ40,H-00436,
C-00645,Laura,Brdford,1970-06-20,(248) 555-0155,laura.bradford645@example.com,0027 Aaron Flats Suite 591,East Johnberg,OR,97088,,H-00436,
C-00646,Stacy,Walker,1943-11-11,(741) 555-0129,stacy.walker646@example.com,7242 Marsh Flat Apt. 652,Waltershire,UT,84701,,H-00437,
C-00647,Ashley,Jackson,1940-01-08,(919) 555-0197,,73420 Williamson Rapid,Edwardstad,DE,19755,3QA4DW0XP21,H-00438,
C-00648,Alexis,Jackson,1957-10-23,(700) 555-0137,alexis.jackson648@example.com,73420 Williamson Rapid,Edwardstad,DE,19755,,H-00438,
C-00649,Wanda,Greene,1970-04-07,(582) 555-0162,,7133 Sophia Via Suite 476,South Melissa,NJ,08134,,H-00439,
C-00650,Deborah,Aguilar,1959-08-30,(425) 555-0190,,362 Sparks Burgs Suite 439,Solomonstad,IA,51163,7KC7GH2KU28,H-00440,
C-00651,Christopher,Aguilar,1972-06-30,(201) 555-0190,christopher.aguilar651@example.com,362 Sparks Burgs Suite 439,Solomonstad,IA,51163,,H-00440,
C-00652,William,Smith,1939-10-10,(261) 555-0111,william.smith652@example.com,56366 Jones Point Apt. 053,Odonnellton,VA,20161,6AY2T81DN26,H-00441,
C-00653,Ryan,Page,1968-04-24,(205) 555-0161,ryan.page653@example.com,6528 Beverly Green Apt. 875,Andersonmouth,IA,50104,,H-00442,
C-00654,Jorge,Page,1984-10-09,(674) 555-0109,,6528 Beverly Green Apt. 875,Andersonmouth,IA,50104,,H-00442,
C-00655,Lawrence,Page,1947-04-08,(674) 555-0109,lawrence.page655@example.com,6528 Beverly Green Apt. 875,Andersonmouth,IA,50104,8ER1Y58FU34,H-00442,
C-00656,Leslie,Stafford,1958-02-04,(419) 555-0193,leslie.stafford656@example.com,4564 Austin Trace,Zacharychester,OH,45471,5V43N72RV06,H-00443,
C-00657,Mike,Williams,1955-04-22,(592) 555-0180,,87032 Jerry Camp Suite 427,Wilsonfort,ME,04338,5Q92WC5NC77,H-00444,
C-00658,Whitney,Lewis,2004-12-01,(779) 555-0123,,7121 Davis Ways Suite 228,Annashire,SC,29226,,H-00445,
C-00659,Brittany,Long,1957-02-07,(598) 555-0112,brittany.long659@example.com,926 John Parks,West Anthonyville,DE,19976,1FN4T16CG20,H-00446,
C-00660,Jessica,Nguyen,1984-12-16,(883) 555-0117,,2017 Gibson Grove,West Taramouth,CA,90010,,H-00447,
C-00661,Jessica,Nguyen,1937-06-30,(556) 555-0183,jessica.nguyen661@example.com,2017 Gibson Grove,West Taramouth,CA,90010,5T09NC7MC71,H-00447,
C-00662,Christopher,Glenn,1948-07-05,(837) 555-0127,,04501 Davis Glens,East Tammy,NJ,07029,1H29EA4PF03,H-00448,
C-00663,Melissa,Glenn,1957-06-10,(545) 555-0178,melissa.glenn663@example.com,04501 Davis Glens,East Tammy,NJ,07029,3WP5J95XN20,H-00448,
C-00664,Cody,Howard,1945-05-20,(261) 555-0109,cody.howard664@example.com,6421 Henry Meadows,Rebeccaberg,VA,24570,4UV4F23HX44,H-00449,
C-00665,William,Davis,1960-08-25,(209) 555-0127,,377 Alvarez Port Suite 165,South Crystal,CA,92241,6KF6GM1TW42,H-00450,
C-00666,Teresa,Davis,1937-09-15,(209) 555-0127,teresa.davis666@example.com,377 Alvarez Port Suite 165,South Crystal,CA,92241,7CP3A08WR84,H-00450,
C-00667,Gabrielle,Joyce,1946-04-13,(777) 555-0171,gabrielle.joyce667@example.com,278 Kelly Mews,Port Timberg,FL,33900,9TN9GD2XX64,H-00451,
C-00668,Kevin,Joyce,1954-02-09,(489) 555-0186,kevin.joyce668@example.com,278 Kelly Mews,Port Timberg,FL,33900,2KT7A29FA71,H-00451,
C-00669,Jennifer,Marshall,1981-12-16,(205) 555-0187,jennifer.marshall669@example.com,649 Andrea Cape,New Rogerville,UT,84792,,H-00452,
C-00670,Lisa,Marshall,1968-04-24,(205) 555-0187,lisa.marshall670@example.com,649 Andrea Cape,New Rogerville,UT,84792,,H-00452,
C-00671,Jennifer,Edwards,1967-06-13,(548) 555-0130,,9180 Joy Mountain Apt. 260,South Nancyport,TX,79798,,H-00453,
C-00672,Thomas,Jackson,1956-07-07,(689) 555-0120,thomas.jackson672@example.com,452 Jacob Summit Suite 168,North Randalltown,CT,06406,3WH9MW2JF20,H-00454,
C-00673,Heather,Cabrera,1951-10-09,(569) 555-0173,heather.cabrera673@example.com,974 Vazquez Spurs Suite 412,North James,DE,19753,1FC3CK2JF27,H-00455,
C-00674,Gabriel,Johnson,1946-04-02,(810) 555-0129,gabriel.johnson674@example.com,37236 Christopher Trail,Hernandezchester,DE,19891,9JF1A02YD61,H-00456,
C-00675,Peter,Gallegos,1988-08-28,(602) 555-0120,peter.gallegos675@example.com,777 Michelle Prairie,East Kenneth,AK,99533,,H-00457,
C-00676,Matthew,Gallegos,1949-03-08,(454) 555-0194,matthew.gallegos676@example.com,777 Michelle Prairie,East Kenneth,AK,99533,7QT0QJ6FD98,H-00457,
C-00677,Bruce,Hall,1952-12-15,(902) 555-0139,bruce.hall677@example.com,667 Johnson Locks,Palmerfort,MO,64525,7GT3F72QF61,H-00458,
C-00678,Ryan,West,1972-11-10,(241) 555-0168,ryan.west678@example.com,9581 Orozco Mall,Wilsonstad,NJ,07886,,H-00459,
C-00679,Evan,West,1938-08-19,(785) 555-0187,evan.west679@example.com,9581 Orozco Mall,Wilsonstad,NJ,07886,4HW5J82MT25,H-00459,
C-00680,Jessica,West,1990-08-23,(355) 555-0112,,9581 Orozco Mall,Wilsonstad,NJ,07886,,H-00459,
C-00681,Lauren,Flynn,1941-10-21,(946) 555-0149,lauren.flynn681@example.com,7383 Dorsey Walk Suite 246,Whitakerstad,KS,67259,8QX4NH5JR59,H-00460,
C-00682,Sherry,Leon,1970-10-09,(787) 555-0142,,341 Anderson Flats,New Travis,CO,80222,,H-00461,
C-00683,Jeremy,Wilson,1949-02-15,(581) 555-0173,,3380 Michael Green Suite 228,Port Brycechester,UT,84241,4AT4FJ5XE42,H-00462,
C-00684,Sydney,Lloyd,1953-08-09,(898) 555-0102,sydney.lloyd684@example.com,4550 Kemp Walk,Lake Brentmouth,KS,66157,2UV5GF1DP87,H-00463,
C-00685,Katelyn,Lloyd,1935-02-08,(781) 555-0152,,4550 Kemp Walk,Lake Brentmouth,KS,66157,8CE7H02AV65,H-00463,
C-00686,Kelly,Moore,1992-11-05,(982) 555-0180,kelly.moore686@example.com,918 William Expressway,Port Jamiestad,VA,23224,,H-00464,
C-00687,Scott,Moore,1957-02-26,(400) 555-0159,scott.moore687@example.com,918 William Expressway,Port Jamiestad,VA,23224,2H46V51UG03,H-00464,
C-00688,William,Peterson,1935-05-28,(391) 555-0173,william.peterson688@example.com,125 Fuentes Crossing Apt. 760,Port Lisa,IL,61982,6H93FG2TJ93,H-00465,
C-00689,Christopher,Peterson,1953-02-27,(391) 555-0173,christopher.peterson689@example.com,125 Fuentes Crossing Apt. 760,Port Lisa,IL,61982,1UQ1CW7CV26,H-00465,
C-00690,Zachary,Crane,1937-12-22,(360) 555-0150,,653 Karen Pines Suite 326,Hardinmouth,CO,81515,9G21U16KW46,H-00466,
C-00691,Brian,Orr,1942-07-15,(881) 555-0187,brian.orr691@example.com,72081 Matthew Locks Apt. 606,Lake Sandraberg,MI,48444,3G35QC6GY53,H-00467,
C-00692,Nicole,Rowe,1960-01-27,(435) 555-0171,,6845 Smith Harbors Apt. 673,Terryfurt,GA,30850,2WN2A81JQ26,H-00468,
C-00693,Pamela,Johnson,1942-08-25,(842) 555-0184,pamela.johnson693@example.com,85628 Lewis Pass,Adrienneburgh,CA,92193,2R34DD9NN64,H-00469,
C-00694,Amber,Johnson,1976-12-25,(484) 555-0160,,85628 Lewis Pass,Adrienneburgh,CA,92193,,H-00469,
C-00695,Tonya,Chavez,1934-10-28,(868) 555-0163,tonya.chavez695@example.com,46810 Green Parkways Suite 101,Evanstown,IL,60279,4XJ6YQ7WX76,H-00470,
C-00696,Linda,Chavez,1949-10-10,(868) 555-0163,linda.chavez696@example.com,46810 Green Parkways Suite 101,Evanstown,IL,06379,8WR5J63XM31,H-00470,
C-00697,Michael,Carson,1942-08-27,(439) 555-0115,michael.carson697@example.com,4492 Stone Gateway,West Zacharyborough,UT,84523,6U56KM9TM70,H-00471,
C-00698,Corey,Carson,1948-05-02,(439) 555-0115,corey.carson698@example.com,4492 Stone Gateway,West Zacharyborough,UT,84523,5DR3Q85RC45,H-00471,
C-00699,Rodney,Porter,1958-08-06,(780) 555-0183,rodney.porter699@example.com,1106 Thomas Mission Apt. 586,Wigginsshire,NE,68572,7JN3C25XT02,H-00472,
C-00700,Eric,Johnson,1942-12-14,(827) 555-0150,eric.johnson700@example.com,762 William Oval Suite 288,Lake Jasonfort,KS,66240,5R16JM5KM34,H-00473,
C-00701,Angelica,Johnson,1935-11-25,(829) 555-0137,angelica.johnson701@example.com,762 William Oval Suite 288,Lake Jasonfort,KS,66240,5KX7MJ9KR40,H-00473,
C-00702,Kevin,Ritter,1943-12-08,(477) 555-0112,kevin.ritter702@example.com,611 Armstrong Canyon,North Nathan,PA,19627,2A89TF0GE70,H-00474,
C-00703,Todd,Ritter,1942-12-06,(790) 555-0185,todd.ritter703@example.com,611 Armstrong Canyon,North Nathan,PA,19627,1JA0MK9RM61,H-00474,
C-00704,Kylie,Ritter,1948-06-26,(790) 555-0185,kylie.ritter704@example.com,611 Armstrong Canyon,North Nathan,PA,19627,8AW6D99YH14,H-00474,
C-00705,Monica,Bailey,1934-03-07,(250) 555-0126,monica.bailey705@example.com,604 Lewis Viaduct,Smithside,ME,04747,3C73HM7MG46,H-00475,
C-00706,Robert,Bailey,1939-03-13,(754) 555-0103,robert.bailey706@example.com,604 Lewis Viaduct,Smithside,ME,04747,6FX4Q49CF17,H-00475,
C-00707,Mark,Cline,1969-11-23,(633) 555-0150,mark.cline707@example.com,756 Davenport Village Apt. 287,Contrerasberg,TX,76368,,H-00476,
C-00708,Lauren,Cline,1995-11-17,(210) 555-0117,lauren.cline708@example.com,756 Davenport Village Apt. 287,Contrerasberg,TX,76368,,H-00476,
C-00709,Christopher,Schneider,1936-10-12,(403) 555-0132,,3658 Susan Mills Suite 120,Annville,IL,60028,8P90T76FU99,H-00477,
C-00710,Maria,Harris,1989-01-25,(437) 555-0194,maria.harris710@example.com,837 David Place,North Joshua,AK,99522,,H-00478,
C-00711,Danny,Scott,1986-07-10,(336) 555-0137,danny.scott711@example.com,89569 Travis Brooks Suite 626,Port Allisonfurt,MI,48274,6CT6K18TE77,H-00479,
C-00712,Cory,Scott,1943-06-07,(960) 555-0198,,89569 Travis Brooks Suite 626,Port Allisonfurt,MI,48274,3U02NV1GF59,H-00479,
C-00713,Anthony,Nguyen,1935-06-28,(393) 555-0157,anthony.nguyen713@example.com,2241 Kristopher Lodge,North Christina,KY,40780,1EV7VC3PW69,H-00480,
C-00714,Brian,Nguyen,1941-07-16,(393) 555-0157,brian.nguyen714@example.com,2241 Kristopher Lodge,North Christina,KY,40780,5LG9N31UE22,H-00480,
C-00715,Stacy,Gordon,1939-04-20,(467) 555-0175,,52654 David Crest Apt. 339,South William,IL,61137,7H93A28HH44,H-00481,
C-00716,Richard,Torres,1948-01-16,(274) 555-0178,richard.torres716@example.com,57861 Johnson Roads Apt. 048,East Kathrynberg,IN,47402,6H57UK9GQ63,H-00482,
C-00717,Angela,Ali,1971-04-06,(781) 555-0119,angela.ali717@example.com,832 Fernandez Extension,New Stephanie,MO,63645,3A05X32FX41,H-00483,
C-00718,Megan,Kidd,1947-07-05,(941) 555-0137,megan.kidd718@example.com,79420 Sarah Orchard,Carlafurt,CA,92831,3CR6DN4YV08,H-00484,
C-00719,Jessica,Rivas,1957-11-07,(430) 555-0190,,840 Jocelyn Port,West Christopherville,WA,99068,2G51P34VE58,H-00485,
C-00720,Yolanda,Rivas,1942-12-30,(430) 555-0190,yolanda.rivas720@example.com,840 Jocelyn Port,West Christopherville,WA,99068,5F60C56GX87,H-00485,
C-00721,Aaron,Luas,1954-11-30,(967) 555-0139,aaron.lucas721@example.com,98554 Nelson Shore Suite 537,Allenberg,IL,60951,5GE9F26FG13,H-00486,
C-00722,Michael,Carey,1956-11-02,(809) 555-0178,michael.carey722@example.com,02687 Medina Turnpike Apt. 807,West Teresafurt,PA,18778,2WA0J86RR02,H-00487,
C-00723,Gregory,Carey,1960-04-20,(535) 555-0122,gregory.carey723@example.com,02687 Medina Turnpike Apt. 807,West Teresafurt,PA,18778,9JW0PW2RY29,H-00487,
C-00724,Lisa,Lee,1947-10-23,(409) 555-0127,,75370 Julia Trace,Erinstad,FL,32571,7DV5E88QG67,H-00488,
C-00725,Andrea,Snyder,1938-12-29,(949) 555-0128,andrea.snyder725@example.com,337 Johnson Park Apt. 036,Port Joshuahaven,KY,42620,3T39DV7NA67,H-00489,
C-00726,Donna,Snyder,1995-09-28,(752) 555-0166,donna.snyder726@example.com,337 Johnson Park Apt. 036,Port Joshuahaven,KY,42620,,H-00489,
C-00727,Heather,Braun,1942-03-01,(672) 555-0164,heather.braun727@example.com,92124 Nicole Stream,Jamestown,MO,64614,4W24P17GA26,H-00490,
C-00728,Amanda,Braun,1946-06-19,(672) 555-0164,amanda.braun728@example.com,92124 Nicole Stream,Jamestown,MO,64614,3NN3YK6AT42,H-00490,
C-00729,Michael,Owens,1942-12-01,(834) 555-0150,michael.owens729@example.com,870 Davidson Run Apt. 566,Davidhaven,KS,67573,8KW5Y79MQ41,H-00491,
C-00730,Lindsey,Beard,1935-01-01,(552) 555-0126,lindsey.beard730@example.com,304 Patel Island,South Jamesland,MI,49680,9AK4NA9GV60,H-00492,
C-00731,Veronica,Beard,1980-05-06,(552) 555-0126,,304 Patel Island,South Jamesland,MI,49680,,H-00492,
C-00732,Lindsey,Castillo,1970-12-12,(201) 555-0171,,613 Frank Inlet,Lake Colleentown,LA,71428,,H-00493,
C-00733,Christopher,Riley,1953-09-24,(309) 555-0170,,3173 Wall View Suite 831,Duranmouth,NE,68595,6AC0HC5QQ19,H-00494,
C-00734,Kenneth,Hansen,1951-02-22,(397) 555-0156,kenneth.hansen734@example.com,65120 Brown Ridge,Joneston,ID,83872,8A01VU2RC01,H-00495,
C-00735,Patrick,Hansen,1950-07-26,(245) 555-0150,patrick.hansen735@example.com,65120 Brown Ridge,Joneston,ID,83872,6RW6PG4CQ22,H-00495,
C-00736,Sharon,Morgan,1977-09-16,(876) 555-0137,sharon.morgan736@example.com,639 Shawn Mountain,Hobbsville,FL,34182,,H-00496,
C-00737,Krista,Morgan,1999-06-05,(876) 555-0137,krista.morgan737@example.com,639 Shawn Mountain,Hobbsville,FL,34182,,H-00496,
C-00738,Timothy,Kelly,1987-10-30,(811) 555-0107,timothy.kelly738@example.com,593 Curtis Ranch Apt. 939,Lake William,AK,99689,2UJ2TU2RK88,H-00497,
C-00739,Christine,Kelly,1939-04-07,(811) 555-0107,,593 Curtis Ranch Apt. 939,Lake William,AK,99689,2QE8NU5YD71,H-00497,
C-00740,Dylan,Rowe,1954-04-02,(505) 555-0156,,20024 Palmer Run,Larryside,CT,06739,5E67EP9MX73,H-00498,
C-00741,James,Davidson,1935-08-27,(446) 555-0182,james.davidson741@example.com,545 Zachary Shoals Apt. 038,South Mauriceborough,FL,32367,3R90VU8WG81,H-00499,
C-00742,Casey,Davidson,1998-02-16,(619) 555-0141,,545 Zachary Shoals Apt. 038,South Mauriceborough,FL,32367,,H-00499,
C-00743,Daniel,Murphy,1975-06-27,(310) 555-0145,,779 Christian Port,Christinachester,TX,78172,,H-00500,
C-00744,Nancy,Murphy,1947-12-05,(518) 555-0128,nancy.murphy744@example.com,779 Christian Port,Christinachester,TX,78172,7FX9XK6RK50,H-00500,
C-00745,Nicholas,Aguirre,1990-10-16,(368) 555-0112,nicholas.aguirre745@example.com,3033 Hanson Garden,Navarromouth,SC,29729,,H-00501,
C-00746,Justin,Gonzalez,1935-10-24,(669) 555-0174,justin.gonzalez746@example.com,05015 Angela Divide Suite 739,Bradleytown,NY,12335,3W95UN9PV28,H-00502,
C-00747,Jeffery,Gonzalez,1940-08-25,(507) 555-0167,jeffery.gonzalez747@example.com,05015 Angela Divide Suite 739,Bradleytown,NY,12335,,H-00502,
C-00748,Matthew,Dyer,1954-01-04,(285) 555-0123,matthew.dyer748@example.com,258 Gregory Brooks Apt. 410,South Diana,TX,78213,9E41XJ9UW14,H-00503,
C-00749,Jason,Dyer,1965-07-08,(656) 555-0159,jason.dyer749@example.com,258 Gregory Brooks Apt. 410,South Diana,TX,78213,,H-00503,
C-00750,Carol,Brooks,1976-09-25,(885) 555-0140,carol.brooks750@example.com,55289 Johns Circles Apt. 223,New Nicholas,OR,97868,,H-00504,
C-00751,Norma,Schmitt,1940-04-23,(329) 555-0173,norma.schmitt751@example.com,99384 Mark Center,Moniquehaven,NC,27768,7CX0VN8EV10,H-00505,
C-00752,Jennifer,White,1974-06-18,(914) 555-0167,jennifer.white752@example.com,179 Gary Loaf,Victormouth,CA,95943,,H-00506,
C-00753,Alicia,White,1941-09-01,(842) 555-0142,alicia.white753@example.com,179 Gary Loaf,Victormouth,CA,95943,7DP4T13DN66,H-00506,
C-00754,Ronald,Robinson,1934-01-14,(683) 555-0162,ronald.robinson754@example.com,774 Little Turnpike Apt. 333,Royfurt,ID,83431,1GW9R46RA53,H-00507,
C-00755,Matthew,Hunt,1949-11-11,(543) 555-0168,,254 Dennis Corner Suite 785,New Blake,NC,27379,5R64CP1CH88,H-00508,
C-00756,Shannon,Hunt,1949-11-11,(914) 555-0159,shannon.hunt756@example.com,254 Dennis Corner Suite 785,New Blake,NC,27379,2V49JX5HA96,H-00508,
C-00757,Christian,Payne,1946-07-24,(327) 555-0158,christian.payne757@example.com,5754 Johnson Mills Apt. 415,West Meganhaven,NE,68190,4A06WW1EQ40,H-00509,
C-00758,Melissa,Taylor,1946-05-09,(661) 555-0101,,11150 Matthew Spring Suite 444,Lake Cassandra,MN,56265,2J20YA9EP38,H-00510,
C-00759,Angela,Matthews,1960-05-17,(268) 555-0102,angela.matthews759@example.com,44566 Thomas Passage Apt. 633,South Jesus,IL,62483,8X64EX3GK53,H-00511,
C-00760,Taylor,Matthews,1976-09-17,(565) 555-0157,taylor.matthews760@example.com,44566 Thomas Passage Apt. 633,South Jesus,IL,62483,,H-00511,
C-00761,Lisa,Smith,1996-06-29,(281) 555-0163,lisa.smith761@example.com,1536 Clark Mission Apt. 529,West Sherry,GA,30547,,H-00512,
C-00762,Mary,Smith,1959-09-13,(281) 555-0163,mary.smith762@example.com,1536 Clark Mission Apt. 529,West Sherry,GA,30547,7E26HC7AF86,H-00512,
C-00763,Bryce,Fry,1942-12-07,(272) 555-0173,bryce.fry763@example.com,66684 Matthews Port Apt. 225,Bairdborough,VA,24217,8YN0CE7JF59,H-00513,
C-00764,Jesse,Campbell,1980-12-16,(410) 555-0169,jesse.campbell764@example.com,71597 Davis Cove Apt. 097,East Jamesfurt,MT,59113,,H-00514,
C-00765,Bob,Anderson,1954-12-25,(271) 555-0160,,0580 Mark Loop,Mooreville,NE,69252,8KM3RC2JM42,H-00515,
C-00766,Briana,Crosby,1968-02-02,(585) 555-0178,briana.crosby766@example.com,3234 Meyers Shores,Mooreshire,CO,80493,3R05NE3FU61,H-00516,
C-00767,Wayne,Crosby,1943-04-05,(881) 555-0193,wayne.crosby767@example.com,3234 Meyers Shores,Mooreshire,CO,80493,2EX1N98XD26,H-00516,
C-00768,Christopher,Williams,1960-01-19,(420) 555-0159,christopher.williams768@example.com,3027 Makayla Rapids Apt. 859,Stevensshire,UT,84616,5AV3T68DX19,H-00517,
C-00769,Monica,Allen,1934-06-20,(944) 555-0197,,4692 Wright River Suite 762,South Hollyton,WA,99094,3H55JK8KV64,H-00518,
C-00770,William,King,1954-06-12,(352) 555-0101,william.king770@example.com,841 Regina Loop Apt. 511,Robertburgh,NE,98995,9VQ3M36TJ91,H-00519,
C-00771,Diane,Miller,1934-06-03,(594) 555-0172,diane.miller771@example.com,17656 Randy Branch Suite 125,Washingtonland,DE,19911,8X18X37YC60,H-00520,
C-00772,Jennifer,Thompson,1942-01-11,(252) 555-0102,jennifer.thompson772@example.com,74220 Gregory Crossing Suite 210,Ericstad,CT,06305,7E81JT1EV15,H-00521,
C-00773,Nicholas,Mcfarland,1988-10-26,(394) 555-0181,nicholas.mcfarland773@example.com,0816 Wallace Rapid,North Kelseyborough,OH,43402,,H-00522,
C-00774,Maria,Robles,1980-02-23,(921) 555-0134,maria.robles774@example.com,10600 Hoover Springs,East Susanville,NE,68574,,H-00523,
C-00775,Sheila,Weaver,1951-10-01,(428) 555-0165,,206 Lisa Islands,New Jamie,NC,27483,3CV5V81UK52,H-00524,
C-00776,David,Weaver,1946-09-23,(428) 555-0165,david.weaver776@example.com,206 Lisa Islands,New Jamie,NC,27483,2WF8NE8ER12,H-00524,
C-00777,Miguel,Santos,1959-08-19,(471) 555-0154,miguel.santos777@example.com,55206 Smith Forest,Robinsonview,OH,43707,3TD0D32HF96,H-00525,
C-00778,Carlos,Santos,1978-04-18,(471) 555-0154,,55206 Smith Forest,Robinsonview,OH,43707,,H-00525,
C-00779,Teresa,Gregory,1951-03-19,(226) 555-0113,teresa.gregory779@example.com,4971 Johnathan Court,Tinafurt,PA,16118,6JA5U33MU24,H-00526,
C-00780,Janet,Gordon,1939-06-30,(304) 555-0195,,2571 Smith Prairie,Reyesbury,MT,59596,9Q76Q95QF24,H-00527,
C-00781,Edward,Phillips,1958-11-08,(283) 555-0184,edward.phillips781@example.com,09143 Todd River,North Devinfort,TX,77959,7E58MV9UM22,H-00528,
C-00782,James,Phillips,1998-07-16,(283) 555-0184,james.phillips782@example.com,09143 Todd River,North Devinfort,TX,77959,,H-00528,
C-00783,Keith,Wong,1937-11-22,(859) 555-0111,keith.wong783@example.com,97524 Schneider Trace,New Latoyachester,KY,40836,9DV2TJ0RJ43,H-00529,
C-00784,Cathy,Ball,1936-09-22,(750) 555-0102,cathy.ball784@example.com,55338 Rebecca Shores,Port Grace,MO,25953,2CG1G65MH41,H-00530,
C-00785,Marie,Watkins,1944-03-18,(709) 555-0118,marie.watkins785@example.com,527 Calvin Overpass Apt. 302,East Christopher,UT,84030,3C23EY7WX99,H-00531,
C-00786,Barbara,Turner,1945-11-02,(907) 555-0163,barbara.turner786@example.com,81674 Jennifer Gardens,Thompsonbury,CO,80396,2Q82P19CV41,H-00532,
C-00787,Tammy,Turner,1958-06-18,(549) 555-0128,tammy.turner787@example.com,81674 Jennifer Gardens,Thompsonbury,CO,80396,3EA7GW8TV07,H-00532,
C-00788,James,Turner,1969-10-13,(907) 555-0163,james.turner788@example.com,81674 Jennifer Gardens,Thompsonbury,CO,80396,,H-00532,
C-00789,Sandra,Blake,1952-01-27,(703) 555-0199,sandra.blake789@example.com,56627 Henderson Ridge Suite 270,Simmonsland,NE,68561,8RW1AG4WA85,H-00533,
C-00790,Brooke,Blake,1971-12-24,(703) 555-0199,brooke.blake790@example.com,56627 Henderson Ridge Suite 270,Simmonsland,NE,68561,7UA6T15DR91,H-00533,
C-00791,Derrick,Jones,1933-11-03,(210) 555-0127,derrick.jones791@example.com,246 Torres Haven,Hartfort,CA,90061,3M73EY8JX24,H-00534,
C-00792,Nicole,Jones,2003-07-18,(524) 555-0129,,23008 Henry Mall Suite 567,Danielleshire,IL,62701,,H-00535,
C-00793,Micheal,Reid,1950-09-23,(980) 555-0135,,9236 Wise Terrace,Williamfort,ME,04842,7K42UV9RE57,H-00536,
C-00794,Deanna,Terry,1945-01-15,(338) 555-0129,deanna.terry794@example.com,663 Tim Via,Crystaltown,MO,64112,3Q70YT2JQ02,H-00537,
C-00795,Jose,Terry,1976-07-21,(338) 555-0129,jose.terry795@example.com,663 Tim Via,Crystaltown,MO,64112,,H-00537,
C-00796,Ronald,Martin,1944-10-26,(422) 555-0112,ronald.martin796@example.com,243 Alexander Trail Apt. 669,New Reneechester,VA,24383,5JV0G87MD48,H-00538,
C-00797,Raymond,Conrad,1954-02-13,(604) 555-0187,raymond.conrad797@example.com,869 Gross Terrace Apt. 195,West Kaitlyn,NE,69396,5CT6RK2AT63,H-00539,
C-00798,Hunter,Gonzalez,1944-01-08,(806) 555-0186,hunter.gonzalez798@example.com,27011 Warren Shoal Suite 622,Jacobberg,WV,26606,1N45JK0PA89,H-00540,
C-00799,Stacy,Gonzalez,1960-04-24,(617) 555-0185,stacy.gonzalez799@example.com,27011 Warren Shoal Suite 622,Jacobberg,WV,26606,6RT0UV9TU55,H-00540,
C-00800,Nicholas,Carter,1958-10-05,(968) 555-0116,,323 Karen Valleys Apt. 467,Port Danaland,UT,84351,3UE1D67PU69,H-00541,
C-00801,Abigail,Bennett,1943-06-04,(475) 555-0170,abigail.bennett801@example.com,50937 Chambers Courts Apt. 040,North Jasontown,SC,29136,2RX0HX2GA26,H-00542,
C-00802,Suzanne,Bennett,1946-02-06,(978) 555-0102,,50937 Chambers Courts Apt. 040,North Jasontown,SC,29136,2Q93T80NA04,H-00542,
C-00803,Linda,Marks,1944-02-23,(769) 555-0100,linda.marks803@example.com,7596 Wood Junctions Suite 356,Bishopstad,FL,34956,1Q45KC2PY98,H-00543,
C-00804,Aaron,Marks,1991-04-06,(506) 555-0198,aaron.marks804@example.com,7596 Wood Junctions Suite 356,Bishopstad,FL,34956,,H-00543,
C-00805,Danielle,Smith,1945-05-19,(842) 555-0175,danielle.smith805@example.com,209 Misty Harbors Apt. 579,Robertsonborough,UT,84270,8AV8RM0RU56,H-00544,
C-00806,Molly,Joseph,1942-12-12,(799) 555-0128,molly.joseph806@example.com,50573 Ross Ridge Apt. 567,Lake Paulborough,MT,59147,3PH3HG0GJ51,H-00545,
C-00807,George,Sanchez,1957-06-08,(795) 555-0164,,71487 Peggy Crescent,Batesbury,FL,33036,9M23YH3HG43,H-00546,
C-00808,Sheryl,Sanchez,1941-03-14,(537) 555-0191,,71487 Peggy Crescent,Batesbury,FL,33036,3CE2JU6HD77,H-00546,
C-00809,Sandra,Wade,1942-07-26,(659) 555-0143,sandra.wade809@example.com,60256 Robinson Glens,Lynnville,AR,72526,4EU5J36FR47,H-00547,
C-00810,Christopher,Miller,1959-12-14,(324) 555-0157,christopher.miller810@example.com,53991 Bennett Stravenue Suite 863,West Darrell,ID,83654,9KN2KC3GE15,H-00548,
C-00811,Paul,Lee,1942-02-07,(468) 555-0159,paul.lee811@example.com,195 Melissa Light,West Bryanside,CO,80930,3P24FF1VW34,H-00549,
C-00812,Rodney,Lee,1945-09-10,(883) 555-0106,rodney.lee812@example.com,195 Melissa Light,West Bryanside,CO,80930,4H83GX9WR51,H-00549,
C-00813,Justin,Hernanez,1943-07-06,(529) 555-0189,justin.hernandez813@example.com,289 Daniel Branch Suite 524,South Erin,NE,69267,8FQ2A38KQ72,H-00550,
C-00814,Janet,Simpson,1957-01-01,(377) 555-0123,janet.simpson814@example.com,548 Joshua Vista,Welchborough,CA,93720,7G44TG8RH94,H-00551,
C-00815,Katherine,Mooney,1979-03-14,(214) 555-0177,katherine.mooney815@example.com,52330 Melissa Stream Suite 420,Rogersfort,MO,65201,,H-00552,
C-00816,Duane,Carter,1945-05-09,(220) 555-0191,duane.carter816@example.com,84438 Davis Islands Apt. 472,South Heather,DC,20546,2C31XJ3PH89,H-00553,
C-00817,Jeffery,Carter,1960-01-05,(641) 555-0124,jeffery.carter817@example.com,84438 Davis Islands Apt. 472,South Heather,DC,20546,1NQ4QE6CU62,H-00553,
C-00818,Meagan,Simmons,1934-02-26,(429) 555-0186,meagan.simmons818@example.com,059 Erika Walks,South Stephanie,KY,40525,4RE0YK4DR42,H-00554,
C-00819,Tracy,Allen,1936-09-15,(736) 555-0146,tracy.allen819@example.com,57201 Watkins Drive,Sanchezville,MO,65449,5YM2YC4RD75,H-00555,
C-00820,Dave,Wilson,2003-07-07,(915) 555-0123,david.wilson820@example.com,617 Hill Shoal,Richardsonville,MO,63638,,H-00556,
C-00821,David,Evans,1945-12-14,(212) 555-0121,david.evans821@example.com,99974 Laura Falls,Washingtonchester,LA,71425,5WP3Q62RW90,H-00557,
C-00822,Mark,Evans,1973-04-12,(521) 555-0161,mark.evans822@example.com,99974 Laura Falls,Washingtonchester,LA,71425,,H-00557,
C-00823,Carol,White,2002-12-08,(689) 555-0168,carol.white823@example.com,0688 Brown Villages,Port Karenville,KY,42575,,H-00558,
C-00824,Austin,York,1946-08-20,(669) 555-0106,austin.york824@example.com,87510 Bailey Shoal,North Anna,MO,63927,6RK6TF6JQ81,H-00559,
C-00825,Tina,York,1933-12-18,(669) 555-0106,tina.york825@example.com,87510 Bailey Shoal,North Anna,MO,63927,4PR6CN0JJ74,H-00559,
C-00826,Wendy,Bartlett,1955-02-28,(324) 555-0170,,8260 Kevin Path Suite 872,Nealhaven,KY,41589,5DY0VT8VR53,H-00560,
C-00827,Mike,Robinson,1966-01-17,(610) 555-0103,michael.robinson827@example.com,103 Jacob Hills,East Carrie,NE,68438,,H-00561,
C-00828,Erica,Duffy,1943-02-27,(984) 555-0109,erica.duffy828@example.com,961 Green Run,South Stephen,MO,63515,7TA6QH2CD62,H-00562,
C-00829,Kristin,Stewart,1950-06-19,(439) 555-0159,kristin.stewart829@example.com,314 Jennifer Port,South Lorraine,NC,28515,1WR4YK2QX42,H-00563,
C-00830,Jeremiah,Melton,1970-02-13,(816) 555-0188,jeremiah.melton830@example.com,93141 Gabriella Lodge Apt. 515,Kimberlyberg,NE,69181,3DY5WT3AP49,H-00564,
C-00831,Mike,Davis,1957-03-03,(895) 555-0194,,63611 Alisha Wells,Briannafort,MD,21988,1Q06K13EN89,H-00565,
C-00832,Ashley,Davis,1958-04-16,(895) 555-0194,,63611 Alisha Wells,Briannafort,MD,21988,1EU0YF6MC70,H-00565,
C-00833,Gloria,Green,1940-05-03,(740) 555-0141,gloria.green833@example.com,491 George Terrace Suite 258,Woodsberg,UT,84267,1AT2VV9NX27,H-00566,
C-00834,Jennifer,Green,1981-08-06,(370) 555-0176,jennifer.green834@example.com,491 George Terrace Suite 258,Woodsberg,UT,84267,,H-00566,
C-00835,Wayne,Lindsey,1955-02-28,(323) 555-0158,,69405 Erika Manor,Whitestad,AL,35879,5KK3N59QG45,H-00567,
C-00836,Joshua,Lindsey,1956-05-02,(323) 555-0158,,69405 Erika Manor,Whitestad,AL,35879,4RY0XD2JT53,H-00567,
C-00837,Angela,Paul,1987-05-30,(980) 555-0157,angela.paul837@example.com,341 Russell Island Apt. 113,East Barbaraland,ME,04583,,H-00568,
C-00838,Trevor,Paul,1934-02-26,(980) 555-0157,trevor.paul838@example.com,341 Russell Island Apt. 113,East Barbaraland,ME,04583,9T55K10JQ48,H-00568,
C-00839,Jacqueline,Klin,1944-03-07,(613) 555-0159,jacqueline.klein839@example.com,8277 Richard Ridges,Port Julie,KY,40148,6XM9U92FC42,H-00569,
C-00840,Tyler,Williams,1949-03-22,(805) 555-0176,tyler.williams840@example.com,89097 Emily Track Apt. 215,New Michael,OR,97974,3X99WJ3NW76,H-00570,
C-00841,Ashley,Rojas,1951-11-25,(298) 555-0141,ashley.rojas841@example.com,1538 Kelly Orchard,Josephtown,CO,80867,9H49DF2QA00,H-00571,
C-00842,Michael,Rodriguez,1950-12-17,(868) 555-0184,michael.rodriguez842@example.com,8079 Brown Avenue,Murphystad,DE,19894,1HV9UN2WU20,H-00572,
C-00843,Jennifer,Rodriguez,1962-10-09,(868) 555-0184,,8079 Brown Avenue,Murphystad,DE,19894,,H-00572,
C-00844,Randall,Perez,1947-02-24,(305) 555-0179,,0167 Christopher Passage Apt. 617,East Kaylaview,KY,42729,9YQ2X68CP68,H-00573,
C-00845,Justin,Rodriguez,1939-11-08,(498) 555-0100,justin.rodriguez845@example.com,6284 Veronica Shoals Suite 225,Smithborough,TX,78542,5UK1GN3DH79,H-00574,
C-00846,Lauren,Pierce,1963-07-02,(351) 555-0188,lauren.pierce846@example.com,6502 Stacy Shores,Davidfort,LA,70453,,H-00575,
C-00847,Gabrielle,Smith,1935-06-29,(518) 555-0135,,6862 Susan Turnpike,East Erichaven,TX,76126,5WY0KU6AT86,H-00576,
C-00848,Elijah,Wright,1942-12-02,(912) 555-0130,elijah.wright848@example.com,569 Ryan Highway,Toddchester,NJ,07261,7HK0Y61WP80,H-00577,
C-00849,Melissa,Lopez,1940-01-24,(203) 555-0106,melissa.lopez849@example.com,41436 Thomas Tunnel,Lake Jessicaburgh,SD,57531,4A24N84EW40,H-00578,
C-00850,Alicia,James,1935-09-11,(604) 555-0198,alicia.james850@example.com,12604 Sarah Meadow,New Jameston,IL,61848,9WQ4A17WW02,H-00579,
C-00851,John,Dawson,1944-09-04,(643) 555-0162,john.dawson851@example.com,56708 Schneider Hollow,West Michaelstad,AK,99677,9UC9GC1YY18,H-00580,
C-00852,Kevin,Cox,1947-12-19,(544) 555-0168,kevin.cox852@example.com,00053 Kennedy Rest,South Jackfort,VA,22212,,H-00581,
C-00853,Nathan,Rice,1937-08-25,(787) 555-0143,nathan.rice853@example.com,082 Ward Valleys,Juliashire,NY,13925,5R87QR2RG35,H-00582,
C-00854,Debra,Rice,1960-07-27,(282) 555-0156,,082 Ward Valleys,Juliashire,NY,13925,8AH6VQ0NC63,H-00582,
C-00855,Jason,Rice,1957-11-04,(473) 555-0101,jason.rice855@example.com,082 Ward Valleys,Juliashire,NY,13925,2A73XC9EG03,H-00582,
C-00856,James,Mayo,1934-06-28,(243) 555-0106,james.mayo856@example.com,12910 James Mission Apt. 189,Kevinfort,SC,29946,9RC2TP7MN44,H-00583,
C-00857,Jennifer,Mayo,1959-11-14,(437) 555-0114,jennifer.mayo857@example.com,12910 James Mission Apt. 189,Kevinfort,SC,29946,7P05VH4MN66,H-00583,
C-00858,Bradley,Mayo,1949-10-08,(437) 555-0114,bradley.mayo858@example.com,12910 James Mission Apt. 189,Kevinfort,SC,29946,7E56FM8RA70,H-00583,
C-00859,Stephanie,Mills,1968-06-06,(851) 555-0111,stephanie.mills859@example.com,8485 West Stravenue,South Carloschester,LA,70147,2NR0PV7XC52,H-00584,
C-00860,Krystal,Mills,1975-12-08,(404) 555-0187,krystal.mills860@example.com,8485 West Stravenue,South Carloschester,LA,70147,,H-00584,
C-00861,Amanda,Simpson,1954-12-22,(420) 555-0154,,424 Stephanie Circle,Lake Lisa,KS,67374,8K08TQ8AP70,H-00585,
C-00862,Heather,Robinson,1936-01-30,(348) 555-0188,heather.robinson862@example.com,78686 Lawson Ford,North Ernest,ID,83324,4X76MK0GW25,H-00586,
C-00863,Nicole,Hernandez,1957-05-26,(201) 555-0108,nicole.hernandez863@example.com,844 Kenneth Grove Apt. 230,West Benjamin,KS,66505,4J42VK4FH47,H-00587,
C-00864,Dennis,Baker,1959-02-17,(476) 555-0188,dennis.baker864@example.com,0338 Aaron Key,Markside,NE,68142,2HW3EA0QM33,H-00588,
C-00865,James,Nguyen,2001-03-03,(719) 555-0189,,0053 Thompson Brook Apt. 649,Port Scott,PA,17859,,H-00589,
C-00866,Crystal,Nguyen,1993-06-02,(679) 555-0127,crystal.nguyen866@example.com,0053 Thompson Brook Apt. 649,Port Scott,PA,17859,6GY8MF4DC74,H-00589,
C-00867,Andrew,Holland,2005-02-23,(215) 555-0105,andrew.holland867@example.com,73652 Davis Falls Suite 223,Hardingburgh,WV,26017,,H-00590,
C-00868,Frank,Holland,1946-05-18,(581) 555-0172,frank.holland868@example.com,73652 Davis Falls Suite 223,Hardingburgh,WV,26017,4EV3X29UX84,H-00590,
C-00869,Karen,Taylor,1947-05-03,(878) 555-0126,karen.taylor869@example.com,9312 Ronald Motorway,Garciahaven,IN,47989,4XK6EF1GW98,H-00591,
C-00870,Sheena,Adams,1946-10-09,(368) 555-0117,,166 Daniel Bridge,East Johnland,MO,63902,9MU4G62NQ78,H-00592,
C-00871,Eric,Rivera,1951-08-28,(538) 555-0184,eric.rivera871@example.com,18513 Timothy Port,Ochoaport,UT,84707,2H24X05QM79,H-00593,
C-00872,Rhonda,Thomas,1943-05-31,(836) 555-0156,rhonda.thomas872@example.com,481 Mallory Cove,Curtischester,TX,78599,7EC8CX2RD66,H-00594,
C-00873,Vicki,Vasquez,1936-04-01,(561) 555-0112,,66254 Sandra Spur,Mcdanielville,LA,70663,3KU6KA0CQ87,H-00595,
C-00874,Carol,Moreno,1952-04-30,(462) 555-0141,carol.moreno874@example.com,45195 Michael Corner,New Edwardchester,OR,97645,,H-00596,
C-00875,Peter,Flores,1950-07-15,(725) 555-0182,peter.flores875@example.com,49451 Hendricks Shore Suite 410,Port Diana,KY,40605,3C55CW9WJ09,H-00597,
C-00876,Jennifer,Flores,1955-12-22,(838) 555-0138,jennifer.flores876@example.com,49451 Hendricks Shore Suite 410,Port Diana,KY,40605,7YK8AM5CT35,H-00597,
C-00877,Dana,Guzman,1933-12-25,(545) 555-0174,dana.guzman877@example.com,19642 Marcus Crossroad Apt. 655,Colemanchester,NE,69102,7AG9KK2CJ15,H-00598,
C-00878,Devon,Guzman,1971-02-20,(545) 555-0174,devon.guzman878@example.com,19642 Marcus Crossroad Apt. 655,Colemanchester,NE,69102,,H-00598,
C-00879,Alison,Espinoza,1939-04-21,(733) 555-0150,alison.espinoza879@example.com,6878 Patel View,South Christopher,AK,99966,5EX6GJ3GR05,H-00599,
C-00880,Kim,Espinoza,1942-06-14,(858) 555-0187,kimberly.espinoza880@example.com,6878 Patel View,South Christopher,AK,99966,2V91TW8FM26,H-00599,
C-00881,Brian,Mccall,1940-02-02,(672) 555-0192,brian.mccall881@example.com,135 James Vista,West Angelaberg,IL,60717,1F82JU9CC65,H-00600,
C-00882,Michael,Mccall,1940-02-17,(672) 555-0192,michael.mccall882@example.com,135 James Vista,West Angelaberg,IL,60717,4XV1WW9CT37,H-00600,
C-00883,Anthony,Bennett,1947-12-25,(824) 555-0197,anthony.bennett883@example.com,7286 Jason Fork,Lake Devinberg,NE,68665,9TR3VA2AU61,H-00601,
C-00884,Mariah,Smith,1934-12-29,(760) 555-0112,mariah.smith884@example.com,0191 Monroe Ways Apt. 025,North John,IN,46270,2V42A07AQ69,H-00602,
C-00885,Karen,Johnson,1936-01-14,(648) 555-0184,karen.johnson885@example.com,27284 Jenkins Junction Suite 041,North Nicole,MO,64570,8CJ5CR7NT89,H-00603,
C-00886,Tiffany,Boyd,1939-04-22,(538) 555-0143,,66784 Fletcher Manors,West Teresa,CA,90641,6F01VU9YJ84,H-00604,
C-00887,Dawn,Edwards,1940-04-19,(404) 555-0151,dawn.edwards887@example.com,369 Jeffery Ferry,Port Heatherfort,MI,48183,8EN6WY1CX77,H-00605,
C-00888,Alex,Lewis,1942-05-04,(470) 555-0152,alex.lewis888@example.com,05634 Dan Lake Suite 034,New Daniel,SC,29837,4R36M60DR32,H-00606,
C-00889,Michael,Smith,1939-02-19,(365) 555-0176,michael.smith889@example.com,83034 Tiffany Port Apt. 970,West Christopherport,MI,49490,9H20FX1NW54,H-00607,
C-00890,Justin,Smith,1943-05-28,(365) 555-0176,justin.smith890@example.com,83034 Tiffany Port Apt. 970,West Christopherport,MI,49490,1T93MM6UK62,H-00607,
C-00891,Laura,Johnson,1944-09-30,(825) 555-0114,,356 Dickson Squares Apt. 568,New Lindseyberg,IL,60894,3DV1QX8DM13,H-00608,
C-00892,Denise,Chandler,1951-06-20,(230) 555-0119,denise.chandler892@example.com,042 Faith Common Apt. 332,New Zachary,MO,65051,6AX9Q22EW36,H-00609,
C-00893,Alexis,Davis,1953-05-17,(758) 555-0105,alexis.davis893@example.com,2545 Williams Station Suite 339,East Ashleyfort,TX,79916,4TR8J86UP90,H-00610,
C-00894,Kelsey,White,2001-02-09,(452) 555-0199,kelsey.white894@example.com,171 Edwards Hill Apt. 149,Michaelland,KS,66627,,H-00611,
C-00895,Stephanie,Kirk,1957-12-15,(453) 555-0162,stephanie.kirk895@example.com,4721 Williams Walks Suite 669,South Michael,TX,78449,7Y05PX2GU76,H-00612,
C-00896,Jeffrey,Nash,1935-05-16,(900) 555-0132,,68740 Joyce Gardens Apt. 214,Moorefurt,NY,12008,7UF2W98JX04,H-00613,
C-00897,Morgan,Nash,1942-06-22,(947) 555-0192,morgan.nash897@example.com,68740 Joyce Gardens Apt. 214,Moorefurt,NY,12008,5XT8VT9NH12,H-00613,
C-00898,Caleb,Morales,1959-09-01,(254) 555-0189,caleb.morales898@example.com,7787 Christopher Street,South Kaylaborough,CO,81624,8JD4HX1ND14,H-00614,
C-00899,Lindsey,Brown,1965-10-23,(300) 555-0105,lindsey.brown899@example.com,737 Joshua Camp Apt. 723,Ashleyfurt,GA,31758,,H-00615,
C-00900,Kristine,Brown,1946-12-09,(451) 555-0192,kristine.brown900@example.com,737 Joshua Camp Apt. 723,Ashleyfurt,GA,31758,5G23AQ0CG30,H-00615,
C-00901,Alicia,Savage,1935-07-15,(373) 555-0136,alicia.savage901@example.com,03064 Reid Corner Apt. 146,West Morganmouth,ID,83817,1EN1KN9XF01,H-00616,
C-00902,Alejandro,Price,1959-03-25,(438) 555-0175,alejandro.price902@example.com,01654 James Manor Suite 782,Gomezshire,CO,80140,2Y40DE3KW43,H-00617,
C-00903,Krista,Price,1957-06-14,(438) 555-0175,krista.price903@example.com,01654 James Manor Suite 782,Gomezshire,CO,80140,5N66MN2HM28,H-00617,
C-00904,Tara,Wilson,1949-05-28,(379) 555-0195,tara.wilson904@example.com,99255 Edward Mount,South Michelle,WV,25334,8JK9W05GY73,H-00618,
C-00905,Javier,Burke,1947-05-28,(724) 555-0107,javier.burke905@example.com,8072 Fowler Prairie Apt. 033,Hortonburgh,MO,63962,7RM1KU5JJ69,H-00619,
C-00906,Michael,Gutierrez,1948-01-23,(355) 555-0138,michael.gutierrez906@example.com,90550 Mosley Parkway,Lake Victormouth,SC,29319,8DG7RH8JN43,H-00620,
C-00907,Jacqueline,Walers,1948-12-16,(603) 555-0193,jacqueline.walters907@example.com,512 Patterson Fall Apt. 866,Meganchester,KY,42612,9DR1P73VD16,H-00621,
C-00908,Elizabeth,Shaffer,1937-05-14,(929) 555-0102,elizabeth.shaffer908@example.com,11096 Tyler Terrace,Lake Seanshire,VT,05870,2MQ3X44TQ25,H-00622,
C-00909,Nichole,Campbell,1967-12-05,(508) 555-0101,nichole.campbell909@example.com,37861 Melissa Crossing Suite 766,West Kimberlyhaven,CA,96024,,H-00623,
C-00910,John,Haney,1945-10-22,(500) 555-0172,john.haney910@example.com,6306 Alexis Drives Suite 895,Georgeshire,UT,84691,9JH5JY1CE61,H-00624,
C-00911,David,Mckinney,1954-01-13,(630) 555-0161,david.mckinney911@example.com,96096 Sheila Loaf Apt. 658,South Jerry,TX,76128,4KW1MC9WK10,H-00625,
C-00912,Brittney,Fuller,1959-07-16,(249) 555-0139,,964 Stacy Ford,North Anthonytown,MO,65703,7R91Q98CD99,H-00626,
C-00913,Jacob,Strickland,1944-12-16,(299) 555-0162,,819 Johnson Street,South Cynthia,CO,80126,,H-00627,
C-00914,Daniel,Camacho,1942-10-31,(886) 555-0100,daniel.camacho914@example.com,3836 Hopkins Harbor,East Courtneyshire,OH,45859,3WT4NF7DY36,H-00628,
C-00915,Sara,Camacho,1958-09-12,(712) 555-0138,sara.camacho915@example.com,3836 Hopkins Harbor,East Courtneyshire,OH,45859,2QE9MG3FE54,H-00628,
C-00916,Robert,Pope,1949-04-21,(598) 555-0108,robert.pope916@example.com,24421 Troy Lake,South Craig,ID,83723,8M81AF5MU17,H-00629,
C-00917,Matt,Wilson,1956-12-03,(918) 555-0193,matthew.wilson917@example.com,136 Preston Roads Suite 224,East Donnaton,VA,23572,8P16HP5VM22,H-00630,
C-00918,Michael,Robinson,1963-09-10,(592) 555-0101,,9980 Aimee Glens Apt. 390,New Williamberg,VA,20133,,H-00631,
C-00919,Rachel,Robinson,1947-07-01,(592) 555-0101,rachel.robinson919@example.com,9980 Aimee Glens Apt. 390,New Williamberg,VA,20133,9T41AA6RW90,H-00631,
C-00920,Lisa,Owens,1956-07-01,(876) 555-0120,lisa.owens920@example.com,2312 Hill Flats,West Jeanport,AK,99544,1WK7N72VH59,H-00632,
C-00921,Tony,Mckay,1957-05-28,(434) 555-0147,tony.mckay921@example.com,634 James Vista Suite 619,Gabrielborough,CT,06914,6HN7FG8XF06,H-00633,
C-00922,Johnny,Rubio,1950-10-02,(449) 555-0138,johnny.rubio922@example.com,9459 Catherine Meadow Apt. 955,South Garyton,IL,61702,6F58E94MU86,H-00634,
C-00923,Dustin,Watson,1942-11-07,(226) 555-0186,,9856 Danny Valleys Suite 625,North Jason,AR,71649,8WX1FE3YT43,H-00635,
C-00924,Ann,Robinson,1936-05-12,(786) 555-0139,,05053 Bradley Islands Apt. 816,Carolynhaven,SC,29575,1RY6X00MP28,H-00636,
C-00925,David,Fisher,1949-02-16,(285) 555-0151,david.fisher925@example.com,665 Gonzalez Causeway,Jimenezview,NY,12830,8RD3R18DM98,H-00637,
C-00926,Rhonda,Travis,1974-07-01,(509) 555-0158,,596 Barbara Haven,Lake Kristashire,UT,84434,,H-00638,
C-00927,Angela,Ross,1988-08-22,(725) 555-0100,angela.ross927@example.com,60880 Newman Cliff Suite 164,Loganstad,CO,80638,,H-00639,
C-00928,Victoria,Taylor,1942-09-17,(547) 555-0140,,9064 Snyder Row Apt. 591,East Brandontown,IL,67968,7AG4GP7CJ33,H-00640,
C-00929,Latasha,Watts,1955-11-27,(432) 555-0105,latasha.watts929@example.com,21358 Sarah Ways Apt. 401,West Charlesmouth,MO,64949,2TG1UM2YF20,H-00641,
C-00930,Tracy,Woods,1960-03-13,(819) 555-0126,tracy.woods930@example.com,2297 David Wall Apt. 967,New Allisonshire,MO,64548,6CH1JX2VC48,H-00642,
C-00931,Juan,Woods,1953-06-15,(819) 555-0126,juan.woods931@example.com,2297 David Wall Apt. 967,New Allisonshire,MO,64548,8DY0AC0GX56,H-00642,
C-00932,Paul,Mcdonald,1960-02-14,(958) 555-0147,paul.mcdonald932@example.com,14415 Donna Street Apt. 117,East Alexanderborough,SD,57165,3JA4P33FJ16,H-00643,
C-00933,Shaun,Cruz,1997-11-21,(214) 555-0194,shaun.cruz933@example.com,53988 Hodges Inlet Suite 281,East Sabrina,MO,63856,,H-00644,
C-00934,John,Mcgee,1934-03-01,(875) 555-0160,john.mcgee934@example.com,3146 Gina Ways,East Stevenville,DC,20322,3WD5UW0RD90,H-00645,
C-00935,Brian,Romero,1956-08-26,(588) 555-0181,brian.romero935@example.com,40787 Baker Plaza Apt. 563,South Wayne,FL,32425,5VP6J97DD42,H-00646,
C-00936,Joseph,Romero,1938-07-17,(920) 555-0189,joseph.romero936@example.com,40787 Baker Plaza Apt. 563,South Wayne,FL,32425,3KR5Y18QQ93,H-00646,
C-00937,Debbie,Maldonado,1954-01-06,(784) 555-0109,debbie.maldonado937@example.com,66343 Thompson Harbor,Stoneville,ID,83543,5A66PG6QM26,H-00647,
C-00938,Susan,Maldonado,1948-04-08,(784) 555-0109,,66343 Thompson Harbor,Stoneville,ID,83543,4U65QN6YU64,H-00647,
C-00939,Philip,Sullivan,1950-08-06,(333) 555-0172,philip.sullivan939@example.com,00943 Amanda Harbor,New Holly,DC,20474,7F47R27GY35,H-00648,
C-00940,Clinton,Gross,1960-06-28,(509) 555-0155,clinton.gross940@example.com,473 Kristi Key,Janiceport,NC,28814,8TW0M95UX72,H-00649,
C-00941,Wesley,Gross,1958-05-05,(509) 555-0155,wesley.gross941@example.com,473 Kristi Key,Janiceport,NC,28814,3JH7F20XK51,H-00649,
C-00942,Terri,Smith,1956-07-16,(733) 555-0154,,432 Maldonado Expressway Apt. 572,Lake Thomasmouth,AR,72617,1VM8KF6KW33,H-00650,
C-00943,Veronica,Bradley,1954-03-20,(958) 555-0181,veronica.bradley943@example.com,09579 Tracy Gateway,Rodrigueztown,UT,84792,5Y94R89FA85,H-00651,
C-00944,Jonathan,Fritz,1984-05-05,(869) 555-0100,jonathan.fritz944@example.com,822 Craig Unions,Shaunstad,MO,64406,,H-00652,
C-00945,Donald,Hopkins,1952-05-31,(462) 555-0181,donald.hopkins945@example.com,5705 Mckinney Path Suite 148,East Tiffanybury,UT,84036,9ND3NH8EK83,H-00653,
C-00946,Mark,Bailey,1934-02-13,(591) 555-0136,mark.bailey946@example.com,39653 James Lane Apt. 487,West Renee,ID,83640,1F87EQ9VW37,H-00654,
C-00947,Brianna,Bailey,1934-03-18,(591) 555-0136,brianna.bailey947@example.com,39653 James Lane Apt. 487,West Renee,ID,83640,9H13GR1UC50,H-00654,
C-00948,Gina,Porter,1949-06-01,(793) 555-0183,gina.porter948@example.com,3098 Flowers Crossing Suite 795,Danieltown,NE,68741,9GM2QQ2ET75,H-00655,
C-00949,Steven,Porter,1952-09-29,(408) 555-0100,steven.porter949@example.com,3098 Flowers Crossing Suite 795,Danieltown,NE,68741,9NH2TG7QR98,H-00655,
C-00950,Justin,Williams,1937-09-27,(984) 555-0128,justin.williams950@example.com,498 Kevin Heights,Port Kennethmouth,KY,40068,3S57UT1EV42,H-00656,
C-00951,Brittany,Williams,1954-08-25,(778) 555-0160,brittany.williams951@example.com,498 Kevin Heights,Port Kennethmouth,KY,40068,5FH4MU3CP77,H-00656,
C-00952,Kayla,Ortega,1941-03-28,(400) 555-0136,,4065 Brendan Dam,Natashahaven,WA,98930,5F16PH7YH22,H-00657,
C-00953,Eric,Ortega,1965-10-23,(400) 555-0136,eric.ortega953@example.com,4065 Brendan Dam,Natashahaven,WA,98930,2NU9ED5CE01,H-00657,
C-00954,John,Fitzpatrick,1941-06-19,(680) 555-0143,john.fitzpatrick954@example.com,423 Richards Common,Jefferyfort,MD,21733,9HP7DY2EM96,H-00658,
C-00955,Erika,Fitzpatrick,1947-02-27,(680) 555-0143,erika.fitzpatrick955@example.com,423 Richards Common,Jefferyfort,MD,21733,3MQ8NK9GU24,H-00658,
C-00956,Kevin,Gonzalez,1950-05-11,(528) 555-0111,kevin.gonzalez956@example.com,6144 Thompson Mews Suite 923,Derekside,OR,97602,2Q03C83JN63,H-00659,
C-00957,Kenneth,Gonzalez,1971-12-02,(528) 555-0111,kenneth.gonzalez957@example.com,6144 Thompson Mews Suite 923,Derekside,OR,97602,,H-00659,
C-00958,Steven,Ali,1958-04-13,(860) 555-0129,,266 Dillon Mills Suite 857,Ronaldchester,GA,30567,3Y10Y33CK37,H-00660,
C-00959,Kelly,Cunningham,1969-04-29,(915) 555-0132,kelly.cunningham959@example.com,1294 Betty Landing,New Amy,IA,52481,,H-00661,
C-00960,Karina,Cunningham,1982-10-21,(451) 555-0101,,1294 Betty Landing,New Amy,IA,52481,7U93YT9VM21,H-00661,
C-00961,David,Lin,1938-08-12,(307) 555-0151,david.lin961@example.com,60787 Christopher Groves Apt. 591,Arianamouth,AR,72893,3VW3R93RW85,H-00662,
C-00962,Brenda,Lin,1947-02-22,(307) 555-0151,brenda.lin962@example.com,60787 Christopher Groves Apt. 591,Arianamouth,AR,72893,9AX3T06DQ52,H-00662,
C-00963,Sharon,Ball,1966-01-30,(309) 555-0117,sharon.ball963@example.com,382 Taylor Spring,West Courtney,KY,41868,,H-00663,
C-00964,Linda,Ball,1943-03-26,(745) 555-0103,linda.ball964@example.com,382 Taylor Spring,West Courtney,KY,41868,2ME7E86NU89,H-00663,
C-00965,Brian,Wallace,2003-09-03,(570) 555-0199,brian.wallace965@example.com,10291 John Cove,Johnsonhaven,OR,97182,,H-00664,
C-00966,Daisy,Reynolds,1958-11-15,(775) 555-0162,daisy.reynolds966@example.com,6723 Underwood Springs,Villarrealville,MD,21557,3XH0EE2NA18,H-00665,
C-00967,Heidi,Myers,1954-08-02,(217) 555-0149,heidi.myers967@example.com,32883 Castillo Highway,New Trevorview,MN,55620,1A57HA2KG66,H-00666,
C-00968,Debra,Johnson,1946-10-19,(708) 555-0132,debra.johnson968@example.com,6620 Bryant Port,Smithport,IL,60950,7W87HP4KP34,H-00667,
C-00969,Anna,Rios,1982-10-31,(960) 555-0129,anna.rios969@example.com,52774 Tina Knolls Apt. 586,East Dianastad,SD,57471,,H-00668,
C-00970,Stephen,Rios,1953-07-15,(960) 555-0129,stephen.rios970@example.com,52774 Tina Knolls Apt. 586,East Dianastad,SD,57471,8UP8UA8YM32,H-00668,
C-00971,Donna,Hunter,1960-04-28,(908) 555-0143,donna.hunter971@example.com,4617 Estes Rest,New Jeanette,ME,04576,1YG8KQ7GA07,H-00669,
C-00972,Jonathon,Huner,1945-07-21,(805) 555-0140,jonathon.hunter972@example.com,4617 Estes Rest,New Jeanette,ME,04576,6AJ8AD6FN85,H-00669,
C-00973,Jesse,Morris,1945-11-30,(552) 555-0129,jesse.morris973@example.com,959 Jones Burgs Apt. 311,Villafort,GA,30926,4J47Y75HD11,H-00670,
C-00974,Kelsey,Morris,1952-07-17,(552) 555-0129,,959 Jones Burgs Apt. 311,Villafort,GA,30926,7G55E20VP73,H-00670,
C-00975,Samantha,Morris,1936-02-24,(819) 555-0180,samantha.morris975@example.com,959 Jones Burgs Apt. 311,Villafort,GA,30926,4NE1U14PP53,H-00670,
C-00976,Manuel,Mclean,1949-02-27,(981) 555-0195,manuel.mclean976@example.com,26610 Wilson Vista,South Kathryntown,MO,64512,7K81G46AV48,H-00671,
C-00977,Andrew,Miller,1980-11-19,(642) 555-0130,,2983 Johnny Mill Suite 332,Cervantesborough,MO,63377,7UC4NC5YX82,H-00672,
C-00978,Susan,Miller,1959-07-19,(642) 555-0130,,2983 Johnny Mill Suite 332,Cervantesborough,MO,63377,7MP0FW2JE34,H-00672,
C-00979,Thomas,Hudson,1940-05-22,(540) 555-0137,thomas.hudson979@example.com,02056 Matthew Springs,Leeborough,IL,60391,4MJ6YP3DC29,H-00673,
C-00980,Michael,Hudson,1939-02-04,(600) 555-0143,,02056 Matthew Springs,Leeborough,IL,60391,8H72VE6FY10,H-00673,
C-00981,Carolyn,Hall,1976-02-22,(317) 555-0198,carolyn.hall981@example.com,76619 David Path,Craigfort,KY,41809,,H-00674,
C-00982,Larry,Carr,1956-03-24,(258) 555-0132,larry.carr982@example.com,34465 Monique Estate Suite 189,Port April,MO,64476,1A52AF6VJ87,H-00675,
C-00983,Kathy,Cook,1952-05-15,(820) 555-0199,kathy.cook983@example.com,197 Delgado Bypass,Robertborough,AR,72001,6M01W22JR88,H-00676,
C-00984,Cheyenne,George,1949-06-03,(301) 555-0130,cheyenne.george984@example.com,85037 Linda Port,West Tinachester,KS,66500,4B86VE6JR03,H-00677,
C-00985,Kimberly,Woods,1949-07-27,(639) 555-0161,kimberly.woods985@example.com,724 Dalton Parks,Lake Michael,MO,65362,2CU0TE6JK85,H-00678,
C-00986,Nancy,Woods,1988-12-06,(838) 555-0133,nancy.woods986@example.com,724 Dalton Parks,Lake Michael,MO,65362,5PK5RY7FY65,H-00678,
C-00987,Heather,Cannon,1947-05-31,(892) 555-0164,heather.cannon987@example.com,00389 Fleming Street,New Timothyfurt,DE,19996,3Q46TW3AP57,H-00679,
C-00988,Brianna,Hll,1948-08-27,(872) 555-0191,brianna.hall988@example.com,682 Samuel Ridges Suite 535,Hullbury,MT,59387,7GU6H33AM11,H-00680,
C-00989,Jeremy,Hall,1982-06-28,(872) 555-0191,jeremy.hall989@example.com,682 Samuel Ridges Suite 535,Hullbury,MT,59387,,H-00680,
C-00990,Julie,Hall,1976-03-22,(872) 555-0191,julie.hall990@example.com,682 Samuel Ridges Suite 535,Hullbury,MT,59387,9U90HQ8WJ00,H-00680,
C-00991,David,Bolton,1945-09-02,(924) 555-0176,david.bolton991@example.com,30102 White Cape,Michaelbury,MN,55599,5DC4CQ2XE18,H-00681,
C-00992,John,Melton,1947-11-03,(658) 555-0189,,1114 Troy Street Suite 374,Kimberlyport,DE,19914,6TV9V04XU49,H-00682,
C-00993,Judy,Hall,1937-08-14,(620) 555-0142,judy.hall993@example.com,8810 Mccullough Squares Suite 413,Port Theresa,CO,80869,2AR1UH5RJ16,H-00683,
C-00994,Patrick,Ramirez,1943-01-15,(812) 555-0139,patrick.ramirez994@example.com,52037 Benton Brooks,Huffview,NE,68153,4V79X89CQ82,H-00684,
C-00995,Amanda,Keller,1993-02-28,(448) 555-0109,amanda.keller995@example.com,49670 Cruz Cape,East Nicolas,MN,55614,,H-00685,
C-00996,Donna,Keller,1959-05-30,(599) 555-0128,donna.keller996@example.com,49670 Cruz Cape,East Nicolas,MN,55614,6MP8NV3NR39,H-00685,
C-00997,Christy,Swanson,1950-08-08,(358) 555-0118,christy.swanson997@example.com,509 Livingston Greens,Port Anthony,FL,33980,3NW1K67RG12,H-00686,
C-00998,Michelle,Swanson,1950-04-01,(358) 555-0118,,509 Livingston Greens,Port Anthony,FL,33980,9KN3EN6HC93,H-00686,
C-00999,Victoria,Mcdonald,1954-10-07,(233) 555-0171,victoria.mcdonald999@example.com,86487 Armstrong Port,Franciscofurt,OH,45993,4N01RQ8DD33,H-00687,
C-01000,John,Mcdonald,1963-06-08,(212) 555-0190,,86487 Armstrong Port,Franciscofurt,OH,45993,,H-00687,
C-01001,Kimberly,Hopkins,1950-04-27,(297) 555-0169,kimberly.hopkins1001@example.com,4138 Morgan Locks,New Joshuaview,CO,80152,5MK2M48KF02,H-00688,
C-01002,Lisa,Hopkins,1977-03-05,(890) 555-0131,,4138 Morgan Locks,New Joshuaview,CO,80152,,H-00688,
C-01003,Megan,Castillo,1938-08-29,(679) 555-0104,megan.castillo1003@example.com,49542 Ford Mill,South Benjaminstad,TX,75539,3M65D19CV26,H-00689,
C-01004,Jeffery,Castillo,1955-09-13,(379) 555-0130,jeffery.castillo1004@example.com,49542 Ford Mill,South Benjaminstad,TX,75539,7RX6YG2XP33,H-00689,
C-01005,Misty,Hill,1956-05-04,(513) 555-0116,misty.hill1005@example.com,149 Ashley Mill,West Katie,AK,99929,3V33KR3HM88,H-00690,
C-01006,Jeremy,Tran,1951-07-04,(720) 555-0155,jeremy.tran1006@example.com,22903 Diamond Ferry,Rileyton,TX,79504,3QY2WN5AT43,H-00691,
C-01007,Stephanie,Tran,1941-05-15,(692) 555-0180,,22903 Diamond Ferry,Rileyton,TX,79504,4XR9RM5HN91,H-00691,
C-01008,Mackenzie,Watson,1996-12-24,(549) 555-0135,mackenzie.watson1008@example.com,0580 Michael Club Suite 181,East Mark,DE,19975,,H-00692,
C-01009,Rhonda,Conrad,1937-11-07,(619) 555-0189,,64205 Rogers Lodge Suite 749,East Michealport,NE,68802,7XC1KY7DD03,H-00693,
C-01010,Debra,Farmer,1973-02-27,(903) 555-0112,debra.farmer1010@example.com,93588 Case Lane,Lake Jessicafurt,KS,66083,,H-00694,
C-01011,Stephanie,Farmer,1992-03-27,(856) 555-0155,stephanie.farmer1011@example.com,93588 Case Lane,Lake Jessicafurt,KS,66083,,H-00694,
C-01012,Logan,Meyer,1951-01-26,(619) 555-0190,logan.meyer1012@example.com,898 Ryan Crossing,New Thomashaven,IL,62652,5G58RD7WX25,H-00695,
C-01013,Jim,Meyer,1986-01-11,(274) 555-0180,james.meyer1013@example.com,898 Ryan Crossing,New Thomashaven,IL,62652,,H-00695,
C-01014,Denise,Melendez,1936-08-22,(345) 555-0156,denise.melendez1014@example.com,53537 Goodman Crescent Apt. 765,West Annland,KY,41644,7YN1Y03AM85,H-00696,
C-01015,Lee,Mitchell,1954-05-25,(253) 555-0124,lee.mitchell1015@example.com,6392 Kimberly Lodge,New Jorge,VA,23218,5QV9Q33JE81,H-00697,
C-01016,Christopher,Mitchell,1957-02-15,(253) 555-0124,,6392 Kimberly Lodge,New Jorge,VA,23218,8T86G16FQ36,H-00697,
C-01017,Terry,Dawson,1984-07-23,(446) 555-0136,,297 Rachel Wells Suite 021,Bakerside,RI,02983,,H-00698,
C-01018,Heidi,Anderson,1956-09-20,(692) 555-0153,heidi.anderson1018@example.com,06021 Zachary Pines,Strongstad,KY,41259,2MY7PH4DD57,H-00699,
C-01019,Renee,Dodson,1937-01-15,(619) 555-0147,renee.dodson1019@example.com,415 Vargas Ridges,Lake Brandonstad,NE,69204,5NJ8N06PJ52,H-00700,
C-01020,Samuel,Gray,1935-10-27,(954) 555-0131,samuel.gray1020@example.com,647 Jessica Stream Apt. 209,Emilymouth,DE,19707,2Y29VX9QN11,H-00701,
C-01021,Christina,Andrews,1943-11-07,(619) 555-0165,christina.andrews1021@example.com,34750 Mitchell Lights Suite 220,South April,OR,97460,1K37XR6QW29,H-00702,
C-01022,Cory,Andrews,1991-09-30,(789) 555-0190,cory.andrews1022@example.com,34750 Mitchell Lights Suite 220,South April,OR,97460,,H-00702,
C-01023,William,Arnold,1959-04-03,(633) 555-0122,,14477 Nicole Heights Suite 913,Donaldborough,CA,94168,9QQ0MU4TJ38,H-00703,
C-01024,Sean,Simmons,1936-10-22,(536) 555-0177,sean.simmons1024@example.com,90883 Tracy View,West Jamesshire,KS,66024,9U03PD8RR47,H-00704,
C-01025,Michael,Wilson,1947-04-22,(564) 555-0165,michael.wilson1025@example.com,4117 Snyder Corners,West Jessica,CA,90018,4Y98WP2EU89,H-00705,
C-01026,Charles,Powers,1957-03-23,(585) 555-0142,charles.powers1026@example.com,315 William Harbor,Mccoyhaven,ID,83370,3HW3EX3MW91,H-00706,
C-01027,Hailey,Powers,1952-05-22,(585) 555-0142,hailey.powers1027@example.com,315 William Harbor,Mccoyhaven,ID,83370,3M92E29PX73,H-00706,
C-01028,Jeffrey,Wiggins,1959-08-03,(565) 555-0146,jeffrey.wiggins1028@example.com,1853 Stacy Road,East Derrickfurt,FL,33082,1MM0TT8DE09,H-00707,
C-01029,Carlos,Smith,1935-06-29,(511) 555-0115,carlos.smith1029@example.com,7272 Campbell Flat,New Mercedesborough,ME,04341,,H-00708,
C-01030,Angela,Smith,1998-03-08,(511) 555-0115,angela.smith1030@example.com,7272 Campbell Flat,New Mercedesborough,ME,04341,,H-00708,
C-01031,Stephanie,Moreno,1956-09-16,(591) 555-0179,stephanie.moreno1031@example.com,206 Austin Roads,Lake Michael,SC,29283,8X51AA5XJ25,H-00709,
C-01032,Roger,Wright,1949-11-20,(877) 555-0159,roger.wright1032@example.com,47769 Daniels Hill Apt. 314,Montesmouth,AL,35182,4WT1FY5DM52,H-00710,
C-01033,Joe,Johnson,1955-06-30,(245) 555-0136,joseph.johnson1033@example.com,5156 Kim Orchard,Burkebury,CA,95348,6M87KT6YN09,H-00711,
C-01034,Joseph,Gaines,1947-07-25,(538) 555-0180,joseph.gaines1034@example.com,0854 Jenkins Valleys,Colemanview,AK,99549,9V98T36PR99,H-00712,
C-01035,Jessica,Gaines,2000-08-12,(399) 555-0171,jessica.gaines1035@example.com,0854 Jenkins Valleys,Colemanview,AK,99549,,H-00712,
C-01036,Jennifer,Smith,1937-05-23,(734) 555-0175,jennifer.smith1036@example.com,047 Walker Wells Apt. 831,Davidside,NC,27665,6JW2XM4DX14,H-00713,
C-01037,Leah,Smith,1958-03-06,(218) 555-0126,leah.smith1037@example.com,047 Walker Wells Apt. 831,Davidside,NC,27665,6JF6UA8KV86,H-00713,
C-01038,Mary,Galloway,1955-01-05,(935) 555-0168,,558 Diana Path,West Amanda,MO,64499,2VH2JP3CR88,H-00714,
C-01039,Justin,Williams,1937-05-11,(532) 555-0170,,342 Rivera Forge Apt. 000,New Raymondfort,SD,57635,8NF1JP3DU55,H-00715,
C-01040,Andrew,Williams,1946-05-13,(532) 555-0170,andrew.williams1040@example.com,342 Rivera Forge Apt. 000,New Raymondfort,SD,57635,5VQ2RT5EE99,H-00715,
C-01041,Julia,Smith,1947-06-02,(209) 555-0106,julia.smith1041@example.com,41662 Atkins Club,New Jenniferchester,OR,97639,4P38GC1QH01,H-00716,
C-01042,Tanya,Garcia,1935-10-28,(692) 555-0148,tanya.garcia1042@example.com,96394 Coleman Summit,West Joshuaborough,IA,51635,1X08KR0DV04,H-00717,
C-01043,Barbara,Garcia,1944-03-11,(978) 555-0169,barbara.garcia1043@example.com,96394 Coleman Summit,West Joshuaborough,IA,51635,2PN4KR0PJ92,H-00717,
C-01044,Shaun,Klein,1938-05-01,(265) 555-0113,shaun.klein1044@example.com,6136 Webb Squares Apt. 607,Beanside,AR,72317,3V65RT2VP02,H-00718,
C-01045,Ann,Miller,1947-05-21,(343) 555-0111,ann.miller1045@example.com,3757 Dawn Isle,Port Crystal,MO,64170,,H-00719,
C-01046,Larry,King,1939-10-21,(507) 555-0112,larry.king1046@example.com,9312 Jensen Mountains,North Katrina,CO,81461,3NH1R94YW28,H-00720,
C-01047,Matthew,King,1941-05-20,(926) 555-0126,matthew.king1047@example.com,9312 Jensen Mountains,North Katrina,CO,81461,5J46WU7EN69,H-00720,
C-01048,Joe,Chung,1944-02-06,(555) 555-0126,joe.chung1048@example.com,59960 Vaughn Throughway,Gardnermouth,CA,92014,1EE5KT7JM94,H-00721,
C-01049,Samuel,Martin,1949-11-03,(850) 555-0162,samuel.martin1049@example.com,788 Samantha Manors Apt. 620,New Kaitlin,NE,69193,6FJ2WP5PW09,H-00722,
C-01050,Wendy,Wilson,1940-08-02,(621) 555-0121,wendy.wilson1050@example.com,67287 Kaitlyn Plaza,Rossport,ID,83505,5TA4AT1KQ97,H-00723,
C-01051,Sara,Mayer,1943-10-03,(786) 555-0143,,595 Donald Pike Apt. 958,Thomasborough,ID,83740,6QC1TA3YQ10,H-00724,
C-01052,Amanda,Benson,1944-04-24,(701) 555-0169,amanda.benson1052@example.com,87056 Edward Cliff,West Jacquelineborough,NE,69004,3E35X53WX67,H-00725,
C-01053,Mark,Benson,1937-04-02,(809) 555-0152,mark.benson1053@example.com,87056 Edward Cliff,West Jacquelineborough,NE,69004,1TF2WW3KD33,H-00725,
C-01054,Joshua,Reilly,1936-08-30,(475) 555-0166,,792 Michael Points,West Courtney,CA,92161,4A10T13PR58,H-00726,
C-01055,Curtis,Baker,1935-08-28,(683) 555-0175,curtis.baker1055@example.com,459 Villa Points Apt. 192,Lake Javierburgh,UT,84393,9QR9ED2FH21,H-00727,
C-01056,Marcus,Baxter,1949-11-19,(604) 555-0197,marcus.baxter1056@example.com,9994 Clark Alley Apt. 319,East Fred,NE,69382,8K04Q95HG55,H-00728,
C-01057,Jasmin,Schroeder,1959-10-16,(419) 555-0148,jasmin.schroeder1057@example.com,87675 Mason Crest,New Phillip,KY,41010,9WE9HT6VM18,H-00729,
C-01058,Angela,Jennings,1957-08-06,(449) 555-0141,angela.jennings1058@example.com,8581 Stephanie Roads Suite 268,Henryview,KY,40725,4BA3AV7QM77,H-00730,
C-01059,Wendy,Fitzpatrick,2005-01-27,(819) 555-0147,wendy.fitzpatrick1059@example.com,520 Wyatt Trail Suite 639,South Neil,MO,63594,,H-00731,
C-01060,Arthur,Lawson,1944-03-16,(428) 555-0105,arthur.lawson1060@example.com,5830 Murphy Land,Wesleytown,UT,84671,3Q74N56KY67,H-00732,
C-01061,Benjamin,Aguirre,1936-01-26,(435) 555-0138,benjamin.aguirre1061@example.com,760 Hill Centers Apt. 797,Thompsonside,VA,24472,2YT0EW1PW91,H-00733,
C-01062,Michaela,Edwards,1937-07-23,(550) 555-0121,michaela.edwards1062@example.com,222 Robert Vista,North Scottton,MO,73076,1FG1RX0WV75,H-00734,
C-01063,Joseph,Hernandez,1979-03-30,(837) 555-0181,,90552 Black Shores Suite 601,Port Kathleen,TX,76187,,H-00735,
C-01064,Steven,Wilson,1937-08-21,(923) 555-0144,,0493 Thompson Summit,West Joshuastad,CA,95188,2F98JH1XN58,H-00736,
C-01065,Mary,Wilson,1974-01-22,(923) 555-0144,mary.wilson1065@example.com,0493 Thompson Summit,West Joshuastad,CA,95188,,H-00736,
C-01066,Katie,Sheppard,1981-09-29,(276) 555-0116,,711 Ian Corners,West Brittany,KY,41838,,H-00737,
C-01067,Kristina,Sheppard,1977-03-18,(276) 555-0116,kristina.sheppard1067@example.com,711 Ian Corners,West Brittany,KY,41838,,H-00737,
C-01068,Brian,Anderson,1937-12-05,(666) 555-0186,brian.anderson1068@example.com,571 Kyle Springs,Lake Katelyn,TX,77335,4D07JC3JG49,H-00738,
C-01069,Michael,Kelly,1947-03-17,(423) 555-0114,michael.kelly1069@example.com,42956 Mary Groves Apt. 244,Bakerfort,PA,17892,5GU0TY9PX47,H-00739,
C-01070,Maria,Gordon,1952-05-03,(371) 555-0149,maria.gordon1070@example.com,209 Moore Port Apt. 654,West Holly,UT,84719,1HX0YV4QV56,H-00740,
C-01071,Rachel,Barrett,1940-06-18,(650) 555-0176,,83437 Johnson Crescent Apt. 727,Nathanfurt,UT,84758,7FQ3UT9GT11,H-00741,
C-01072,Marcus,Barrett,1937-09-15,(650) 555-0176,,83437 Johnson Crescent Apt. 727,Nathanfurt,UT,84758,3MH2JH3CF39,H-00741,
C-01073,Amy,Martin,1950-07-22,(396) 555-0143,amy.martin1073@example.com,502 Alvarez Junction,East Robinport,VA,23916,9NJ7CC6KK88,H-00742,
C-01074,Timothy,Burke,1944-09-28,(571) 555-0144,,9799 Simon Mountains,West Jennifer,AR,72021,7ZF5N50UW68,H-00743,
C-01075,Richard,Burke,1955-07-31,(571) 555-0144,richard.burke1075@example.com,9799 Simon Mountains,West Jennifer,AR,72021,8C81Y25WQ63,H-00743,
C-01076,Sherri,Sanford,1942-03-30,(378) 555-0173,,81664 Watkins Estates,West Olivia,UT,84389,8XQ4ME6AJ32,H-00744,
C-01077,James,Sanford,1949-10-16,(279) 555-0132,,81664 Watkins Estates,West Olivia,UT,84389,3G30D37PM54,H-00744,
C-01078,George,Gonzalez,1958-08-12,(678) 555-0140,george.gonzalez1078@example.com,50142 Ellis Expressway,Smithberg,CT,06616,8KK2CJ6CU85,H-00745,
C-01079,Holly,Mcdaniel,1951-10-28,(358) 555-0129,holly.mcdaniel1079@example.com,23361 Eric Point Suite 072,Coryside,CT,06776,2Y07AE5CE96,H-00746,
C-01080,Tracy,Jones,1956-06-02,(776) 555-0119,tracy.jones1080@example.com,673 Paul Island Apt. 654,Carlsonside,MO,63115,8A64X03UX58,H-00747,
C-01081,Jacob,Taylor,1960-02-06,(862) 555-0156,,92355 Mason Alley,Melendezbury,OR,97377,5E54GM8TJ96,H-00748,
C-01082,Susan,Johnson,1935-11-06,(682) 555-0193,susan.johnson1082@example.com,6156 Ronald Haven,Paulfort,NY,14073,8G84MH4HN49,H-00749,
C-01083,Shawn,Cruz,1942-09-07,(432) 555-0134,,26817 Michael Street Apt. 602,Davidhaven,VA,22666,1MF4UX6CA09,H-00750,
C-01084,Teresa,Richard,1934-07-23,(616) 555-0148,teresa.richard1084@example.com,660 Coleman Streets Apt. 978,Kimberlymouth,OH,45821,3CJ6YJ0YD40,H-00751,
C-01085,Steven,Graham,1950-02-28,(268) 555-0133,steven.graham1085@example.com,68612 Matthew Station,Jamesmouth,MT,59639,1DV4F99JH59,H-00752,
C-01086,Bill,Graham,1938-01-28,(285) 555-0145,bill.graham1086@example.com,68612 Matthew Station,Jamesmouth,MT,59639,1GG6G34TJ65,H-00752,
C-01087,Mark,Smith,1954-02-12,(270) 555-0182,mark.smith1087@example.com,5095 Simmons Spring Suite 084,West Michael,LA,70852,6NK0MG3EQ97,H-00753,
C-01088,Joshua,Jordan,1991-04-13,(726) 555-0160,joshua.jordan1088@example.com,150 Wright Corner,East Jessicafort,GA,31122,,H-00754,
C-01089,Teresa,Jordan,1948-05-27,(896) 555-0126,teresa.jordan1089@example.com,150 Wright Corner,East Jessicafort,GA,31122,4RM1GF4UK09,H-00754,
C-01090,Tina,Reyes,2001-12-05,(474) 555-0181,,897 Charles Landing,East Chelseaville,GA,31145,,H-00755,
C-01091,Christian,Reyes,1958-08-22,(533) 555-0168,christian.reyes1091@example.com,897 Charles Landing,East Chelseaville,GA,31145,6DF5JV0UV19,H-00755,
C-01092,John,Dickerson,1938-01-20,(522) 555-0145,john.dickerson1092@example.com,6024 Mary Meadows Apt. 394,Christinaside,TX,79708,2QR3GV2KR30,H-00756,
C-01093,Raymond,Williams,1960-02-10,(444) 555-0140,raymond.williams1093@example.com,9736 Burgess Tunnel,West Walter,ID,83755,1MF0NY8QV56,H-00757,
C-01094,Howard,Williams,1993-12-02,(444) 555-0140,howard.williams1094@example.com,9736 Burgess Tunnel,West Walter,ID,83755,5R31C33YF78,H-00757,
C-01095,Cheryl,Walker,1944-10-04,(769) 555-0166,cheryl.walker1095@example.com,0630 Sandoval Harbor Suite 795,East Jeffreymouth,CA,92531,9P96YC5CX65,H-00758,
C-01096,Jessica,Walker,1987-01-25,(769) 555-0166,jessica.walker1096@example.com,0630 Sandoval Harbor Suite 795,East Jeffreymouth,CA,92531,9E14TF3TH56,H-00758,
C-01097,Julia,Murray,1943-06-19,(857) 555-0132,,695 Alvarez Point Apt. 555,Lynnberg,UT,84513,,H-00759,
C-01098,Julie,Miller,1947-03-10,(247) 555-0144,julie.miller1098@example.com,264 Johnson Walk,Lake Tommystad,LA,70655,2VC7HX2AC25,H-00760,
C-01099,Alyssa,Miller,1956-12-02,(626) 555-0113,alyssa.miller1099@example.com,264 Johnson Walk,Lake Tommystad,LA,70655,9U12A71FK02,H-00760,
C-01100,Veronica,Mnning,1991-12-16,(612) 555-0180,veronica.manning1100@example.com,5770 Colleen Expressway Suite 966,Port Teresaside,UT,84085,,H-00761,
C-01101,Jessica,Waters,1935-10-24,(408) 555-0198,jessica.waters1101@example.com,269 Collin Forge Apt. 194,Port Erik,ID,83301,2MJ5GY4YJ07,H-00762,
C-01102,Steven,Simpson,1955-07-19,(568) 555-0112,steven.simpson1102@example.com,653 Lester Harbors Suite 515,Perezfurt,PA,19424,6QC0GF3CF34,H-00763,
C-01103,Margaret,Simpson,1999-10-30,(568) 555-0112,margaret.simpson1103@example.com,653 Lester Harbors Suite 515,Perezfurt,PA,19424,,H-00763,
C-01104,Anthony,Lopez,1955-06-12,(927) 555-0169,anthony.lopez1104@example.com,26408 Hines Shoal Apt. 169,Mccannchester,WV,26005,9M44U09CX86,H-00764,
C-01105,Christopher,Kennedy,1949-12-31,(466) 555-0188,christopher.kennedy1105@example.com,99819 Dougherty Islands,East Ashley,AL,35520,2J77JT1MP03,H-00765,
C-01106,Jamie,Kline,1935-08-15,(782) 555-0195,jamie.kline1106@example.com,96883 Stephen Stream Apt. 273,Davidland,CO,81210,2X59F35QY24,H-00766,
C-01107,Kaitlyn,Jones,1942-11-11,(403) 555-0196,kaitlyn.jones1107@example.com,3973 Teresa Parkway Apt. 952,South Jennifer,CO,80811,6D23GN1TX04,H-00767,
C-01108,Raymond,Carter,1946-05-01,(504) 555-0184,raymond.carter1108@example.com,761 Rosario Stravenue Apt. 980,Castilloton,WA,98812,2K55QK5UF27,H-00768,
C-01109,Daniel,Molina,1944-02-14,(834) 555-0180,,6876 Dale Vista,Katherineshire,WI,54033,4YE3Q39MD26,H-00769,
C-01110,Jenna,Ellis,1948-05-31,(862) 555-0171,,6523 Clark Court,Dawnland,MN,55389,2AW9Q05MR12,H-00770,
C-01111,Keith,Hernandez,1980-11-10,(732) 555-0175,keith.hernandez1111@example.com,5475 Lyons Port,Brookeberg,TX,77876,,H-00771,
C-01112,Jeffrey,Hernandez,1967-02-04,(508) 555-0171,jeffrey.hernandez1112@example.com,5475 Lyons Port,Brookeberg,TX,77876,8J07NX4YH30,H-00771,
C-01113,Jonathan,Villarreal,1951-08-18,(566) 555-0142,,544 Ashley Inlet Suite 742,East Catherine,TX,76678,7TK3JJ8MX65,H-00772,
C-01114,Jeremy,Villarreal,1960-09-03,(225) 555-0121,jeremy.villarreal1114@example.com,544 Ashley Inlet Suite 742,East Catherine,TX,76678,,H-00772,
C-01115,Dawn,Compton,1936-12-19,(739) 555-0148,,429 Jordan Stravenue,Woodsburgh,MO,64891,4YF7QW7DK13,H-00773,
C-01116,Brenda,Compton,1942-11-07,(941) 555-0119,,429 Jordan Stravenue,Woodsburgh,MO,64891,6TY2E81QF50,H-00773,
C-01117,Joshua,Walker,1977-09-24,(807) 555-0168,joshua.walker1117@example.com,567 Monica Orchard Apt. 760,West Jeffreyborough,VA,23126,,H-00774,
C-01118,Judith,Villanueva,1998-12-29,(608) 555-0195,judith.villanueva1118@example.com,357 Hudson Route,Port Juliehaven,ME,04232,,H-00775,
C-01119,Hannah,Stevenson,1988-10-25,(257) 555-0110,,061 Romero Groves Apt. 079,East Jonathan,DC,20522,7DR1XT3WK49,H-00776,
C-01120,Debra,Stevenson,1938-06-25,(599) 555-0106,debra.stevenson1120@example.com,061 Romero Groves Apt. 079,East Jonathan,DC,20522,7XY0W76UF33,H-00776,
C-01121,John,Clark,1954-09-21,(744) 555-0170,john.clark1121@example.com,72094 Davis Field,East Alexandraton,OH,43409,9Q64EU6DJ02,H-00777,
C-01122,Alec,Evans,1940-06-07,(552) 555-0117,alec.evans1122@example.com,1805 James Crescent Suite 173,New Bridgetfort,IL,60428,9F86T91GQ93,H-00778,
C-01123,Amanda,Baker,1971-02-21,(455) 555-0195,,73997 Johnathan Lodge Suite 725,Palmerport,KY,40897,,H-00779,
C-01124,Ryan,Jones,1965-01-29,(925) 555-0166,ryan.jones1124@example.com,8847 Tiffany Falls Suite 058,Simpsonburgh,LA,70077,6Y10Q22UV79,H-00780,
C-01125,Jason,Pennington,1954-07-19,(607) 555-0150,jason.pennington1125@example.com,75823 Kathryn Forest Suite 845,Garciaport,ID,83392,,H-00781,
C-01126,Emily,Pennington,1934-07-19,(607) 555-0150,emily.pennington1126@example.com,75823 Kathryn Forest Suite 845,Garciaport,ID,83392,2DD7HQ7AH86,H-00781,
C-01127,Kevin,Chase,1959-12-28,(948) 555-0120,kevin.chase1127@example.com,36229 Mark Path Suite 964,West Thomas,NY,13437,4C38FX2KW28,H-00782,
C-01128,Riley,Brown,1949-05-06,(852) 555-0156,riley.brown1128@example.com,5557 Coleman Lock,Smithfurt,SD,57121,1UF0DY7AW42,H-00783,
C-01129,Debbie,Brown,1936-06-16,(535) 555-0108,debbie.brown1129@example.com,5557 Coleman Lock,Smithfurt,SD,57121,6PN1AA5DC81,H-00783,
C-01130,Ann,Nguyen,1977-07-25,(629) 555-0101,ann.nguyen1130@example.com,4033 Phillips Landing,West Ronaldfurt,ID,83226,,H-00784,
C-01131,Teresa,Harrison,1955-12-20,(789) 555-0114,teresa.harrison1131@example.com,98741 John Islands,Davidshire,WI,54226,7QJ1R66YQ87,H-00785,
C-01132,Brandon,Harrison,1957-02-20,(789) 555-0114,brandon.harrison1132@example.com,98741 John Islands,Davidshire,WI,54226,1A18MM5WA15,H-00785,
C-01133,Nicole,Ruiz,1959-11-02,(618) 555-0178,nicole.ruiz1133@example.com,734 Brown Centers Suite 485,Mcleanville,SD,57237,7E33EN2NP23,H-00786,
C-01134,Donna,Payne,1938-04-28,(441) 555-0144,donna.payne1134@example.com,6229 Andrews Points,South Johnshire,IL,62038,6HY5C41DE52,H-00787,
C-01135,Angela,Payne,1955-03-10,(441) 555-0144,angela.payne1135@example.com,6229 Andrews Points,South Johnshire,IL,62038,8KW9AJ0KP88,H-00787,
C-01136,Erica,Cook,1937-03-29,(537) 555-0188,erica.cook1136@example.com,021 Krueger Lake Suite 325,Perezstad,MT,59589,6PX6TN7UY91,H-00788,
C-01137,Sue,Forbes,1942-02-06,(240) 555-0196,susan.forbes1137@example.com,9021 Simmons Valley Suite 080,Allenchester,OR,97070,6GG1HH6VY60,H-00789,
C-01138,Morgan,Forbes,1939-11-20,(208) 555-0187,,9021 Simmons Valley Suite 080,Allenchester,OR,97070,8KQ1E33XY79,H-00789,
C-01139,Christopher,Mathis,1956-12-26,(465) 555-0199,christopher.mathis1139@example.com,749 Walters Street Apt. 918,New Erichaven,OH,45382,8Q23C29AA73,H-00790,
C-01140,Sandra,Mathis,1939-10-30,(775) 555-0178,sandra.mathis1140@example.com,749 Walters Street Apt. 918,New Erichaven,OH,45382,5E70TQ9GR26,H-00790,
C-01141,Richard,Preston,1941-01-10,(794) 555-0183,richard.preston1141@example.com,64772 Jones Rue,Shawnchester,IN,46743,1T59XR5VN78,H-00791,
C-01142,Kelly,Preston,1992-04-28,(701) 555-0188,kelly.preston1142@example.com,64772 Jones Rue,Shawnchester,IN,46743,,H-00791,
C-01143,Kendra,Hernandez,1954-06-22,(714) 555-0141,kendra.hernandez1143@example.com,03562 Foley Prairie Suite 873,Patriciashire,AR,72365,4HR9XY5FW50,H-00792,
C-01144,Sarah,Harrell,1998-05-09,(360) 555-0133,sarah.harrell1144@example.com,2108 Kimberly Plains,Stephaniemouth,KY,42385,,H-00793,
C-01145,Anthony,Gould,1949-04-08,(243) 555-0119,anthony.gould1145@example.com,42643 Kelsey Burg,South David,MI,49942,7EU4DH6MK59,H-00794,
C-01146,Mikayla,Gould,1941-08-15,(352) 555-0161,mikayla.gould1146@example.com,42643 Kelsey Burg,South David,MI,49942,1RN0T36EF22,H-00794,
C-01147,Jenny,Gntry,1949-12-08,(205) 555-0132,jenny.gentry1147@example.com,0776 Jamie Light,North Tanyahaven,LA,70485,7H25RA7UU89,H-00795,
C-01148,Daniel,Scott,1959-09-17,(816) 555-0107,daniel.scott1148@example.com,31795 Perry Fords,Port Williamfort,IL,61892,4QX6FR9AG22,H-00796,
C-01149,Stephen,Scott,1946-11-06,(674) 555-0103,,31795 Perry Fords,Port Williamfort,IL,61892,2N11GC0HX34,H-00796,
C-01150,Adrian,Scott,1940-06-24,(974) 555-0187,,31795 Perry Fords,Port Williamfort,IL,61892,2YG9Q59FE05,H-00796,
C-01151,Phyllis,Blair,1959-04-23,(656) 555-0195,phyllis.blair1151@example.com,1554 Ryan Vista Suite 316,Smithview,IA,52359,8WW7G88FC63,H-00797,
C-01152,Donna,Cline,1941-12-09,(626) 555-0190,donna.cline1152@example.com,32902 Donald Mountains,North Caitlynborough,GA,30933,5UR0XR0RK72,H-00798,
C-01153,Colleen,Torres,1959-02-21,(680) 555-0158,,626 Greg Path Apt. 251,North Tyler,CT,06561,9VY7FW4FQ80,H-00799,
C-01154,Regina,Torres,1960-04-10,(680) 555-0158,regina.torres1154@example.com,626 Greg Path Apt. 251,North Tyler,CT,06561,9RC5Q36WV03,H-00799,
C-01155,Craig,Jackson,1955-05-02,(797) 555-0167,craig.jackson1155@example.com,500 Johnson Mountains Apt. 260,Farmerhaven,AR,71859,4P14D66AD99,H-00800,
C-01156,Diana,Anderson,1957-03-28,(942) 555-0187,diana.anderson1156@example.com,16117 Lucero Walks Suite 290,Thomasview,GA,31699,2CU4CM3JR89,H-00801,
C-01157,Mike,Anderson,1937-09-04,(942) 555-0187,michael.anderson1157@example.com,16117 Lucero Walks Suite 290,Thomasview,GA,31699,1X90C17CE78,H-00801,
C-01158,Jennifer,Paul,1940-11-27,(377) 555-0179,jennifer.paul1158@example.com,7932 Zachary Valley,East Donna,TX,73386,6J79RN9TM42,H-00802,
C-01159,Nicholas,Murphy,1951-09-11,(897) 555-0146,nicholas.murphy1159@example.com,133 Lopez Shoals Suite 579,Kathleenberg,KS,67336,4JT9J77RQ99,H-00803,
C-01160,Fernando,Norton,1935-03-30,(291) 555-0158,fernando.norton1160@example.com,060 Tiffany Bridge,Lake Austin,NE,68898,7VV1KK9YC80,H-00804,
C-01161,Wyatt,Rios,1954-06-30,(228) 555-0172,wyatt.rios1161@example.com,97753 Hayes Forest Suite 948,Wilsonview,MO,63942,6FT9EE1DC85,H-00805,
C-01162,Matthew,Rios,1963-04-20,(228) 555-0172,,97753 Hayes Forest Suite 948,Wilsonview,MO,63942,,H-00805,
C-01163,Anthony,Simmons,1938-01-02,(665) 555-0192,anthony.simmons1163@example.com,5787 Elizabeth Junctions,Bryanstad,CA,90384,3F16KF5YU20,H-00806,
C-01164,Christopher,Joyce,1939-05-24,(753) 555-0135,christopher.joyce1164@example.com,37118 Martinez Key,Shaunside,GA,31918,7AM2XJ7EU84,H-00807,
C-01165,Alyssa,Hart,1946-02-24,(716) 555-0166,alyssa.hart1165@example.com,8323 James Summit,Aliciaberg,GA,30844,8XW8TU5MK58,H-00808,
C-01166,Megan,Montgomery,1938-02-11,(908) 555-0142,,583 Nicholas Courts,Lake Cynthia,IA,51300,4KQ3VY0EF48,H-00809,
C-01167,Patricia,Stanton,1953-10-07,(264) 555-0159,patricia.stanton1167@example.com,963 Williams Locks,Peterhaven,CO,81152,7NY4VA5JE60,H-00810,
C-01168,Taylor,Stanton,2001-08-09,(768) 555-0151,taylor.stanton1168@example.com,963 Williams Locks,Peterhaven,CO,81152,,H-00810,
C-01169,Robert,Brown,1951-04-07,(723) 555-0142,robert.brown1169@example.com,401 Erickson Skyway,Jasonland,VT,05997,7JP6N24DV02,H-00811,
C-01170,Stacy,Perez,1937-11-25,(524) 555-0178,stacy.perez1170@example.com,2362 Myers Fields,Port Michael,VA,23705,9V82WM7CN20,H-00812,
C-01171,Alexandria,Meyer,1995-09-23,(973) 555-0121,alexandria.meyer1171@example.com,1923 Thomas Harbor,Alexville,KY,42693,,H-00813,
C-01172,Gary,Simmons,1936-04-11,(340) 555-0154,gary.simmons1172@example.com,74189 Hernandez Throughway Suite 406,Danielmouth,NE,68949,8QA3FA8UT83,H-00814,
C-01173,Jenna,Simmons,1953-05-18,(556) 555-0196,jenna.simmons1173@example.com,74189 Hernandez Throughway Suite 406,Danielmouth,NE,68949,6UJ5RG3FT70,H-00814,
C-01174,Danielle,Conway,1977-09-20,(330) 555-0121,danielle.conway1174@example.com,3811 Allen Vista Suite 660,Port Kaylaview,ME,04985,,H-00815,
C-01175,Mark,Conway,1940-10-08,(793) 555-0157,,3811 Allen Vista Suite 660,Port Kaylaview,ME,16385,8CM1ER7WW15,H-00815,
C-01176,Daniel,Williams,1979-01-11,(471) 555-0195,daniel.williams1176@example.com,1017 Brenda Forges Suite 417,Obrienfurt,TX,79943,8JH2GY1GM89,H-00816,
C-01177,Kristin,Reed,1937-05-12,(632) 555-0135,kristin.reed1177@example.com,113 Carpenter Station,Ochoaton,MT,59933,,H-00817,
C-01178,Melissa,Reed,1943-08-24,(521) 555-0174,melissa.reed1178@example.com,113 Carpenter Station,Ochoaton,MT,59933,2P63HT4HN67,H-00817,
C-01179,Melissa,Daniel,1987-04-04,(549) 555-0172,melissa.daniel1179@example.com,6039 Andrew Isle,West Samanthatown,UT,84559,,H-00818,
C-01180,Jon,Daniel,1940-03-17,(914) 555-0174,jon.daniel1180@example.com,6039 Andrew Isle,West Samanthatown,UT,84559,2TE4VP4DW39,H-00818,
C-01181,George,Norman,1957-08-28,(927) 555-0123,george.norman1181@example.com,3470 Ellis Roads Suite 238,Joystad,AR,72897,6UM4NF0HC27,H-00819,
C-01182,Vincent,Norman,1951-07-05,(294) 555-0121,vincent.norman1182@example.com,3470 Ellis Roads Suite 238,Joystad,AR,72897,5MA2XH6JM09,H-00819,
C-01183,Kate,Fowler,1964-06-02,(533) 555-0138,katherine.fowler1183@example.com,5983 Poole Courts,Lake Richardfort,MI,49932,,H-00820,
C-01184,Regina,Perkins,1945-08-27,(439) 555-0133,regina.perkins1184@example.com,7557 Fischer Extension,Allenborough,KY,42493,7G87RW6DG73,H-00821,
C-01185,Stephanie,Garcia,1950-12-19,(430) 555-0105,stephanie.garcia1185@example.com,826 James Course Suite 425,Randyfurt,MD,21510,1WW8DX6RM52,H-00822,
C-01186,Jeremiah,Sanchez,1944-07-16,(945) 555-0189,jeremiah.sanchez1186@example.com,915 Scott Canyon Apt. 824,South Jeffreybury,KY,41271,7UC4D97DA38,H-00823,
C-01187,Reginald,Stone,1936-03-15,(705) 555-0109,,04309 Massey Mall,South Jacob,NE,68703,8TP2P27FJ16,H-00824,
C-01188,Barbara,Stone,1955-11-03,(888) 555-0195,,04309 Massey Mall,South Jacob,NE,68703,1N47AH9YQ30,H-00824,
C-01189,John,Andersen,1934-09-27,(794) 555-0163,,454 Wood Freeway Suite 851,West Michelle,WI,53103,,H-00825,
C-01190,Steve,Copeland,1959-12-11,(376) 555-0131,steve.copeland1190@example.com,87851 Jennifer Stravenue,South Joseph,MD,21683,6W62PW5KP51,H-00826,
C-01191,Stacey,Hudson,1938-01-24,(708) 555-0169,,9612 Ann Points Apt. 572,Lake Michaelview,SD,57354,4FJ8AC4JR47,H-00827,
C-01192,Jessica,Hudson,1948-06-05,(708) 555-0169,jessica.hudson1192@example.com,9612 Ann Points Apt. 572,Lake Michaelview,SD,57354,1QJ1TN5GX77,H-00827,
C-01193,Brenda,Baird,1950-10-20,(579) 555-0156,brenda.baird1193@example.com,2637 Ryan Spring Suite 539,Thomasside,KS,66910,2DR8QE1MQ03,H-00828,
C-01194,Michelle,Baird,1952-03-21,(465) 555-0122,michelle.baird1194@example.com,2637 Ryan Spring Suite 539,Thomasside,KS,66910,9JQ8K93UT14,H-00828,
C-01195,Carolyn,Wright,1991-08-15,(624) 555-0182,,591 Christina Pines,Crossborough,NE,69152,3U42JV6XU42,H-00829,
C-01196,Katherine,Wright,1981-10-30,(257) 555-0174,katherine.wright1196@example.com,591 Christina Pines,Crossborough,NE,69152,,H-00829,
C-01197,Harry,Wright,1949-09-15,(635) 555-0103,harry.wright1197@example.com,591 Christina Pines,Crossborough,NE,69152,7K70JK8KW43,H-00829,
C-01198,Dillon,Horton,1941-03-17,(386) 555-0176,dillon.horton1198@example.com,71511 Berry Spur,Ballardfurt,NJ,07339,3D37P76FU52,H-00830,
C-01199,Matthew,Horton,1935-05-09,(527) 555-0174,matthew.horton1199@example.com,71511 Berry Spur,Ballardfurt,NJ,07339,6E66HW3GR48,H-00830,
C-01200,Cynthia,Duke,1946-03-08,(956) 555-0194,cynthia.duke1200@example.com,5264 Davis Green,Gonzalezstad,KY,40487,5XM8MD4GJ55,H-00831,
C-01201,Matthew,Duke,1945-10-29,(930) 555-0179,,5264 Davis Green,Gonzalezstad,KY,40487,2HC2R85QK77,H-00831,
C-01202,Allison,Stuart,1952-03-20,(284) 555-0113,,409 Tina Circle,Codytown,DE,19753,9JC9TP4GM73,H-00832,
C-01203,Adam,Stuart,1963-01-27,(773) 555-0186,,409 Tina Circle,Codytown,DE,19753,,H-00832,
C-01204,Audrey,Greene,1955-08-18,(945) 555-0198,audrey.greene1204@example.com,0995 Stephanie Field Suite 283,Collinberg,GA,39818,1WG2QU9XC96,H-00833,
C-01205,Pat,Greene,1953-12-13,(570) 555-0158,patricia.greene1205@example.com,0995 Stephanie Field Suite 283,Collinberg,GA,39818,5Q48FE0AH70,H-00833,
C-01206,Felicia,Rodriguez,1953-07-09,(983) 555-0155,,270 Savannah Underpass,Port Sarahport,NE,69290,1X88JK8KY26,H-00834,
C-01207,Brittany,Rodriguez,1945-05-08,(476) 555-0143,brittany.rodriguez1207@example.com,270 Savannah Underpass,Port Sarahport,NE,69290,8FR7QP4DY82,H-00834,
C-01208,Cameron,Barnett,1955-02-20,(607) 555-0178,,73929 Pace Shoals,Bowersville,DE,19739,4CH2Q14PG57,H-00835,
C-01209,April,Garcia,1956-05-15,(289) 555-0155,april.garcia1209@example.com,2373 Williams Circle,Cochranshire,NE,68442,6EF5WH7XX00,H-00836,
C-01210,Elizabeth,Garcia,1952-07-27,(289) 555-0155,,2373 Williams Circle,Cochranshire,NE,68442,7G48JT2JU22,H-00836,
C-01211,Ronald,Raymond,1937-02-15,(413) 555-0132,ronald.raymond1211@example.com,998 Sherman Row Apt. 452,Gallagherport,IN,46483,4H11W88HW45,H-00837,
C-01212,Ryan,Raymond,1953-02-18,(413) 555-0132,ryan.raymond1212@example.com,998 Sherman Row Apt. 452,Gallagherport,IN,46483,6EU6X16WA64,H-00837,
C-01213,Holly,Townsend,1938-07-19,(662) 555-0125,holly.townsend1213@example.com,0715 Lynch Inlet,Gayport,KY,42085,7VV5YH4FV83,H-00838,
C-01214,Allison,Townsend,1962-06-15,(362) 555-0155,allison.townsend1214@example.com,0715 Lynch Inlet,Gayport,KY,42085,,H-00838,
C-01215,Mike,Cruz,2004-07-28,(283) 555-0187,michael.cruz1215@example.com,14998 Danielle Streets,New Anthonyport,ID,83446,,H-00839,
C-01216,Jennifer,Stafford,1933-12-15,(707) 555-0153,jennifer.stafford1216@example.com,688 William Springs,East Coreyburgh,VA,22638,4FW9P39DA38,H-00840,
C-01217,Rebecca,Roberts,1947-06-07,(653) 555-0137,rebecca.roberts1217@example.com,373 Brandon Light,Lake Darren,SC,29386,6YM0HW9PN46,H-00841,
C-01218,Hannah,Nelson,1946-06-19,(217) 555-0184,hannah.nelson1218@example.com,63560 Donald Gateway Suite 694,Lake Jill,TX,79611,3P36TH2GH48,H-00842,
C-01219,Rachel,Wilson,1937-09-20,(413) 555-0195,rachel.wilson1219@example.com,6437 Greene Road Suite 072,North Dana,MO,63177,5M97W89HU85,H-00843,
C-01220,Tracy,Wilson,1947-05-05,(925) 555-0184,tracy.wilson1220@example.com,6437 Greene Road Suite 072,North Dana,MO,63177,9EA4P47JK66,H-00843,
C-01221,Isaac,Wison,1936-10-02,(211) 555-0138,isaac.wilson1221@example.com,6437 Greene Road Suite 072,North Dana,MO,63177,1NQ6P91WH78,H-00843,
C-01222,Wendy,Martinez,1942-09-11,(721) 555-0140,wendy.martinez1222@example.com,46484 Foley Green Apt. 163,New Meghanborough,LA,71151,1FJ0V79XQ46,H-00844,
C-01223,Kayla,Ramos,1958-01-08,(441) 555-0164,kayla.ramos1223@example.com,1130 Lopez Track Apt. 369,Samuelberg,ID,83504,5RY4QR0MX03,H-00845,
C-01224,Elizabeth,Ramos,1979-10-10,(441) 555-0164,elizabeth.ramos1224@example.com,1130 Lopez Track Apt. 369,Samuelberg,ID,83504,,H-00845,
C-01225,Brian,Valenzuela,1951-06-13,(326) 555-0140,brian.valenzuela1225@example.com,50902 Villarreal Glen,West Steven,AR,71638,,H-00846,
C-01226,Norman,Valenzuela,1959-03-18,(870) 555-0111,norman.valenzuela1226@example.com,50902 Villarreal Glen,West Steven,AR,71638,2H96PC5NE91,H-00846,
C-01227,Douglas,Hawkins,1976-11-23,(812) 555-0126,douglas.hawkins1227@example.com,132 Matthew Stravenue Suite 071,New Allison,WV,24961,9PA7EY6DF93,H-00847,
C-01228,Tamara,Hawkins,1944-10-20,(208) 555-0168,,132 Matthew Stravenue Suite 071,New Allison,WV,24961,8PV8PQ2TK80,H-00847,
C-01229,Brian,Hawkins,1957-03-17,(208) 555-0168,,132 Matthew Stravenue Suite 071,New Allison,WV,24961,2RN7DG1EW60,H-00847,
C-01230,Adam,Sutton,1939-04-10,(769) 555-0184,adam.sutton1230@example.com,8809 Jennifer Islands,Benjaminville,ID,83254,2A89Q01XQ80,H-00848,
C-01231,Renee,Banks,1937-12-20,(460) 555-0132,renee.banks1231@example.com,069 Melody Track,New Amytown,WI,53066,7C88D29UE40,H-00849,
C-01232,Greg,Walsh,1944-09-14,(897) 555-0194,greg.walsh1232@example.com,9673 Salazar Key Suite 727,Jeffreyport,KY,40075,8KN6RY8JY85,H-00850,
C-01233,Rick,Clark,1946-02-23,(568) 555-0158,,2506 Thomas Mount Suite 836,Port Courtney,AL,36079,9MT6QY1YP30,H-00851,
C-01234,Stacy,Carroll,1960-07-25,(903) 555-0149,stacy.carroll1234@example.com,7767 Morgan Shores Suite 283,East Jennifer,ID,83486,8QD1QQ2WQ60,H-00852,
C-01235,Jessica,Carroll,1962-03-04,(930) 555-0148,jessica.carroll1235@example.com,7767 Morgan Shores Suite 283,East Jennifer,ID,83486,,H-00852,
C-01236,Pamela,Morgan,1945-07-26,(246) 555-0120,pamela.morgan1236@example.com,8654 Philip Mountains Apt. 874,Williamsborough,NE,69137,3NF4GH5FN60,H-00853,
C-01237,Leslie,Hernandez,1937-06-07,(548) 555-0198,leslie.hernandez1237@example.com,627 Heather Lights Apt. 492,Andrewsborough,IL,61107,4EV4P96AN99,H-00854,
C-01238,John,Hernandez,1952-06-08,(484) 555-0189,john.hernandez1238@example.com,627 Heather Lights Apt. 492,Andrewsborough,IL,61107,2K70W97VJ43,H-00854,
C-01239,Christopher,Rivera,2000-06-12,(638) 555-0167,,5998 Erica Turnpike,North Andrewton,TX,75514,,H-00855,
C-01240,Nicole,Moore,1951-07-10,(553) 555-0159,nicole.moore1240@example.com,23415 Silva Village Suite 752,Kevinside,AR,71687,7H15PV7TM52,H-00856,
C-01241,Frank,Moore,1987-06-28,(781) 555-0149,frank.moore1241@example.com,23415 Silva Village Suite 752,Kevinside,AR,71687,,H-00856,
C-01242,Sean,Thomas,1937-01-05,(456) 555-0132,,962 Graves Harbors,North Elizabeth,IL,61005,3AK7QU6QQ08,H-00857,
C-01243,Seth,Armstrong,1957-10-16,(421) 555-0191,,67672 Brenda Viaduct,Sarahshire,KY,42485,9PY3EP2QF10,H-00858,
C-01244,Savannah,Rodriguez,1934-11-30,(494) 555-0145,savannah.rodriguez1244@example.com,9551 Jones Dale,Ericaberg,KY,40235,8MK3HD9YU11,H-00859,
C-01245,Susan,Rodriguez,2000-09-19,(965) 555-0126,susan.rodriguez1245@example.com,9551 Jones Dale,Ericaberg,KY,40235,,H-00859,
C-01246,Gary,Butler,1940-08-27,(737) 555-0164,gary.butler1246@example.com,541 Morrison Union,Smithshire,MI,49789,8BQ0FE5XX27,H-00860,
C-01247,Melissa,Butler,1959-06-16,(565) 555-0170,melissa.butler1247@example.com,541 Morrison Union,Smithshire,MI,49789,3J79NK8CT04,H-00860,
C-01248,Wendy,Baker,1995-06-10,(709) 555-0132,wendy.baker1248@example.com,480 Flores Expressway,Lake Johnport,MI,49592,6QA0TQ2GW21,H-00861,
C-01249,Matthew,Baker,1941-06-18,(709) 555-0132,matthew.baker1249@example.com,480 Flores Expressway,Lake Johnport,MI,49592,5P09RX2CQ66,H-00861,
C-01250,Barry,James,1943-08-16,(734) 555-0193,barry.james1250@example.com,715 David Road Apt. 904,Gonzalezfort,IL,60643,5RP1FK2EA63,H-00862,
C-01251,Shannon,Miller,1937-04-11,(298) 555-0110,,655 Russell Junctions Apt. 548,South Juan,VA,23967,9PX4GD9JU93,H-00863,
C-01252,Emily,Miller,1945-03-28,(298) 555-0110,emily.miller1252@example.com,655 Russell Junctions Apt. 548,South Juan,VA,71667,9RD3MD7KY19,H-00863,
C-01253,Jennifer,Jones,1948-08-04,(822) 555-0101,jennifer.jones1253@example.com,102 John Fall Suite 129,Port Christopher,IA,50677,2DD3YE5MV04,H-00864,
C-01254,Jill,Jons,1960-08-18,(822) 555-0101,jill.jones1254@example.com,102 John Fall Suite 129,Port Christopher,IA,50677,7E56K67YA49,H-00864,
C-01255,Jacob,House,1939-03-14,(597) 555-0157,,129 Welch Isle Apt. 910,East Samantha,VA,24029,4TG6MJ2CP86,H-00865,
C-01256,Tyler,Erickson,1945-02-04,(655) 555-0179,tyler.erickson1256@example.com,63301 Flores Pines,South Lisa,ID,83487,6M19E67UH26,H-00866,
C-01257,Jasmin,Erickson,1936-12-24,(655) 555-0179,jasmin.erickson1257@example.com,63301 Flores Pines,South Lisa,ID,83487,9N19UH5VQ79,H-00866,
C-01258,Jacob,Gil,1952-04-13,(560) 555-0176,jacob.gill1258@example.com,9072 Christopher Flat Suite 289,Lake David,ID,83897,7QY4X04TD55,H-00867,
C-01259,Frances,Zamora,1940-09-29,(574) 555-0130,frances.zamora1259@example.com,26949 Hunter Heights Apt. 645,New Adrian,MD,21003,9YQ5J09KN03,H-00868,
C-01260,Catherine,Wolfe,1945-12-08,(947) 555-0168,catherine.wolfe1260@example.com,10175 Christine Viaduct Suite 170,West Briannastad,MN,55725,2JR9QM8CK07,H-00869,
C-01261,Susan,Wolfe,1996-03-07,(947) 555-0168,susan.wolfe1261@example.com,10175 Christine Viaduct Suite 170,West Briannastad,MN,55725,,H-00869,
C-01262,Bob,Vazquez,1980-02-23,(454) 555-0127,,575 Wood Hills Suite 583,New George,MI,49435,,H-00870,
C-01263,Alexis,Ross,1951-08-27,(351) 555-0106,alexis.ross1263@example.com,6777 Douglas Terrace Suite 602,Patrickberg,CO,81076,3UR0U58EY51,H-00871,
C-01264,Lacey,Ross,1972-06-23,(223) 555-0154,lacey.ross1264@example.com,6777 Douglas Terrace Suite 602,Patrickberg,CO,81076,,H-00871,
C-01265,Kevin,Myers,1947-09-15,(885) 555-0196,kevin.myers1265@example.com,92310 Kennedy Groves,Jamesfort,KY,40044,7VU5R47CU18,H-00872,
C-01266,Stephanie,Myers,1940-06-08,(885) 555-0196,stephanie.myers1266@example.com,92310 Kennedy Groves,Jamesfort,KY,40044,5PY9VM1HJ76,H-00872,
C-01267,April,Thomas,1940-04-30,(666) 555-0167,april.thomas1267@example.com,37976 Valentine Estate Suite 051,West Janiceport,CO,81504,9H50JK8PT36,H-00873,
C-01268,Troy,Thomas,1994-01-11,(666) 555-0167,troy.thomas1268@example.com,37976 Valentine Estate Suite 051,West Janiceport,CO,81504,,H-00873,
C-01269,Matthew,Moreno,1944-05-18,(474) 555-0105,matthew.moreno1269@example.com,7042 Mccoy Spur,Carrberg,CO,80254,6XH0HG0TP60,H-00874,
C-01270,Rachel,Schultz,1953-09-21,(370) 555-0131,rachel.schultz1270@example.com,259 Brown Mission Suite 633,Haleymouth,AR,71877,7PK0JA7YX15,H-00875,
C-01271,Thomas,Schultz,1941-04-02,(813) 555-0184,thomas.schultz1271@example.com,259 Brown Mission Suite 633,Haleymouth,AR,71877,6AA4FH1WF06,H-00875,
C-01272,Lawrence,Zamora,1944-04-01,(744) 555-0136,,595 Rachel Islands Apt. 993,South Anna,FL,33138,8HX8FK5NJ81,H-00876,
C-01273,Nicole,Zamora,1942-04-03,(301) 555-0164,nicole.zamora1273@example.com,595 Rachel Islands Apt. 993,South Anna,FL,33138,6P07R48VD55,H-00876,
C-01274,Michael,Josph,1950-09-24,(981) 555-0137,michael.joseph1274@example.com,95187 Morrison Stream Suite 176,Port Kayla,NE,68594,5X31N30VX24,H-00877,
C-01275,Kimberly,Joseph,1938-06-16,(714) 555-0158,kimberly.joseph1275@example.com,95187 Morrison Stream Suite 176,Port Kayla,NE,68594,9D70V42FT75,H-00877,
C-01276,Sandra,Lopez,1948-12-05,(455) 555-0161,sandra.lopez1276@example.com,30559 Hoffman Tunnel Suite 575,Port Lisa,RI,02816,1AU0M75PY48,H-00878,
C-01277,James,Evans,1950-09-16,(662) 555-0155,james.evans1277@example.com,0388 Wright Lane,Haynestown,ID,83219,1QM1F92UF76,H-00879,
C-01278,Kenneth,Evans,1934-09-06,(538) 555-0146,kenneth.evans1278@example.com,0388 Wright Lane,Haynestown,ID,83219,6NW3MP5YN56,H-00879,
C-01279,Sean,Moore,1966-04-02,(509) 555-0195,sean.moore1279@example.com,615 Parsons Drive,Garrettside,SD,57665,,H-00880,
C-01280,Lee,Moore,1939-02-20,(256) 555-0171,lee.moore1280@example.com,615 Parsons Drive,Garrettside,SD,57665,2XT9JJ6WQ09,H-00880,
C-01281,Marie,Thomas,1959-03-27,(896) 555-0103,marie.thomas1281@example.com,4397 Martin Crossroad Suite 010,Angelastad,UT,84582,4YD1EP3GC26,H-00881,
C-01282,Sara,Crawford,1989-12-27,(390) 555-0100,sara.crawford1282@example.com,065 Thompson Ridge Apt. 459,New Brianberg,KY,41805,,H-00882,
C-01283,Amy,Vasquez,1946-02-22,(733) 555-0112,amy.vasquez1283@example.com,18231 Compton Junction,South Matthewland,KY,40957,5F30WJ4VD24,H-00883,
C-01284,Brian,Grant,1941-06-24,(984) 555-0121,brian.grant1284@example.com,628 Lisa Mission Apt. 143,North Deanna,NE,68535,7RJ7Y55VD87,H-00884,
C-01285,Megan,Grant,1950-05-27,(231) 555-0132,megan.grant1285@example.com,628 Lisa Mission Apt. 143,North Deanna,NE,68535,7QM2HY4AF69,H-00884,
C-01286,Kathy,Smith,1956-05-30,(866) 555-0180,,0033 Stephanie Dam,Marcusfurt,NC,28723,3KQ8UF2CJ73,H-00885,
C-01287,Edwin,Sanders,1935-04-16,(708) 555-0164,edwin.sanders1287@example.com,68103 Jason Prairie Suite 051,Williamburgh,PA,18341,6T16P67VQ80,H-00886,
C-01288,Mark,Cook,1979-06-09,(462) 555-0177,mark.cook1288@example.com,944 Dixon Estate,Port Cathy,IL,60881,,H-00887,
C-01289,Jorge,Cook,1955-09-10,(462) 555-0177,jorge.cook1289@example.com,944 Dixon Estate,Port Cathy,IL,60881,9RT4T21PF03,H-00887,
C-01290,Linda,Williams,1950-09-06,(442) 555-0128,linda.williams1290@example.com,470 Morrison Run,Harrisville,LA,71212,4G62XV7RR32,H-00888,
C-01291,Jay,Bridges,1958-01-23,(242) 555-0195,jay.bridges1291@example.com,94394 Ford Rue,New Pamela,AK,99551,3YD8KP7MX65,H-00889,
C-01292,Andrew,Bridges,1957-08-05,(421) 555-0140,,94394 Ford Rue,New Pamela,AK,99551,9HC4A07UP13,H-00889,
C-01293,Laura,Carlson,1934-07-14,(671) 555-0114,laura.carlson1293@example.com,25376 Ellis Lock,South Timothy,MO,64125,3TM3DG6RR56,H-00890,
C-01294,Colton,Ali,1950-04-11,(350) 555-0132,colton.ali1294@example.com,91009 Mercedes Harbor,West Seanshire,SD,57697,3C13Q07CF75,H-00891,
C-01295,Micheal,Ali,1950-02-07,(273) 555-0122,micheal.ali1295@example.com,91009 Mercedes Harbor,West Seanshire,SD,57697,9D76T79HG35,H-00891,
C-01296,Paige,Conrad,1945-04-15,(528) 555-0110,paige.conrad1296@example.com,5146 Kenneth Bypass,West Donaldmouth,PA,18789,8XM3F71VJ02,H-00892,
C-01297,Lauren,Conrad,1950-12-27,(528) 555-0110,lauren.conrad1297@example.com,5146 Kenneth Bypass,West Donaldmouth,PA,18789,2CY3HM6PJ36,H-00892,
C-01298,Jessica,Castillo,1952-06-04,(754) 555-0136,jessica.castillo1298@example.com,07201 Jenny Motorway,Josephshire,ID,83273,3E57A64TC12,H-00893,
C-01299,Bradley,Ray,1946-03-22,(584) 555-0104,bradley.ray1299@example.com,16600 Reynolds Mountain,Thompsontown,NE,68157,2U33XJ0DC55,H-00894,
C-01300,Wendy,Patrick,1980-05-01,(860) 555-0163,wendy.patrick1300@example.com,4734 Emily Well,East Hannah,ID,83536,5P62NX3PT07,H-00895,
C-01301,Tom,Bryant,1934-08-29,(874) 555-0149,thomas.bryant1301@example.com,687 Jennifer Summit,West Michaelstad,CO,80480,1EA9JR0XD94,H-00896,
C-01302,Tonya,Watson,1938-10-13,(225) 555-0144,tonya.watson1302@example.com,5882 Moss Key,Thompsonfurt,SD,57267,8U50DK9TF68,H-00897,
C-01303,Katrina,Watson,1980-04-28,(225) 555-0144,,5882 Moss Key,Thompsonfurt,SD,57267,,H-00897,
C-01304,Debbie,Middleton,1952-12-14,(879) 555-0158,debbie.middleton1304@example.com,786 Ali Corners,Nicolemouth,MO,63504,9YG5CC7PE67,H-00898,
C-01305,Veronica,Gilmore,1951-01-19,(702) 555-0193,veronica.gilmore1305@example.com,205 Carol Plains Apt. 923,Millerchester,NY,14514,6WM3WJ5QY99,H-00899,
C-01306,Matthew,Mckinney,1945-08-05,(856) 555-0173,matthew.mckinney1306@example.com,190 Michael Shores,Lake Jeremy,WA,98454,4HP3CH1JW78,H-00900,
C-01307,Dawn,Perez,1955-11-30,(763) 555-0162,dawn.perez1307@example.com,5868 Robinson Keys,Wattsville,MN,55842,9EE2WG6XX34,H-00901,
C-01308,Jason,Turner,1960-05-29,(672) 555-0165,jason.turner1308@example.com,308 Tyler Cliffs,Johnfurt,FL,33482,8P60NN7UU91,H-00902,
C-01309,Mike,Henderson,1948-01-22,(913) 555-0109,,00041 Jacob Trail,North Jonville,KY,40764,3TG0YK8CH69,H-00903,
C-01310,Richard,Henerson,1935-01-08,(913) 555-0109,richard.henderson1310@example.com,00041 Jacob Trail,North Jonville,KY,40764,7X44J49KK10,H-00903,
C-01311,Michelle,Haynes,1939-11-22,(310) 555-0167,,6534 Harvey Neck Apt. 707,Michaelview,MO,63400,2HF9JP7NH84,H-00904,
C-01312,Amy,Wells,1939-07-11,(295) 555-0152,amy.wells1312@example.com,169 Avery Spur Suite 060,Blakeland,SC,29082,6NM6GA2EJ54,H-00905,
C-01313,Chris,Wells,1974-08-20,(453) 555-0185,christopher.wells1313@example.com,169 Avery Spur Suite 060,Blakeland,SC,29082,,H-00905,
C-01314,Gabriela,Davis,1963-09-06,(251) 555-0192,gabriela.davis1314@example.com,6539 Johnson Inlet,Robinsonchester,NE,68887,,H-00906,
C-01315,Brandon,Valdez,1958-07-03,(337) 555-0109,brandon.valdez1315@example.com,718 Steven Square,Solisside,ID,83343,5EU5QD6VC95,H-00907,
C-01316,Eric,Rodriguez,1956-01-10,(569) 555-0193,,872 Carter Estates,West Carolynchester,CA,92850,2N86NW1TY15,H-00908,
C-01317,Mary,Rodriguez,1940-08-03,(306) 555-0183,mary.rodriguez1317@example.com,872 Carter Estates,West Carolynchester,CA,92850,5VE4EM0DH85,H-00908,
C-01318,Brandy,Glenn,1944-01-13,(601) 555-0151,brandy.glenn1318@example.com,7306 Kelsey Cape,Ianmouth,AL,36782,5WD8FT2YE36,H-00909,
C-01319,Trevor,Glenn,1950-06-26,(937) 555-0114,trevor.glenn1319@example.com,7306 Kelsey Cape,Ianmouth,AL,36782,1EE3CV5FH15,H-00909,
C-01320,Micheal,Hurst,1950-03-13,(352) 555-0192,micheal.hurst1320@example.com,112 David Rapids Apt. 775,Smithhaven,ID,83716,2J42AF5JK23,H-00910,
C-01321,William,Wells,1986-09-05,(918) 555-0163,william.wells1321@example.com,7046 Jones Corners,Nataliestad,VT,05790,,H-00911,
C-01322,Kristy,Jones,1958-09-22,(973) 555-0176,kristy.jones1322@example.com,10219 Elizabeth Mission,Angelafort,IL,62727,8FM7FP4GR54,H-00912,
C-01323,Brian,Smith,1956-12-23,(527) 555-0189,,618 Jesse Drive,Deanfurt,FL,33870,4Q03G47WR80,H-00913,
C-01324,Kristin,Smith,1948-12-09,(527) 555-0189,,618 Jesse Drive,Deanfurt,FL,33870,7XX2D03NJ47,H-00913,
C-01325,Laurie,Valencia,1965-11-22,(610) 555-0125,laurie.valencia1325@example.com,498 Kevin Valleys,West Samantha,KS,67936,,H-00914,
C-01326,Jacob,Valencia,1942-04-01,(875) 555-0173,jacob.valencia1326@example.com,498 Kevin Valleys,West Samantha,KS,67936,5WK5K32GP95,H-00914,
C-01327,Veronica,Woods,1949-08-06,(921) 555-0112,veronica.woods1327@example.com,7312 Tran Road Apt. 228,Port Kathleen,RI,02874,7UM5E13RJ65,H-00915,
C-01328,Charles,Woods,1938-01-25,(678) 555-0105,,7312 Tran Road Apt. 228,Port Kathleen,RI,02874,4GH8EF8DT18,H-00915,
C-01329,Jessica,Lee,1942-02-27,(273) 555-0120,,65346 Karen Canyon,Kimberlytown,KS,66515,4DD4Y63JE08,H-00916,
C-01330,Anthony,Reynolds,1944-09-22,(228) 555-0130,anthony.reynolds1330@example.com,7932 Mendez Turnpike Suite 239,Tylerland,NE,69103,9P21C90FD82,H-00917,
C-01331,Carl,Reyolds,1939-12-25,(228) 555-0130,carl.reynolds1331@example.com,7932 Mendez Turnpike Suite 239,Tylerland,NE,69103,4G41MX9XU03,H-00917,
C-01332,Samantha,Jacobs,1949-08-29,(222) 555-0137,,205 Long Mountain,Kevinside,FL,32939,1DA4EH1JN55,H-00918,
C-01333,Brooke,Bater,1996-10-30,(910) 555-0159,brooke.baxter1333@example.com,769 Taylor Course Suite 588,West Crystalview,TX,77696,,H-00919,
C-01334,Jeremy,Baxter,1946-03-26,(423) 555-0164,jeremy.baxter1334@example.com,769 Taylor Course Suite 588,West Crystalview,TX,77696,2F53YW1WX39,H-00919,
C-01335,Leah,Buchanan,1973-08-19,(668) 555-0192,leah.buchanan1335@example.com,93543 Holmes Loop Suite 496,Port Chloe,ID,83443,,H-00920,
C-01336,Peter,Brooks,1964-11-11,(557) 555-0162,,58853 Perkins Extensions Apt. 433,Isaacfort,ID,83839,,H-00921,
C-01337,Jonathan,Burnett,1952-04-28,(986) 555-0130,jonathan.burnett1337@example.com,785 Jonathan Cliffs Suite 168,Smithborough,IL,60784,8D19NK0RJ85,H-00922,
C-01338,Troy,Burnett,1952-06-28,(601) 555-0192,,785 Jonathan Cliffs Suite 168,Smithborough,IL,60784,6P35J15KM07,H-00922,
C-01339,David,Taylor,1935-08-08,(233) 555-0194,david.taylor1339@example.com,963 Williams Meadow Suite 917,Hughesville,NY,14091,3A94A49MU11,H-00923,
C-01340,Daniel,Brown,1944-03-01,(519) 555-0170,daniel.brown1340@example.com,14188 Anderson Court,Harrisshire,CO,80088,7F44M67CK98,H-00924,
C-01341,Tiffany,Brown,1946-09-07,(876) 555-0137,tiffany.brown1341@example.com,14188 Anderson Court,Harrisshire,CO,80088,1TJ2M66RV99,H-00924,
C-01342,Mandy,Shaffer,1943-12-04,(676) 555-0156,mandy.shaffer1342@example.com,6333 Reilly Knoll Apt. 208,Kathrynburgh,CO,81612,3MT0M78EE30,H-00925,
C-01343,Megan,Davis,1948-12-01,(300) 555-0165,,902 Ashley Ridges,Lisaville,CT,06647,1AJ4J87KH25,H-00926,
C-01344,Jesse,Griffin,1956-12-02,(228) 555-0181,jesse.griffin1344@example.com,79223 Rodriguez Garden,Ryanfurt,NC,27615,7AU1J36XH00,H-00927,
C-01345,Nancy,Kim,1939-07-24,(575) 555-0125,nancy.kim1345@example.com,7726 Johnson Track,Jamiefort,KY,42496,2RE5YX9MK26,H-00928,
C-01346,Leon,Clark,1943-08-08,(331) 555-0192,leon.clark1346@example.com,0789 Massey Rest Apt. 521,Jacksonfurt,NY,12467,5CG3FH5WP93,H-00929,
C-01347,Richard,Clark,1950-09-17,(708) 555-0140,richard.clark1347@example.com,0789 Massey Rest Apt. 521,Jacksonfurt,NY,12467,8VD9T53PK42,H-00929,
C-01348,Lauren,Chavez,1959-09-07,(452) 555-0104,lauren.chavez1348@example.com,436 Yu Spur,Lake Heidi,NE,68575,9V92QM8RF75,H-00930,
C-01349,Wendy,Richardson,1952-09-19,(304) 555-0117,,556 Travis Stream Suite 616,Michaelview,IL,60074,5P33YR0DR09,H-00931,
C-01350,John,Tran,1959-06-12,(504) 555-0125,john.tran1350@example.com,23989 Meghan Light Suite 031,North Christina,LA,71361,4XM3YV8KK27,H-00932,
C-01351,Alicia,Tran,1989-04-12,(514) 555-0177,alicia.tran1351@example.com,23989 Meghan Light Suite 031,North Christina,LA,71361,,H-00932,
C-01352,Krista,Armstrong,1950-10-18,(875) 555-0118,krista.armstrong1352@example.com,2426 Pitts Ferry Apt. 642,East Monicaton,UT,84392,2OJ2F94AG39,H-00933,
C-01353,Guy,Roth,2000-07-10,(545) 555-0184,guy.roth1353@example.com,8762 Andre Flat,North Kendraview,WA,99249,,H-00934,
C-01354,Andrew,Palmer,1977-10-19,(802) 555-0145,andrew.palmer1354@example.com,8522 John Branch,Melissaview,MD,21591,9FT6UU4GH93,H-00935,
C-01355,Spencer,Ford,1994-08-22,(553) 555-0115,spencer.ford1355@example.com,2207 Meghan Garden,Audreyview,SD,57377,,H-00936,
C-01356,Tracy,Rice,1938-01-07,(842) 555-0132,,329 Carlos Lane,North Justin,OR,97380,7NH7DP5UJ10,H-00937,
C-01357,Karen,Rice,1949-09-05,(842) 555-0132,karen.rice1357@example.com,329 Carlos Lane,North Justin,OR,97380,4TT3EF9UH41,H-00937,
C-01358,Virginia,Jones,1959-02-02,(622) 555-0169,virginia.jones1358@example.com,785 Walton Pine Suite 287,Port Benjamin,IL,61619,8D72EV9KP23,H-00938,
C-01359,Kara,Gibbs,1954-07-08,(672) 555-0146,,96664 Johnson Oval Apt. 036,South Michelle,NY,12114,9VW0R70YM17,H-00939,
C-01360,Dustin,Sanchez,1974-04-18,(558) 555-0166,dustin.sanchez1360@example.com,3203 King Locks Suite 753,Andersonton,MO,64883,,H-00940,
C-01361,Danielle,Sanchez,1946-07-03,(601) 555-0152,danielle.sanchez1361@example.com,3203 King Locks Suite 753,Andersonton,MO,64883,7FT2VR5EW14,H-00940,
C-01362,Bill,Kelly,1954-05-03,(407) 555-0173,,5057 Eaton Well,Millerport,WA,98618,2R56TK0TW86,H-00941,
C-01363,Adriana,Robinson,1978-05-06,(717) 555-0157,adriana.robinson1363@example.com,71553 Weeks Expressway Apt. 128,Brianhaven,WA,99155,,H-00942,
C-01364,Nicole,Richards,1934-08-06,(275) 555-0120,nicole.richards1364@example.com,6597 Howell Haven,Brenthaven,WI,54706,9Z94J97WA47,H-00943,
C-01365,Katherine,Richards,1977-03-24,(275) 555-0120,katherine.richards1365@example.com,6597 Howell Haven,Brenthaven,WI,54706,,H-00943,
C-01366,Ryan,Richards,1984-01-21,(275) 555-0120,ryan.richards1366@example.com,6597 Howell Haven,Brenthaven,WI,54706,,H-00943,
C-01367,Cynthia,Simon,1986-07-01,(318) 555-0147,cynthia.simon1367@example.com,898 Yolanda Drives,Riveramouth,MO,65875,,H-00944,
C-01368,Ashley,Lee,1992-09-16,(618) 555-0183,,31964 Robinson Cape,Alexanderberg,NY,13327,,H-00945,
C-01369,Emily,Martin,1946-02-18,(229) 555-0194,emily.martin1369@example.com,68943 Vickie Estates Apt. 471,South Rose,OH,44393,1RC0UK6EK33,H-00946,
C-01370,Elizabeth,Rose,1948-06-01,(649) 555-0110,elizabeth.rose1370@example.com,75957 Ray Plaza,Crystalmouth,KS,67371,7G71P87UM05,H-00947,
C-01371,Mary,Rose,1952-07-06,(649) 555-0110,mary.rose1371@example.com,75957 Ray Plaza,Crystalmouth,KS,67371,4DK1YV8UG63,H-00947,
C-01372,Earl,Rodriguez,1989-06-15,(342) 555-0184,earl.rodriguez1372@example.com,330 Webb Isle Suite 760,Laurieview,MO,63440,5KV4PR7UD54,H-00948,
C-01373,Francisco,Miller,1933-10-25,(970) 555-0151,,37218 Gutierrez Locks,Knightport,KY,40947,8RQ6KU6CW52,H-00949,
C-01374,Timothy,Miller,1958-01-23,(651) 555-0183,timothy.miller1374@example.com,37218 Gutierrez Locks,Knightport,KY,40947,9VU8FX8VU27,H-00949,
C-01375,Tommy,Parker,1975-10-20,(375) 555-0176,tommy.parker1375@example.com,0666 Robert Burgs,Sharonville,LA,55377,,H-00950,
C-01376,Christopher,Garcia,2003-05-29,(408) 555-0174,,9366 Justin Ridge Apt. 529,Brittneyland,OH,44355,,H-00951,
C-01377,Joan,Garcia,1958-08-07,(721) 555-0133,joan.garcia1377@example.com,9366 Justin Ridge Apt. 529,Brittneyland,OH,44355,7PK8WN5VU55,H-00951,
C-01378,Megan,Carter,1944-06-15,(555) 555-0158,,671 Victoria Alley,Thompsonberg,WI,54632,9H08T21JN56,H-00952,
C-01379,Penny,Clarke,1956-11-28,(798) 555-0114,penny.clarke1379@example.com,910 Patricia Isle Apt. 091,New Aaronborough,OR,97818,7IK6YM7RG93,H-00953,
C-01380,Madison,Clarke,1947-01-28,(535) 555-0187,,910 Patricia Isle Apt. 091,New Aaronborough,OR,97818,1D60F07DY09,H-00953,
C-01381,Catherine,Davis,1948-07-06,(941) 555-0134,catherine.davis1381@example.com,49498 Marie Haven Apt. 179,Erichaven,LA,71105,3FC1QN6RH39,H-00954,
C-01382,Eduardo,Allen,1958-11-06,(752) 555-0111,eduardo.allen1382@example.com,65277 Lynn Inlet Suite 663,Elizabethborough,OH,43786,9MD4GC2MV43,H-00955,
C-01383,Eric,Allen,1941-11-08,(779) 555-0177,eric.allen1383@example.com,65277 Lynn Inlet Suite 663,Elizabethborough,OH,43786,1FK4AM3DA90,H-00955,
C-01384,Christopher,Allen,1945-01-31,(426) 555-0162,christopher.allen1384@example.com,65277 Lynn Inlet Suite 663,Elizabethborough,OH,43786,6KT6DT2TP73,H-00955,
C-01385,Dave,Graham,1935-12-11,(331) 555-0177,david.graham1385@example.com,17221 Townsend Spurs,Bethfort,VA,23213,8C62DP0EH43,H-00956,
C-01386,Tammy,Ford,1933-12-16,(495) 555-0157,tammy.ford1386@example.com,370 Moore Fields Suite 100,Perryfort,TX,78123,1JT1YE2TP93,H-00957,
C-01387,Nicole,Hernandez,1962-04-18,(924) 555-0150,nicole.hernandez1387@example.com,2565 Adrian Tunnel Apt. 461,Hutchinsonmouth,IL,60504,,H-00958,
C-01388,John,Hernandez,1948-05-18,(924) 555-0150,john.hernandez1388@example.com,2565 Adrian Tunnel Apt. 461,Hutchinsonmouth,IL,60504,3X56XD4FG00,H-00958,
C-01389,Dylan,Harris,1939-06-12,(885) 555-0161,dylan.harris1389@example.com,3260 Crystal Station Suite 955,North Timothyhaven,WA,98940,4CA0XC0RH25,H-00959,
C-01390,Erin,Harris,1940-06-13,(885) 555-0161,erin.harris1390@example.com,3260 Crystal Station Suite 955,North Timothyhaven,WA,98940,7P06VM1NM63,H-00959,
C-01391,Marvin,Williams,1937-12-16,(712) 555-0150,marvin.williams1391@example.com,689 Ryan Street Apt. 798,Ambermouth,TX,91593,6RA0J23TN22,H-00960,
C-01392,Richard,Williams,1950-08-15,(547) 555-0145,richard.williams1392@example.com,689 Ryan Street Apt. 798,Ambermouth,TX,75593,6HT2JU6RC41,H-00960,
C-01393,Melissa,Snow,1954-07-31,(359) 555-0122,melissa.snow1393@example.com,6799 Sandra Village,South Joseph,TX,76362,6FM3YF2YP01,H-00961,
C-01394,Lisa,Snow,1938-11-16,(359) 555-0122,,6799 Sandra Village,South Joseph,TX,76362,8VF4MQ6QQ94,H-00961,
C-01395,Joshua,Lang,2004-01-04,(962) 555-0145,joshua.lang1395@example.com,4083 Jeffrey View Suite 360,Williamsland,IL,62987,,H-00962,
C-01396,Ruben,Smith,1956-04-17,(969) 555-0118,,84907 Amanda Plaza Suite 136,Gregoryborough,UT,84672,8J04R98YG70,H-00963,
C-01397,Mark,Smith,1988-11-09,(969) 555-0118,,84907 Amanda Plaza Suite 136,Gregoryborough,UT,84672,,H-00963,
C-01398,Frank,Harris,1943-12-25,(250) 555-0148,frank.harris1398@example.com,0124 Diane Skyway,Robertchester,NE,68169,9VU9GK4YK03,H-00964,
C-01399,Connor,Harris,1952-10-25,(250) 555-0148,connor.harris1399@example.com,0124 Diane Skyway,Robertchester,NE,68169,9WJ3EW3WA16,H-00964,
C-01400,Vincent,Morgan,1957-10-22,(364) 555-0103,vincent.morgan1400@example.com,8811 Morgan Walk Apt. 314,North Kathy,MN,55880,4EV5GA0FJ91,H-00965,
C-01401,Mary,Morgan,1955-01-26,(825) 555-0170,mary.morgan1401@example.com,8811 Morgan Walk Apt. 314,North Kathy,MN,55880,9Y96UG0EG95,H-00965,
C-01402,Rhonda,Swanson,1936-08-22,(586) 555-0143,,179 Floyd Knolls Apt. 526,New Sierra,ID,83289,4GM4VJ4HV71,H-00966,
C-01403,Christine,Swanson,1937-10-13,(206) 555-0188,christine.swanson1403@example.com,179 Floyd Knolls Apt. 526,New Sierra,ID,83289,8FW2C74CC93,H-00966,
C-01404,Ryan,Sparks,1962-09-25,(372) 555-0114,,22528 Timothy Throughway,Anthonyfurt,AR,71826,,H-00967,
C-01405,Lindsay,Sparks,1937-04-05,(372) 555-0114,lindsay.sparks1405@example.com,22528 Timothy Throughway,Anthonyfurt,AR,71826,3PF0GD3EE67,H-00967,
C-01406,Bobby,Gonzalez,1945-12-31,(718) 555-0114,bobby.gonzalez1406@example.com,23979 Theresa Summit Apt. 787,Morrisstad,CO,81257,1GN1NH8QK26,H-00968,
C-01407,Katie,Meyer,1944-05-11,(263) 555-0185,katie.meyer1407@example.com,09505 Perry Villages Apt. 571,Port Cody,AK,99786,8N55AV4VN28,H-00969,
C-01408,Brittany,Meyer,1939-01-23,(213) 555-0146,brittany.meyer1408@example.com,09505 Perry Villages Apt. 571,Port Cody,AK,99786,4A07QK4CN83,H-00969,
C-01409,Kevin,Brown,2000-07-13,(570) 555-0113,kevin.brown1409@example.com,8851 Kristi Route Suite 348,Carterville,CO,80401,,H-00970,
C-01410,Kevin,Parker,1957-10-21,(384) 555-0138,kevin.parker1410@example.com,462 Morgan Loop,New Michaelfort,IL,61103,5U51DT0QK85,H-00971,
C-01411,Ian,Beasley,1948-12-27,(453) 555-0169,,45212 Michael Court,Katrinamouth,WA,99284,9EX0EE4NR76,H-00972,
C-01412,Amy,Berg,1997-07-15,(769) 555-0100,amy.berg1412@example.com,130 Collins Trace,Port Jennifershire,MI,48261,,H-00973,
C-01413,Michael,Harrison,2001-11-19,(852) 555-0175,michael.harrison1413@example.com,60461 Adams Center Apt. 119,North Patriciaton,MO,65417,,H-00974,
C-01414,Jean,Robinson,1954-11-18,(395) 555-0127,jean.robinson1414@example.com,2983 Matthew Ferry,Lake Lisafort,ID,83490,6U80G24AY39,H-00975,
C-01415,John,Vasquez,1937-03-14,(556) 555-0116,john.vasquez1415@example.com,836 Erin Wells,Barbaraborough,MI,48486,,H-00976,
C-01416,Robert,Martinez,1951-10-14,(295) 555-0147,robert.martinez1416@example.com,96384 Taylor Ramp Suite 944,New Melissa,TX,77554,4K85G76HQ28,H-00977,
C-01417,Gabriella,Simon,1951-06-19,(934) 555-0115,gabriella.simon1417@example.com,16934 Barbara Via Apt. 320,East Julie,CT,06546,3DD1TN4XK49,H-00978,
C-01418,Dylan,West,1998-07-31,(618) 555-0134,dylan.west1418@example.com,41903 Maria Bridge,Rodriguezborough,CA,93414,,H-00979,
C-01419,Elizabeth,Lopez,1954-04-19,(714) 555-0156,,5668 Ramos Flats,East Paul,KS,67976,9UP9EP3AC75,H-00980,
C-01420,Kaitlin,Bass,1941-07-06,(250) 555-0143,kaitlin.bass1420@example.com,7460 Smith Mountain,North Kimberly,ID,83730,2A38DF4QM37,H-00981,
C-01421,Haley,Cole,1946-04-26,(351) 555-0108,haley.cole1421@example.com,61424 Thompson Trafficway Apt. 781,Baileybury,CA,94803,8Y20QN0RD47,H-00982,
C-01422,Daniel,Villa,1975-07-09,(461) 555-0197,,6427 Samuel Dale Apt. 376,New William,OR,97000,,H-00983,
C-01423,Jennifer,Villa,1943-03-15,(471) 555-0195,jennifer.villa1423@example.com,6427 Samuel Dale Apt. 376,New William,OR,97000,9MF5C77YQ69,H-00983,
C-01424,Alexa,Villa,1952-07-24,(461) 555-0197,alexa.villa1424@example.com,6427 Samuel Dale Apt. 376,New William,OR,97000,8J67GJ8RD59,H-00983,
C-01425,Susan,Sanchez,1944-10-07,(716) 555-0121,susan.sanchez1425@example.com,8460 Ashley Coves,West Johnny,CT,06584,1NN7UX7YW36,H-00984,
C-01426,Sarah,Sanchez,1943-08-10,(682) 555-0189,sarah.sanchez1426@example.com,8460 Ashley Coves,West Johnny,CT,06584,4XC3N56AF85,H-00984,
C-01427,Jacob,Castillo,1945-04-17,(376) 555-0111,jacob.castillo1427@example.com,780 Susan Islands,Bradleytown,IL,61139,9MF6G12QM41,H-00985,
C-01428,Mike,Hodge,1940-05-29,(583) 555-0130,michael.hodge1428@example.com,644 Courtney Skyway Suite 167,East Mark,MN,56151,6C67R95NT37,H-00986,
C-01429,Michelle,Hall,1937-01-23,(374) 555-0120,,573 Bernard Brook,North Annetteberg,NE,68758,3YK9RN2HY67,H-00987,
C-01430,Alexander,Johnson,1950-06-10,(757) 555-0143,alexander.johnson1430@example.com,6811 Higgins Forges,East Nathan,DC,20236,4Y77Q23NG94,H-00988,
C-01431,Briana,Johnson,1935-05-29,(347) 555-0153,,6811 Higgins Forges,East Nathan,DC,20236,2DV9UV7HT28,H-00988,
C-01432,Shawna,Francis,1935-03-19,(828) 555-0108,shawna.francis1432@example.com,9731 Mclean Ridge,North Lindaside,WA,98191,4CV5MM1VM36,H-00989,
C-01433,Brandi,Davis,1994-10-16,(233) 555-0174,brandi.davis1433@example.com,74820 Montoya Forge,Clayville,KY,41769,,H-00990,
C-01434,James,Oconnor,1986-04-15,(260) 555-0126,james.oconnor1434@example.com,65578 Anthony Court Apt. 432,East Joan,NY,12339,,H-00991,
C-01435,Jason,Oconnor,1947-11-17,(566) 555-0144,jason.oconnor1435@example.com,65578 Anthony Court Apt. 432,East Joan,NY,12339,4J60WY2HJ31,H-00991,
C-01436,Kevin,Beard,1947-09-24,(643) 555-0117,kevin.beard1436@example.com,7073 Anthony Stream,West Courtney,PA,16602,2N01MM8UR21,H-00992,
C-01437,Gloria,Beard,1946-12-15,(643) 555-0117,gloria.beard1437@example.com,7073 Anthony Stream,West Courtney,PA,16602,3PG0GJ5VY37,H-00992,
C-01438,Kathy,Rodriguez,1941-04-01,(594) 555-0186,kathy.rodriguez1438@example.com,127 Smith Landing,New Gregorychester,IL,61885,2XK5Q14MR45,H-00993,
C-01439,Brooke,Poole,1935-08-27,(575) 555-0142,brooke.poole1439@example.com,26163 Joseph Pike,Oliviaburgh,NE,68868,8Y15CE4QT09,H-00994,
C-01440,Donna,Poole,1958-10-13,(575) 555-0142,donna.poole1440@example.com,26163 Joseph Pike,Oliviaburgh,NE,68868,8C67JK6CJ16,H-00994,
C-01441,James,Houston,1955-01-17,(883) 555-0125,,6297 Stewart Rest,Lake Lauren,VA,23061,9QU8N91PC66,H-00995,
C-01442,Kenneth,Houston,1937-03-02,(532) 555-0122,kenneth.houston1442@example.com,6297 Stewart Rest,Lake Lauren,VA,23061,9X84CX3RJ64,H-00995,
C-01443,William,Odonnell,1949-03-13,(269) 555-0175,william.odonnell1443@example.com,91203 Ann Locks Apt. 082,Port David,IL,60516,3R89T74WQ97,H-00996,
C-01444,Catherine,Odonnell,1949-07-11,(468) 555-0147,catherine.odonnell1444@example.com,91203 Ann Locks Apt. 082,Port David,IL,60516,4QX2G45XD64,H-00996,
C-01445,Melissa,Patterson,1957-12-13,(636) 555-0131,melissa.patterson1445@example.com,88158 Jordan Isle,Port Gregory,ID,83262,1VP5J56AR22,H-00997,
C-01446,Jamie,Patterson,1941-05-06,(600) 555-0126,jamie.patterson1446@example.com,88158 Jordan Isle,Port Gregory,ID,83262,5DA4A60HG73,H-00997,
C-01447,Joshua,Martin,1958-08-03,(943) 555-0129,joshua.martin1447@example.com,182 Jones Stravenue,Lake Kathleenmouth,KY,40487,3AJ8A16XN86,H-00998,
C-01448,Brian,Holland,1934-11-27,(368) 555-0164,,00000 Marcus Throughway Apt. 137,South Kristenside,ID,83283,7RQ6JQ9MU28,H-00999,
C-01449,Crystal,Holland,1959-07-05,(816) 555-0135,,00000 Marcus Throughway Apt. 137,South Kristenside,ID,83283,1JU5HP3EH24,H-00999,
C-01450,Amy,Moore,1943-08-31,(456) 555-0106,amy.moore1450@example.com,255 Chambers Underpass,Karenview,NE,68093,7NF4YM8YD85,H-01000,
C-01451,Kristina,Mason,1951-12-12,(484) 555-0175,kristina.mason1451@example.com,987 Henry Trafficway,East Gregoryport,ID,83415,2R75TR5FV22,H-01001,
C-01452,Jennifer,Davis,1936-05-03,(777) 555-0139,,7086 Johnson Rapid Apt. 043,Reedmouth,CA,95816,5NT7R76DJ88,H-01002,
C-01453,Joshua,Davis,1936-03-27,(777) 555-0139,joshua.davis1453@example.com,7086 Johnson Rapid Apt. 043,Reedmouth,CA,95816,8VH2HX5XH60,H-01002,
C-01454,Kyle,Williams,1950-11-11,(764) 555-0170,kyle.williams1454@example.com,6913 Hernandez Grove,West Mike,GA,31417,2GA9YR6UR37,H-01003,
C-01455,Christina,Guzman,1953-12-04,(876) 555-0141,christina.guzman1455@example.com,608 Colleen Center,Clarkchester,MO,64451,6KQ7HY3DQ49,H-01004,
C-01456,Rose,Zaora,1955-12-05,(633) 555-0153,rose.zamora1456@example.com,509 David Circle Suite 016,Maryville,SC,29815,5U48C10XN80,H-01005,
C-01457,Deborah,Lopez,1959-02-13,(227) 555-0109,deborah.lopez1457@example.com,4287 Gilmore Gateway,South Jennifer,UT,84005,6KQ7J04UM36,H-01006,
C-01458,Ricardo,Lopez,1949-12-11,(227) 555-0109,ricardo.lopez1458@example.com,4287 Gilmore Gateway,South Jennifer,UT,84005,4FE3AP4FW42,H-01006,
C-01459,Natasha,Smith,1955-04-24,(371) 555-0184,natasha.smith1459@example.com,12694 Aimee Rue,Rickeyburgh,DE,19937,1J42JW8TR76,H-01007,
C-01460,Katherine,Smith,1965-12-24,(371) 555-0184,katherine.smith1460@example.com,12694 Aimee Rue,Rickeyburgh,DE,19937,,H-01007,
C-01461,Tina,Carter,1943-08-22,(205) 555-0160,tina.carter1461@example.com,8631 Yu Glen,South Morganfurt,CA,93421,4ED7VR0NT76,H-01008,
C-01462,Peter,Carter,1946-04-21,(477) 555-0104,peter.carter1462@example.com,8631 Yu Glen,South Morganfurt,CA,93421,3J10HR0QT78,H-01008,
C-01463,Christopher,Johnson,1948-05-10,(677) 555-0108,christopher.johnson1463@example.com,4026 Jennifer Land Suite 824,Port Rhonda,VA,22996,5PE4NJ7PG57,H-01009,
C-01464,Teresa,Rivera,1957-08-05,(734) 555-0146,teresa.rivera1464@example.com,6448 Kelsey Street Apt. 538,Port Toni,AR,72714,4JW5DN7RM67,H-01010,
C-01465,Alicia,Lee,1936-09-01,(429) 555-0133,alicia.lee1465@example.com,050 Mcdaniel Centers Suite 333,Port Madison,FL,32274,9RC3M35QH33,H-01011,
C-01466,Brenda,Lee,1940-07-25,(429) 555-0133,brenda.lee1466@example.com,050 Mcdaniel Centers Suite 333,Port Madison,FL,32274,1H52K12TD61,H-01011,
C-01467,Catherine,Stephens,1955-06-13,(226) 555-0126,catherine.stephens1467@example.com,3211 Jennifer Motorway,Griffithville,IL,61859,6KU8T42RV19,H-01012,
C-01468,Jennifer,Bond,1937-08-14,(570) 555-0135,jennifer.bond1468@example.com,91373 Richard Islands,North Nicole,AL,36323,5D68YG5WV31,H-01013,
C-01469,Alex,Snow,1960-04-27,(794) 555-0196,alex.snow1469@example.com,875 Davis Parkway,Maxwellhaven,MT,59660,7PT1R68XR21,H-01014,
C-01470,Jacqueline,Kennedy,1946-09-06,(737) 555-0168,jacqueline.kennedy1470@example.com,00915 Rodriguez Crossroad,East Haleymouth,LA,70737,1XG5WT2VY46,H-01015,
C-01471,Joseph,Kennedy,1996-01-12,(442) 555-0126,joseph.kennedy1471@example.com,00915 Rodriguez Crossroad,East Haleymouth,LA,70737,,H-01015,
C-01472,Justin,Kennedy,1963-01-19,(841) 555-0126,justin.kennedy1472@example.com,00915 Rodriguez Crossroad,East Haleymouth,LA,70737,,H-01015,
C-01473,Cassandra,Jones,1957-03-17,(263) 555-0191,cassandra.jones1473@example.com,609 Peter Ridge,Denniston,CA,91512,7G42VK5NM14,H-01016,
C-01474,Katherine,Willis,1937-03-03,(958) 555-0184,katherine.willis1474@example.com,941 Perez Locks,Coopertown,NC,27065,3Q80MR9AE74,H-01017,
C-01475,Meredith,Dominguez,1951-04-12,(427) 555-0118,,22399 Charles Mission Suite 556,North Jonathanton,MI,48203,7PC2KF3VX35,H-01018,
C-01476,Kelly,Dominguez,1946-07-06,(584) 555-0103,kelly.dominguez1476@example.com,22399 Charles Mission Suite 556,North Jonathanton,MI,48203,1P00RR7EK85,H-01018,
C-01477,Andrew,Delen,1942-10-11,(954) 555-0108,andrew.deleon1477@example.com,050 Young Locks Suite 608,North Juliechester,NE,68632,3GA2V18DP20,H-01019,
C-01478,Shelby,Jones,1943-06-07,(340) 555-0135,shelby.jones1478@example.com,08356 Wilkerson Corners,South Ericmouth,WV,25242,2J89MJ0JG50,H-01020,
C-01479,Melanie,Washington,1988-07-14,(776) 555-0196,melanie.washington1479@example.com,23455 Lisa Pass,South Ashley,MN,56232,,H-01021,
C-01480,Matthew,Deleon,1941-11-03,(770) 555-0152,matthew.deleon1480@example.com,293 Roberts Canyon Apt. 348,Port Allisonmouth,LA,70136,1NC4V77EN90,H-01022,
C-01481,Elizabeth,Brown,1936-06-05,(496) 555-0132,elizabeth.brown1481@example.com,8826 Jason Rue,Christinaville,IL,61532,8EU4AA3KP68,H-01023,
C-01482,Jonathan,Chavez,1935-02-03,(260) 555-0198,jonathan.chavez1482@example.com,090 Kaiser Prairie Apt. 449,North Jennifer,KY,41293,9EW0HR8YH82,H-01024,
C-01483,Alexa,Davis,1945-02-18,(341) 555-0150,alexa.davis1483@example.com,9996 Kane Shoals,Mariamouth,LA,70702,7RW4W90HE63,H-01025,
C-01484,Ashley,Clay,1944-06-06,(426) 555-0101,ashley.clay1484@example.com,596 Dylan Port,West Andrewhaven,KY,40762,6JY5F36CV85,H-01026,
C-01485,Holly,Russell,1950-05-15,(407) 555-0186,,31234 Kimberly Meadows,Elliottton,NC,27879,8TC4XY0XR78,H-01027,
C-01486,Veronica,Russell,1948-08-14,(233) 555-0184,veronica.russell1486@example.com,31234 Kimberly Meadows,Elliottton,NC,27879,5AN7H96WX10,H-01027,
C-01487,Mike,Morrison,1935-08-09,(715) 555-0184,michael.morrison1487@example.com,61760 Thompson Forge Suite 838,West Elizabeth,IL,62927,8T51R99XE65,H-01028,
C-01488,John,Morrison,1950-02-18,(932) 555-0153,john.morrison1488@example.com,61760 Thompson Forge Suite 838,West Elizabeth,IL,62927,2FQ5U22WD82,H-01028,
C-01489,Matthew,Bishop,1951-08-11,(557) 555-0186,,804 Phyllis Lodge,East Rachelshire,KY,40279,6PH7JC4HT63,H-01029,
C-01490,Charles,Russell,1960-09-01,(479) 555-0104,charles.russell1490@example.com,9582 Guerrero Course,Berrystad,LA,70570,6RC2J41CR40,H-01030,
C-01491,Maria,Russell,1946-06-18,(465) 555-0175,maria.russell1491@example.com,9582 Guerrero Course,Berrystad,LA,70570,3PE9U23RR54,H-01030,
C-01492,James,King,1967-10-11,(918) 555-0141,james.king1492@example.com,761 Katie Valley,Ashleyville,ID,83207,,H-01031,
C-01493,Joe,King,1952-03-10,(918) 555-0141,joseph.king1493@example.com,761 Katie Valley,Ashleyville,ID,83207,8M93AK0GP60,H-01031,
C-01494,Melissa,Smith,1954-04-18,(953) 555-0188,,94840 Marissa Expressway,Goodwintown,PA,18690,5G27GX9AM38,H-01032,
C-01495,Ryan,Smith,1977-09-14,(953) 555-0188,ryan.smith1495@example.com,94840 Marissa Expressway,Goodwintown,PA,18690,,H-01032,
C-01496,Joshua,Salazar,2002-05-10,(695) 555-0116,joshua.salazar1496@example.com,1016 Charles Skyway Apt. 950,North Nicholaston,NE,68734,,H-01033,
C-01497,Kelly,Salazar,1990-04-21,(920) 555-0144,kelly.salazar1497@example.com,1016 Charles Skyway Apt. 950,North Nicholaston,NE,68734,3Q91JK0YU31,H-01033,
C-01498,Robert,Ramos,1953-05-12,(533) 555-0129,,507 Ayala Wall,Port Brandi,NE,69100,2RX4JN3GV61,H-01034,
C-01499,Douglas,Ramos,1943-03-18,(533) 555-0129,douglas.ramos1499@example.com,507 Ayala Wall,Port Brandi,NE,69100,6FR1NE0TA55,H-01034,
C-01500,Caitlyn,Powers,1938-12-05,(497) 555-0111,,44077 George Lock Apt. 072,Hineschester,VA,24434,9XR2NW6YF63,H-01035,
C-01501,Shawn,Gonzalez,1957-12-06,(802) 555-0196,,81776 Tina Port Apt. 406,Carlosborough,LA,70897,5XN3D62TH44,H-01036,
C-01502,Christian,Gregory,1950-07-17,(642) 555-0198,christian.gregory1502@example.com,55235 Rodriguez Plains,South Alexburgh,KY,41397,3FF4TC8EA14,H-01037,
C-01503,Charles,Robinson,1938-11-04,(951) 555-0115,,61363 Anderson Park,Nicholasborough,CO,80831,7VE7YJ0AV05,H-01038,
C-01504,Liz,Robinson,1998-05-17,(659) 555-0198,elizabeth.robinson1504@example.com,61363 Anderson Park,Nicholasborough,CO,80831,,H-01038,
C-01505,Jamie,Young,1934-12-03,(731) 555-0192,jamie.young1505@example.com,4902 Williams Way Suite 480,South Joshuaton,MD,21182,2JD1R26XM60,H-01039,
C-01506,Lori,Vasquez,1954-03-12,(253) 555-0158,,67812 Figueroa Parks Apt. 210,Lake Christopher,AL,35590,5YV8KX5YD26,H-01040,
C-01507,Jesse,Delacruz,1980-04-03,(933) 555-0115,,34862 Navarro Overpass,Hallchester,SC,29563,,H-01041,
C-01508,Jacqueline,Vasquez,1950-11-03,(441) 555-0164,jacqueline.vasquez1508@example.com,82856 Matthew Ports,Moyertown,NE,68038,1VQ2X85HF23,H-01042,
C-01509,Christopher,Fernandez,1982-01-24,(783) 555-0146,christopher.fernandez1509@example.com,1770 Valencia Parks Apt. 682,West Kathyfurt,CO,80685,,H-01043,
C-01510,Mary,Fernandez,1986-09-13,(783) 555-0146,mary.fernandez1510@example.com,1770 Valencia Parks Apt. 682,West Kathyfurt,CO,80685,,H-01043,
C-01511,Henry,Fernandez,1942-07-05,(783) 555-0146,henry.fernandez1511@example.com,1770 Valencia Parks Apt. 682,West Kathyfurt,CO,80685,6QY3GP9RF76,H-01043,
C-01512,Sharon,Curtis,1938-04-08,(851) 555-0160,,2165 Kimberly Plains Suite 146,Lake Charles,KY,40368,1G82VA1TU10,H-01044,
C-01513,Cindy,Young,1998-11-07,(574) 555-0185,cindy.young1513@example.com,259 Novak Throughway,New Brittanyview,MI,49428,,H-01045,
C-01514,Kelly,Romero,1965-09-06,(633) 555-0181,kelly.romero1514@example.com,022 Melissa Union Apt. 938,Proctorview,TX,79195,,H-01046,
C-01515,Sydney,Romero,1980-05-28,(772) 555-0122,sydney.romero1515@example.com,9598 Deborah Haven,Shannonside,TX,75484,2WT7U59PJ34,H-01047,
C-01516,Kayla,Gonzalez,1982-02-15,(250) 555-0121,,715 Joe Plains,Westfort,MN,56598,,H-01048,
C-01517,Amber,Vasquez,1944-06-06,(643) 555-0104,amber.vasquez1517@example.com,97461 Jennifer Shore,Simpsonside,ID,83639,9UW8MG0MT59,H-01049,
C-01518,Melody,Vasquez,1937-05-29,(382) 555-0167,melody.vasquez1518@example.com,97461 Jennifer Shore,Simpsonside,ID,83639,3CF5MR1RU94,H-01049,
C-01519,Heather,Wood,1948-11-09,(788) 555-0141,heather.wood1519@example.com,722 Black Flat Suite 085,South Dawnbury,WI,53228,3DE8N37GJ50,H-01050,
C-01520,Nicole,Wood,1939-06-02,(788) 555-0141,nicole.wood1520@example.com,722 Black Flat Suite 085,South Dawnbury,WI,53228,9F52AC8EA01,H-01050,
C-01521,Sarah,King,1951-12-08,(980) 555-0105,sarah.king1521@example.com,6957 Anthony Crossing Apt. 482,Melissaview,CA,92110,7TE0VA0KP87,H-01051,
C-01522,Phillip,King,1968-03-14,(530) 555-0162,phillip.king1522@example.com,6957 Anthony Crossing Apt. 482,Melissaview,CA,92110,,H-01051,
C-01523,Erin,Miller,1952-06-18,(441) 555-0141,erin.miller1523@example.com,25942 Cynthia Dale Suite 633,West Richardview,NE,68395,7TP7UU7HK26,H-01052,
C-01524,Mark,Miller,1967-11-30,(540) 555-0108,mark.miller1524@example.com,25942 Cynthia Dale Suite 633,West Richardview,NE,68395,8D02VA6DX90,H-01052,
C-01525,Mitchell,Harrington,1943-10-31,(953) 555-0106,mitchell.harrington1525@example.com,725 Jackson Ports Apt. 693,West Alyssa,KY,42521,6HQ9P22PN87,H-01053,
C-01526,Angelica,Herring,1939-05-02,(596) 555-0134,,186 Diaz Rue,Stonefurt,NC,28522,,H-01054,
C-01527,Patricia,Rich,2002-04-01,(599) 555-0133,patricia.rich1527@example.com,574 Walker Fields,Courtneyville,WA,98349,,H-01055,
C-01528,Madison,Rich,1953-11-01,(349) 555-0191,,574 Walker Fields,Courtneyville,WA,98349,4U33YR5GU29,H-01055,
C-01529,Chris,Leon,1940-11-28,(534) 555-0137,christopher.leon1529@example.com,79720 Adrienne Squares,Brandiview,MO,64811,3UA0FX3HE32,H-01056,
C-01530,Michael,Leon,1970-12-31,(387) 555-0188,michael.leon1530@example.com,79720 Adrienne Squares,Brandiview,MO,64811,,H-01056,
C-01531,Thomas,Roth,1945-02-20,(574) 555-0143,thomas.roth1531@example.com,1547 Mark Islands Apt. 132,Christineborough,NY,10392,3FJ5P82WN87,H-01057,
C-01532,Michael,Johnson,1941-01-20,(566) 555-0118,michael.johnson1532@example.com,67500 Cisneros Drive,West Stephanieland,OH,45530,4P59RM7GR84,H-01058,
C-01533,Stephen,Johnson,1953-08-10,(326) 555-0170,,67500 Cisneros Drive,West Stephanieland,OH,45530,1VW0WU5QM50,H-01058,
C-01534,David,Nelson,1989-01-19,(704) 555-0133,david.nelson1534@example.com,987 Cassie Village,Port Timothy,VT,05876,,H-01059,
C-01535,Megan,Nelson,1948-05-30,(440) 555-0138,,987 Cassie Village,Port Timothy,VT,05876,8K39RJ3UX22,H-01059,
C-01536,Janice,Taylor,1965-09-30,(497) 555-0101,janice.taylor1536@example.com,2258 Butler Islands Suite 787,Kennethburgh,MO,63476,,H-01060,
C-01537,Bill,Taylor,1988-04-03,(699) 555-0157,william.taylor1537@example.com,2258 Butler Islands Suite 787,Kennethburgh,MO,63476,,H-01060,
C-01538,Lisa,Ponce,1937-06-05,(296) 555-0156,lisa.ponce1538@example.com,596 Hogan Island Suite 282,Susanville,MO,65271,8VV5VT4VY55,H-01061,
C-01539,Ronnie,Ponce,1947-05-30,(528) 555-0123,ronnie.ponce1539@example.com,596 Hogan Island Suite 282,Susanville,MO,65271,5UU7KJ7GD23,H-01061,
C-01540,Adam,Jones,1953-07-29,(809) 555-0105,adam.jones1540@example.com,20002 Watson Forks Apt. 132,Port Markmouth,OR,97547,1CN9AN4PE73,H-01062,
C-01541,Sylvia,Thomas,1937-02-03,(390) 555-0137,sylvia.thomas1541@example.com,0836 Evelyn Haven Suite 488,Cruzfort,MO,63938,4J80RN3HP35,H-01063,
C-01542,Hannah,Thomas,1940-04-18,(717) 555-0183,,0836 Evelyn Haven Suite 488,Cruzfort,MO,63938,3UH7RJ0XU73,H-01063,
C-01543,Keith,Calhoun,1960-09-03,(500) 555-0135,,7746 Julie Curve,Meghanburgh,NE,69172,1T22YQ2YA10,H-01064,
C-01544,Deanna,Johns,1976-10-23,(596) 555-0130,deanna.johns1544@example.com,328 Jillian Field,East Jamesberg,SD,57537,8ED7TN3XW72,H-01065,
C-01545,Andrew,Ford,1947-01-07,(602) 555-0143,andrew.ford1545@example.com,106 Nicole Pike Apt. 647,East Jennifer,IN,46694,6C47AP1HC69,H-01066,
C-01546,Michael,Francis,1941-12-20,(315) 555-0136,,6817 Kristin Keys,Marshallview,VT,05023,3MD3UE7JA63,H-01067,
C-01547,Misty,Brown,1947-02-17,(982) 555-0166,misty.brown1547@example.com,2629 Mark River Apt. 876,Lake Curtis,KY,40654,7N16C96UU55,H-01068,
C-01548,Jennifer,Brown,1936-11-08,(653) 555-0161,,2629 Mark River Apt. 876,Lake Curtis,KY,40654,3PA4CG5WY88,H-01068,
C-01549,Diana,Frost,1972-09-21,(684) 555-0180,,721 Mcdaniel Flat,Cobbborough,TX,79746,,H-01069,
C-01550,Brenda,Sandoval,1943-10-24,(320) 555-0151,brenda.sandoval1550@example.com,52229 Joyce Extension,Lake Ronaldmouth,KS,67931,2DN5QR1JM04,H-01070,
C-01551,Danielle,Sandoval,1945-09-20,(320) 555-0151,,52229 Joyce Extension,Lake Ronaldmouth,KS,67931,1QM9MY3NR58,H-01070,
C-01552,James,Kline,1973-08-13,(512) 555-0146,james.kline1552@example.com,823 Mark Lakes,Port Becky,MI,48421,,H-01071,
C-01553,Stephanie,Lane,1933-10-03,(863) 555-0181,stephanie.lane1553@example.com,6177 Robinson Valley Suite 430,Joseview,AR,72034,1C30KP3XW04,H-01072,
C-01554,Renee,Wolf,1977-09-05,(790) 555-0148,renee.wolf1554@example.com,127 Smith Ports Apt. 712,West Johnmouth,ID,83287,,H-01073,
C-01555,Jessica,Daniel,1952-11-15,(747) 555-0171,jessica.daniel1555@example.com,75298 David Burgs,East Laurafurt,MO,64552,2GW1PC1QK54,H-01074,
C-01556,Brian,Daniel,1956-02-19,(747) 555-0171,brian.daniel1556@example.com,75298 David Burgs,East Laurafurt,MO,64552,7G42XP7XM74,H-01074,
C-01557,Jennifer,Steele,1994-03-20,(285) 555-0133,,00487 Stone Parkways,Baileyborough,OR,97712,,H-01075,
C-01558,Deanna,Nielsen,1938-10-29,(390) 555-0155,deanna.nielsen1558@example.com,852 Dana Lock Apt. 030,Tiffanybury,CT,06147,7YM5KD9EJ78,H-01076,
C-01559,Jessica,Valdez,1951-07-05,(887) 555-0153,jessica.valdez1559@example.com,71523 Andrew Drive Apt. 950,West Jamesview,NY,12731,8M11MR4KA26,H-01077,
C-01560,Brandon,Thomas,2000-06-17,(347) 555-0155,,93096 Miller Spur,Davisville,CA,93725,,H-01078,
C-01561,Catherine,Brown,1950-09-28,(844) 555-0146,,213 David Spur,Ortizberg,NE,68516,9CV4V92AT27,H-01079,
C-01562,Sara,Stanley,1943-07-12,(951) 555-0131,sara.stanley1562@example.com,16612 Bobby River,South Derekmouth,WI,54813,7FT7RT4RY58,H-01080,
C-01563,Dale,Frank,1934-03-09,(555) 555-0181,dale.frank1563@example.com,39304 Ryan Junction Apt. 802,Curtisport,NC,28362,1NJ6R87VH20,H-01081,
C-01564,Andre,Bennett,1942-10-18,(510) 555-0105,andre.bennett1564@example.com,11408 Garrett Dam Suite 095,East Caitlyn,IL,61031,2N51VA1QQ48,H-01082,
C-01565,David,Carlson,1952-12-17,(313) 555-0145,,556 Lisa Street,Port Sarahshire,NJ,07609,6UJ4D75XD06,H-01083,
C-01566,Anthony,Lewis,1964-07-04,(519) 555-0163,anthony.lewis1566@example.com,13712 Lee Knolls Suite 856,Kathrynberg,WA,98604,,H-01084,
C-01567,Shelly,Lewis,1956-02-26,(302) 555-0199,shelly.lewis1567@example.com,13712 Lee Knolls Suite 856,Kathrynberg,WA,98604,1RF1CV4CD57,H-01084,
C-01568,Carol,Brown,1943-08-15,(771) 555-0186,,27061 Mendez Neck,New Troy,UT,84653,2MC7JU3CV71,H-01085,
C-01569,Rachel,Santos,1994-03-12,(694) 555-0100,rachel.santos1569@example.com,1669 Robert Curve,Port Juan,DE,19894,,H-01086,
C-01570,Danielle,Rocha,1957-04-15,(357) 555-0176,danielle.rocha1570@example.com,4203 Johnson Circle Apt. 095,Fryeshire,MD,20729,4SF9T12NK01,H-01087,
C-01571,Miguel,Rocha,1948-04-25,(373) 555-0159,miguel.rocha1571@example.com,4203 Johnson Circle Apt. 095,Fryeshire,MD,20729,9CC7XG4RH66,H-01087,
C-01572,Aaron,Murray,1960-01-20,(233) 555-0178,aaron.murray1572@example.com,157 Watson Manors Apt. 347,East Maryview,AR,72043,4ET2E01JP98,H-01088,
C-01573,Bradley,Murray,1958-04-25,(758) 555-0131,bradley.murray1573@example.com,157 Watson Manors Apt. 347,East Maryview,AR,72043,4HN2A76GG60,H-01088,
C-01574,Rodney,Burns,1954-08-09,(500) 555-0106,rodney.burns1574@example.com,81030 Spencer Courts,Rossland,FL,33212,8EY9MN7KC51,H-01089,
C-01575,Steven,Bush,1935-03-02,(574) 555-0176,steven.bush1575@example.com,081 West Drive,Port Jennifermouth,NY,14856,8RJ5GK1JA22,H-01090,
C-01576,Monica,Williams,1951-08-21,(794) 555-0105,monica.williams1576@example.com,067 John Mountain,West Christopher,PA,16024,2UN3FF7YY75,H-01091,
C-01577,Erica,Villarreal,1937-05-20,(296) 555-0108,erica.villarreal1577@example.com,474 Laurie Extensions Apt. 300,Whiteside,ID,83814,9MP4RT3DH71,H-01092,
C-01578,Mary,Weeks,1937-09-29,(255) 555-0169,mary.weeks1578@example.com,6947 James Points Apt. 533,Mooremouth,NE,68683,2D97Q81TA61,H-01093,
C-01579,Tammy,Garcia,1953-04-22,(290) 555-0158,tammy.garcia1579@example.com,2159 Alicia Village Apt. 700,West Richardchester,KY,42183,7KA0DX1NM26,H-01094,
C-01580,Amy,Richards,1936-08-27,(460) 555-0160,amy.richards1580@example.com,10797 Martinez Glen,North Kaitlynview,KY,42588,5QR2K98FF30,H-01095,
C-01581,Shelly,Richards,1951-05-12,(633) 555-0150,shelly.richards1581@example.com,10797 Martinez Glen,North Kaitlynview,KY,42588,2UM6KN3JE64,H-01095,
C-01582,Chelsea,Scott,1944-12-27,(848) 555-0113,chelsea.scott1582@example.com,949 Leslie Shores,West Kristenton,IL,62430,8WR9NT6CE88,H-01096,
C-01583,Brittany,Gonzalez,1948-10-31,(824) 555-0160,brittany.gonzalez1583@example.com,497 Logan Pines,Fowlerland,MI,49530,8CE6V45FP31,H-01097,
C-01584,Todd,Cisneros,1951-11-07,(771) 555-0173,todd.cisneros1584@example.com,6984 Robert Light,East Javierport,TX,78850,3XA5PC9PU92,H-01098,
C-01585,Rhonda,Dawson,1967-04-07,(237) 555-0188,rhonda.dawson1585@example.com,32562 Jillian Passage Suite 991,Romanland,GA,30909,,H-01099,
C-01586,Eric,Brown,1939-08-02,(407) 555-0111,eric.brown1586@example.com,2037 Zachary Viaduct,North Christopher,DE,19864,3WF2HJ1GN67,H-01100,
C-01587,Sean,Miller,1989-08-15,(672) 555-0189,sean.miller1587@example.com,418 Joe Spur,Lesterville,ID,83388,,H-01101,
C-01588,Andrew,Miller,1984-11-02,(672) 555-0189,andrew.miller1588@example.com,418 Joe Spur,Lesterville,ID,83388,,H-01101,
C-01589,Scott,Duncan,1944-02-11,(445) 555-0161,scott.duncan1589@example.com,801 Shannon Hollow Apt. 217,Alejandrabury,IL,61476,5FN0NX2NJ09,H-01102,
C-01590,Christopher,James,1971-11-16,(557) 555-0158,,0820 Jordan Cape Suite 757,Port Meganborough,ID,83574,,H-01103,
C-01591,Caitlin,James,1954-10-29,(276) 555-0130,caitlin.james1591@example.com,0820 Jordan Cape Suite 757,Port Meganborough,ID,83574,1EA7NH5CG46,H-01103,
C-01592,William,Castro,1951-06-17,(261) 555-0198,,128 Craig Ramp,Laceychester,TX,79460,4UA8PW7VH79,H-01104,
C-01593,Steven,Castro,1940-11-30,(261) 555-0198,steven.castro1593@example.com,128 Craig Ramp,Laceychester,TX,79460,2YJ1T68MK98,H-01104,
C-01594,Rachel,Williams,1988-12-11,(414) 555-0157,rachel.williams1594@example.com,704 Brianna Forks Apt. 419,Rodriguezchester,GA,30328,,H-01105,
C-01595,Linda,Yates,1944-01-10,(565) 555-0141,linda.yates1595@example.com,74883 Sharp Knoll,Port Sarahshire,DE,19829,5W31E48AW29,H-01106,
C-01596,Scott,Hernandez,1949-02-25,(303) 555-0141,,40964 Reyes Gateway Suite 960,Shawnport,NY,13162,4H30T40QR67,H-01107,
C-01597,Amy,Hill,1941-05-29,(805) 555-0142,amy.hill1597@example.com,516 Ernest Knolls,Port Crystal,SD,57113,4K10JU7YD70,H-01108,
C-01598,Traci,Graham,1956-08-13,(494) 555-0147,,934 Patel Parkway,New Blake,MO,63101,8MF4RW4UJ25,H-01109,
C-01599,Virginia,Kemp,1934-02-13,(966) 555-0193,virginia.kemp1599@example.com,2879 Roger Road Apt. 141,Port Daniel,IN,46749,6UW9A73NN08,H-01110,
C-01600,John,Kemp,1945-10-10,(282) 555-0193,john.kemp1600@example.com,2879 Roger Road Apt. 141,Port Daniel,IN,46749,5GC5KC5DP56,H-01110,
C-01601,Angela,Scott,1990-09-13,(225) 555-0109,angela.scott1601@example.com,61337 Kline Junctions,East Bradley,IL,62640,,H-01111,
C-01602,Louis,Davis,1950-05-15,(568) 555-0139,louis.davis1602@example.com,5025 Christensen Park,West David,DE,19880,1CA0MC0MR45,H-01112,
C-01603,Dave,Barton,1954-01-03,(338) 555-0140,david.barton1603@example.com,44096 Bruce Mountains,Mosleyland,OH,44254,6DD8EG1QP25,H-01113,
C-01604,Robert,Ramos,1974-05-23,(273) 555-0199,robert.ramos1604@example.com,898 Amy Stream Apt. 678,North Joseph,ID,83256,,H-01114,
C-01605,Melanie,Ramos,1991-07-13,(325) 555-0174,melanie.ramos1605@example.com,898 Amy Stream Apt. 678,North Joseph,ID,83256,,H-01114,
C-01606,Daniel,Ramos,1951-05-12,(273) 555-0199,daniel.ramos1606@example.com,898 Amy Stream Apt. 678,North Joseph,ID,83256,6VY2K14DW32,H-01114,
C-01607,Christine,Foster,1933-10-03,(486) 555-0198,christine.foster1607@example.com,9266 Gardner Ridges,Lake Theresa,MO,65487,6OD4MV9MA09,H-01115,
C-01608,Scott,Foster,1986-12-19,(716) 555-0163,scott.foster1608@example.com,9266 Gardner Ridges,Lake Theresa,MO,65487,,H-01115,
C-01609,Megan,White,1950-05-27,(411) 555-0157,megan.white1609@example.com,415 Chapman Island Apt. 119,Lake Carol,LA,71160,2XE8TE6FW97,H-01116,
C-01610,Kimberly,White,1954-03-29,(411) 555-0157,,415 Chapman Island Apt. 119,Lake Carol,LA,71160,3NX9HE7RX70,H-01116,
C-01611,Theresa,Wright,1934-12-03,(626) 555-0162,theresa.wright1611@example.com,60511 Miller Springs Apt. 398,Clarkmouth,IL,62883,5K57UU1KC57,H-01117,
C-01612,Deborah,Wright,1935-04-19,(647) 555-0193,deborah.wright1612@example.com,60511 Miller Springs Apt. 398,Clarkmouth,IL,62883,4UK4WK5NN76,H-01117,
C-01613,Denise,Wheeler,1936-09-26,(365) 555-0160,,945 Greene Light,Smithtown,IL,62342,8FV2UQ9NV87,H-01118,
C-01614,Kevin,Wheeler,1947-02-27,(754) 555-0103,kevin.wheeler1614@example.com,945 Greene Light,Smithtown,IL,62342,3TR4KW2YM35,H-01118,
C-01615,Joy,Floyd,1956-05-12,(679) 555-0187,joy.floyd1615@example.com,8942 Kelly Lane,Flemingview,KY,41599,5XD9EQ3RX50,H-01119,
C-01616,Angela,Floyd,1944-11-16,(679) 555-0187,angela.floyd1616@example.com,8942 Kelly Lane,Flemingview,KY,41599,8CA8DH3MX02,H-01119,
C-01617,Anthony,Medina,1982-11-23,(321) 555-0182,anthony.medina1617@example.com,7605 Baker Bridge Suite 565,Avilamouth,CO,80289,,H-01120,
C-01618,Matthew,Townsend,1952-02-22,(805) 555-0144,matthew.townsend1618@example.com,5338 Ronald Gardens Suite 466,Port Cynthia,NC,28719,2FA3JX0PY66,H-01121,
C-01619,Lauren,Richmond,1951-03-18,(964) 555-0136,lauren.richmond1619@example.com,16599 Perez Center Apt. 622,East Edwinburgh,NE,68686,4M08NC3AG77,H-01122,
C-01620,Ronnie,Richmond,1950-04-04,(964) 555-0136,ronnie.richmond1620@example.com,16599 Perez Center Apt. 622,East Edwinburgh,NE,68686,,H-01122,
C-01621,Renee,Davis,1978-02-17,(376) 555-0167,renee.davis1621@example.com,746 Kathryn Ridge Apt. 601,East Juanville,NE,69010,,H-01123,
C-01622,Dave,Frey,1948-04-24,(812) 555-0148,david.frey1622@example.com,860 Kathleen Plain Apt. 179,Olsonfort,MO,65521,2NU3D18CF04,H-01124,
C-01623,Nancy,Frey,1952-05-27,(455) 555-0158,nancy.frey1623@example.com,860 Kathleen Plain Apt. 179,Olsonfort,MO,65521,3RP7V91MY63,H-01124,
C-01624,Melissa,Sparks,1953-08-16,(689) 555-0107,melissa.sparks1624@example.com,957 Sarah Groves,Taylorchester,DE,19941,2TK9HD7PR07,H-01125,
C-01625,Danielle,Sparks,1939-10-03,(724) 555-0138,,957 Sarah Groves,Taylorchester,DE,19941,1E14XG6GD89,H-01125,
C-01626,Amanda,Delacruz,1950-08-19,(478) 555-0131,amanda.delacruz1626@example.com,21203 Perez Trace Suite 536,Heatherfurt,NE,69275,1K67DD8AC45,H-01126,
C-01627,Steven,Delacruz,1933-11-14,(637) 555-0151,,21203 Perez Trace Suite 536,Heatherfurt,NE,69275,3UQ9H54UU96,H-01126,
C-01628,Emma,Williams,1959-03-17,(384) 555-0139,emma.williams1628@example.com,254 Kyle Crossing Apt. 854,Lauraview,LA,70521,9R41UN4EV27,H-01127,
C-01629,Justin,Rollins,1950-04-03,(244) 555-0171,justin.rollins1629@example.com,4547 Singh Ways Apt. 112,East Sarah,CA,92471,8WQ5CK4MD44,H-01128,
C-01630,Amanda,Rollins,1943-12-31,(222) 555-0109,amanda.rollins1630@example.com,4547 Singh Ways Apt. 112,East Sarah,CA,92471,1DN1JT8RG68,H-01128,
C-01631,Angela,Dillon,1943-08-22,(354) 555-0100,angela.dillon1631@example.com,917 Santana Locks Apt. 342,Jacksonborough,KY,40337,7WD4JR5XU23,H-01129,
C-01632,Cynthia,Murphy,1996-08-21,(669) 555-0144,cynthia.murphy1632@example.com,217 Klein Shoal Apt. 196,Port Bobby,ID,83810,2W80A87UW42,H-01130,
C-01633,Michaela,Smith,1955-07-03,(700) 555-0116,michaela.smith1633@example.com,9358 Joseph Forks,Melanieport,GA,31354,2KH0X52EP27,H-01131,
C-01634,Michelle,Smith,1951-10-15,(700) 555-0116,michelle.smith1634@example.com,9358 Joseph Forks,Melanieport,GA,31354,2G10PX9KM76,H-01131,
C-01635,Jonathan,Ramirez,1971-09-21,(961) 555-0101,jonathan.ramirez1635@example.com,167 Wagner Passage,Port Ronaldburgh,TX,77512,,H-01132,
C-01636,Alexis,Tran,1949-04-12,(838) 555-0113,alexis.tran1636@example.com,4608 Lori Lake Apt. 799,South Janet,ID,83783,7T86DR6FX65,H-01133,
C-01637,Eric,Robertson,1952-03-31,(263) 555-0179,eric.robertson1637@example.com,91287 Sawyer Street Suite 999,Mcneilhaven,TX,76118,1QY4AY7WT38,H-01134,
C-01638,Olivia,Robertson,1947-03-16,(263) 555-0179,olivia.robertson1638@example.com,91287 Sawyer Street Suite 999,Mcneilhaven,TX,76118,5J79JA0KR03,H-01134,
C-01639,Hannah,Robertson,1939-05-29,(263) 555-0179,hannah.robertson1639@example.com,91287 Sawyer Street Suite 999,Mcneilhaven,TX,76118,1MM7YC5WJ04,H-01134,
C-01640,Benjamin,Bennett,1965-09-06,(322) 555-0179,benjamin.bennett1640@example.com,5792 Garcia Villages,Beckerview,LA,70400,,H-01135,
C-01641,Shannon,Perez,1944-07-09,(385) 555-0162,shannon.perez1641@example.com,986 Thompson Curve,Port Angela,GA,31736,8GP5JG0PF85,H-01136,
C-01642,Michelle,Jackson,1983-09-25,(326) 555-0126,,91218 Johnson Viaduct,New Jason,KY,40256,,H-01137,
C-01643,Allen,Small,1938-09-30,(295) 555-0137,allen.small1643@example.com,983 Dustin Cape,North Jacobburgh,NC,28195,1K35DN6XY33,H-01138,
C-01644,Christopher,Reyes,1954-09-01,(724) 555-0159,christopher.reyes1644@example.com,6610 William Roads Suite 610,Port Kennethstad,NE,68828,6G73YC6CP63,H-01139,
C-01645,Joshua,Hartman,1942-06-10,(599) 555-0174,joshua.hartman1645@example.com,384 Santos Row,New Williamton,PA,15517,4RM3RP3DM59,H-01140,
C-01646,Adam,Moon,1957-01-01,(591) 555-0189,adam.moon1646@example.com,54695 Austin Flat,South Maryfurt,NE,68137,8R43J10FH04,H-01141,
C-01647,Deborah,Smith,1960-05-22,(826) 555-0192,deborah.smith1647@example.com,9671 Smith Spurs Apt. 666,Adamsland,IL,61003,4W96QR8MT07,H-01142,
C-01648,Christina,Williams,1965-06-24,(624) 555-0164,,1134 Lindsey Plains Suite 169,Kelseyfort,UT,84625,9FH3CX7AD99,H-01143,
C-01649,Allison,Glover,1964-03-04,(614) 555-0158,allison.glover1649@example.com,366 Kelly Divide Suite 899,Mooremouth,AL,35072,,H-01144,
C-01650,Amber,Glover,1960-03-22,(609) 555-0164,amber.glover1650@example.com,366 Kelly Divide Suite 899,Mooremouth,AL,35072,9D82UX0MG52,H-01144,
C-01651,Ashley,Anthony,1962-11-23,(668) 555-0177,ashley.anthony1651@example.com,8791 Johnson Unions,Whitemouth,ID,83617,,H-01145,
C-01652,Angela,Levine,1937-05-22,(205) 555-0179,angela.levine1652@example.com,93201 Ryan Squares Suite 789,South Alexis,KY,41792,8WX0K88JH46,H-01146,
C-01653,Stephen,Murray,1938-09-16,(272) 555-0185,stephen.murray1653@example.com,521 Ward Pass,Teresaville,TX,75527,7MC5Y89UM30,H-01147,
C-01654,Janice,Murray,1946-08-08,(272) 555-0185,janice.murray1654@example.com,521 Ward Pass,Teresaville,TX,75527,9VU0M81NN78,H-01147,
C-01655,Richard,Marquez,1966-11-27,(598) 555-0117,richard.marquez1655@example.com,4692 Colin Spring,West Christopher,ID,83743,,H-01148,
C-01656,Mike,Le,1943-03-06,(561) 555-0183,michael.le1656@example.com,4222 Cook Radial,South Brianview,KY,42404,5A97VK6KA15,H-01149,
C-01657,Sabrina,Le,1939-05-01,(561) 555-0183,sabrina.le1657@example.com,4222 Cook Radial,South Brianview,KY,42404,7QT2YG9YC72,H-01149,
C-01658,Megan,Martinez,1946-10-23,(649) 555-0191,megan.martinez1658@example.com,545 Bass Cape,Ryanhaven,CO,81620,4YF3W19VQ22,H-01150,
C-01659,Stephanie,Ortiz,1958-12-19,(406) 555-0162,stephanie.ortiz1659@example.com,57090 Bryan Locks,Lake Rachel,NC,27746,2M69GR2UJ50,H-01151,
C-01660,Haley,White,1958-12-15,(286) 555-0100,haley.white1660@example.com,32472 Samantha Ridge Suite 400,South Abigailhaven,CA,93955,2RQ5X75MN43,H-01152,
C-01661,Megan,Bishop,1997-04-10,(764) 555-0173,megan.bishop1661@example.com,12616 Smith Circles Apt. 580,North Autumntown,AR,72800,,H-01153,
C-01662,Ashley,Brown,1942-08-08,(583) 555-0199,ashley.brown1662@example.com,152 Miller Cape,Jeremymouth,IL,61350,9Q41E67DH40,H-01154,
C-01663,James,Brown,1940-04-28,(624) 555-0143,james.brown1663@example.com,152 Miller Cape,Jeremymouth,IL,61350,7PC5HM7UK11,H-01154,
C-01664,Audrey,Wiley,1949-12-17,(392) 555-0107,audrey.wiley1664@example.com,1695 Adam Orchard,Rebeccaland,VT,05645,2P85G58GJ01,H-01155,
C-01665,Larry,Wiley,1988-05-04,(495) 555-0129,larry.wiley1665@example.com,1695 Adam Orchard,Rebeccaland,VT,05645,,H-01155,
C-01666,Bob,Miranda,2002-05-03,(684) 555-0158,robert.miranda1666@example.com,432 Gutierrez Point Apt. 652,Joshuafort,TX,78088,,H-01156,
C-01667,Martin,Johnson,1945-11-14,(875) 555-0109,martin.johnson1667@example.com,827 Linda Valleys,East Rachelland,IA,52499,8WM4GY8GX93,H-01157,
C-01668,Eric,Johnson,1941-02-03,(252) 555-0198,eric.johnson1668@example.com,827 Linda Valleys,East Rachelland,IA,52499,9XD0N05UX99,H-01157,
C-01669,Julie,Graham,1959-02-04,(727) 555-0198,julie.graham1669@example.com,21743 Kim Pine Apt. 526,South Michelleside,LA,71218,4D33XN9MJ57,H-01158,
C-01670,Matthew,Williams,1956-08-14,(724) 555-0110,matthew.williams1670@example.com,98344 Amy Fall Suite 364,Hermanside,IA,50281,5UW8XH7TC70,H-01159,
C-01671,Brooke,Summers,1936-06-20,(615) 555-0122,brooke.summers1671@example.com,4065 Harvey Knoll Apt. 562,New Ian,CA,91256,3A47YV0KU07,H-01160,
C-01672,Valerie,Davis,1942-08-07,(508) 555-0146,valerie.davis1672@example.com,1074 Elizabeth Rapid Apt. 311,South Kimberlyfurt,MD,21675,2XW3V95TX28,H-01161,
C-01673,Andrew,Davis,1938-12-10,(837) 555-0155,andrew.davis1673@example.com,1074 Elizabeth Rapid Apt. 311,South Kimberlyfurt,MD,21675,5T78UE5NJ33,H-01161,
C-01674,Elizabeth,Orozco,1958-09-21,(376) 555-0163,elizabeth.orozco1674@example.com,7602 Cynthia Lodge Suite 354,Lake Gregorytown,MO,64480,5Y49P88TC05,H-01162,
C-01675,Ian,Orozco,1992-07-06,(679) 555-0181,ian.orozco1675@example.com,7602 Cynthia Lodge Suite 354,Lake Gregorytown,MO,64480,,H-01162,
C-01676,Michael,Knox,1958-04-06,(893) 555-0178,michael.knox1676@example.com,500 Michelle Trace Apt. 151,Jasonburgh,MT,59665,4WU2AT5TY31,H-01163,
C-01677,Michael,Williams,1946-07-03,(886) 555-0125,michael.williams1677@example.com,9507 Williams Village Suite 173,South Brooke,VA,22986,1X92UT1PT36,H-01164,
C-01678,Joshua,Wilson,1952-03-24,(220) 555-0161,,031 Alec Lock Suite 934,East Hannahshire,IL,61416,2YR6T16AD50,H-01165,
C-01679,Veronica,Moses,1940-03-13,(512) 555-0159,veronica.moses1679@example.com,36089 Brown Plains,Courtneyville,NY,12388,4FX7UM1CN06,H-01166,
C-01680,Brian,Jones,2004-03-01,(585) 555-0142,brian.jones1680@example.com,928 Reed Terrace Apt. 595,North Michael,MI,48515,,H-01167,
C-01681,Paula,Osbrne,1965-03-02,(741) 555-0108,paula.osborne1681@example.com,900 Duncan Views Apt. 186,Woodston,IL,61590,,H-01168,
C-01682,Melanie,Bennett,1976-09-02,(819) 555-0106,melanie.bennett1682@example.com,423 Ashley Heights Suite 953,North Philipmouth,WV,25050,,H-01169,
C-01683,Eric,Bennett,1952-08-09,(819) 555-0106,,423 Ashley Heights Suite 953,North Philipmouth,WV,25050,7TC9YQ0WT49,H-01169,
C-01684,Isaiah,Medina,1944-03-15,(422) 555-0158,isaiah.medina1684@example.com,32501 Lewis Light Suite 426,West Daniel,SD,57499,3TK8G23AC97,H-01170,
C-01685,Bruce,Medina,1954-06-13,(422) 555-0158,,32501 Lewis Light Suite 426,West Daniel,SD,57499,,H-01170,
C-01686,Dawn,Duncan,1938-07-08,(422) 555-0184,dawn.duncan1686@example.com,923 Kyle Walks,North Alexiston,KY,41341,7JU8D53EY15,H-01171,
C-01687,Philip,Davis,1950-08-12,(429) 555-0178,philip.davis1687@example.com,053 Dana Plains Suite 843,East Oliviaville,PA,16607,3UW9D71YG68,H-01172,
C-01688,Christopher,Valencia,1947-03-16,(283) 555-0154,christopher.valencia1688@example.com,90457 Webster Port,Morrisshire,SD,57439,8F69KG0RU08,H-01173,
C-01689,Steven,Jones,2003-06-05,(492) 555-0100,steven.jones1689@example.com,2603 Robert Unions Apt. 027,Michaelburgh,NJ,08522,,H-01174,
C-01690,Corey,Bernard,1940-08-11,(804) 555-0144,,92071 Laurie Ville Apt. 380,East Ryan,MT,59478,4GP1YX0DA26,H-01175,
C-01691,Daniel,Rodriguez,1947-01-15,(536) 555-0173,daniel.rodriguez1691@example.com,58189 Sharp Spur,Arianachester,SD,57068,6PK3KK8GD38,H-01176,
C-01692,Samuel,Rodriguez,1949-08-10,(536) 555-0173,samuel.rodriguez1692@example.com,58189 Sharp Spur,Arianachester,SD,57068,6P53G83UP08,H-01176,
C-01693,Timothy,Stark,1957-06-19,(441) 555-0132,timothy.stark1693@example.com,8819 Carroll Mountain Suite 216,Lake Brentmouth,IA,50435,8X86NR2WA73,H-01177,
C-01694,Diane,Cline,1938-12-28,(375) 555-0178,diane.cline1694@example.com,86928 Nolan Unions,Martinport,WA,99366,6PV7GX3TA62,H-01178,
C-01695,Derek,Krause,1956-06-20,(881) 555-0110,,72002 Christina Plain,Lake Sara,SD,57545,8P70DD5HF70,H-01179,
C-01696,Carl,Adkins,1941-12-05,(700) 555-0111,carl.adkins1696@example.com,41447 Pena Street,Lake Michelle,VA,22594,1NJ8GW9WD22,H-01180,
C-01697,Terri,Adkins,1945-03-16,(700) 555-0111,terri.adkins1697@example.com,41447 Pena Street,Lake Michelle,VA,22594,2G05QF2FA83,H-01180,
C-01698,David,Robinson,2002-02-14,(415) 555-0166,david.robinson1698@example.com,930 Jill Street Apt. 203,West Sharonberg,KY,41215,,H-01181,
C-01699,James,Kng,1958-03-20,(405) 555-0166,james.king1699@example.com,5213 Robbins Canyon Apt. 816,Oliviachester,WA,99167,7AM2UV5UE03,H-01182,
C-01700,Gabriela,Tate,1956-06-14,(904) 555-0174,gabriela.tate1700@example.com,9377 Kelly Prairie,New Amandaberg,NY,13904,9YX0W88VQ08,H-01183,
C-01701,Denise,Tate,1970-01-13,(904) 555-0174,denise.tate1701@example.com,9377 Kelly Prairie,New Amandaberg,NY,13904,9VM4KH7FE32,H-01183,
C-01702,John,Johnson,1942-02-03,(725) 555-0138,john.johnson1702@example.com,1746 Michelle Estate,North Sherry,NC,27929,7V24GE8EW01,H-01184,
C-01703,Robert,Novk,1977-04-26,(834) 555-0188,robert.novak1703@example.com,96622 Laurie Flats Apt. 670,West Richardstad,CO,81245,,H-01185,
C-01704,Tara,Novak,1958-04-27,(834) 555-0188,tara.novak1704@example.com,96622 Laurie Flats Apt. 670,West Richardstad,CO,81245,,H-01185,
C-01705,Barry,Turner,1945-11-27,(386) 555-0196,barry.turner1705@example.com,0636 Christopher Passage Suite 550,Biancaview,NE,68412,4Q72FH8AD37,H-01186,
C-01706,Paul,Bradford,1948-09-13,(708) 555-0118,,3493 Ashley Key Apt. 496,South James,OR,97678,3C04PC9WA63,H-01187,
C-01707,Daisy,Horn,1958-09-13,(392) 555-0153,,14243 Wade Village Suite 854,North Erin,DE,19890,5QE7JC5DN13,H-01188,
C-01708,Lori,Collins,1947-04-12,(407) 555-0143,lori.collins1708@example.com,799 Jodi Lodge,Lake John,MI,48281,4QJ8PU4HJ91,H-01189,
C-01709,Christopher,Collins,1945-03-31,(407) 555-0143,christopher.collins1709@example.com,799 Jodi Lodge,Lake John,MI,48281,,H-01189,
C-01710,Stacy,Sanchez,1935-11-06,(222) 555-0117,stacy.sanchez1710@example.com,3385 Paige Stravenue Suite 725,West Amandabury,VA,23920,1EQ5EY8WY06,H-01190,
C-01711,Stacy,Sanchez,1955-03-16,(673) 555-0160,stacy.sanchez1711@example.com,3385 Paige Stravenue Suite 725,West Amandabury,VA,23920,1KQ1Q02FV43,H-01190,
C-01712,Joseph,Baird,1939-04-11,(283) 555-0103,joseph.baird1712@example.com,311 Charles Pines,Sullivanstad,IN,47762,5DK4F37EX74,H-01191,
C-01713,Anne,Kim,1936-12-07,(844) 555-0179,anne.kim1713@example.com,694 Rivera Motorway Suite 945,West Tammy,GA,30118,6R94F57FX43,H-01192,
C-01714,Vickie,Kim,1957-05-19,(881) 555-0138,vickie.kim1714@example.com,694 Rivera Motorway Suite 945,West Tammy,GA,30118,3HR0TM1UC60,H-01192,
C-01715,Alan,Wolfe,1942-04-07,(632) 555-0123,alan.wolfe1715@example.com,6986 Ryan Harbors Apt. 125,Mitchellside,MO,63357,6K10EQ3TY05,H-01193,
C-01716,Martin,Wolfe,1939-03-08,(306) 555-0103,martin.wolfe1716@example.com,6986 Ryan Harbors Apt. 125,Mitchellside,MO,63357,9G59R05RE20,H-01193,
C-01717,Mary,Wolfe,1958-10-18,(632) 555-0123,,6986 Ryan Harbors Apt. 125,Mitchellside,MO,63357,,H-01193,
C-01718,Sandra,Rodriguez,1953-06-28,(889) 555-0192,sandra.rodriguez1718@example.com,152 Carlson Islands Suite 966,Meganburgh,CO,81686,7N69EW1XV05,H-01194,
C-01719,Brandy,Curtis,1952-12-18,(497) 555-0102,brandy.curtis1719@example.com,4235 Joseph Lights,Port Justinview,WV,25401,7UT6XF1XE05,H-01195,
C-01720,Stephen,Barrett,1951-05-28,(647) 555-0175,stephen.barrett1720@example.com,61454 Jennifer Centers,Knightbury,MI,48803,8LW4JE5PR76,H-01196,
C-01721,Christopher,Frederick,1945-09-10,(424) 555-0121,,008 Tyler Pines,Samanthaberg,FL,67560,2X10NR6NE41,H-01197,
C-01722,Tyler,Williams,1959-04-03,(843) 555-0111,tyler.williams1722@example.com,84523 Ochoa Shoals Suite 268,Greenfort,PA,17488,8AG4G73RJ74,H-01198,
C-01723,David,Ford,1945-08-01,(968) 555-0171,david.ford1723@example.com,086 Hutchinson View,East Rebecca,CO,80909,2DE4TQ2AT34,H-01199,
C-01724,Sharon,Johnson,1949-12-02,(868) 555-0112,sharon.johnson1724@example.com,5633 Smith Harbors Apt. 052,Randolphland,MI,48608,8AA8V89KJ83,H-01200,
C-01725,Mark,Johnson,1945-09-26,(868) 555-0112,,5633 Smith Harbors Apt. 052,Randolphland,MI,48608,5DV9C42MM62,H-01200,
C-01726,Anthony,Wilson,1995-12-05,(733) 555-0195,,02722 Kyle Island,Batesborough,ID,83610,,H-01201,
C-01727,April,Fletcher,1951-01-24,(315) 555-0183,april.fletcher1727@example.com,91368 Troy Expressway Apt. 313,Deanstad,FL,32872,8HW6W51HJ72,H-01202,
C-01728,Kelli,Bowman,1984-03-12,(748) 555-0131,kelli.bowman1728@example.com,09297 Maurice Stravenue Suite 953,East Gary,NY,14364,4JV4D97VT60,H-01203,
C-01729,Scott,Bowman,1956-09-30,(748) 555-0131,scott.bowman1729@example.com,09297 Maurice Stravenue Suite 953,East Gary,NY,14364,2RU8DG8VJ79,H-01203,
C-01730,Jeremiah,Casey,1936-02-29,(557) 555-0131,jeremiah.casey1730@example.com,992 Justin Walk,Vazquezbury,ID,83573,4GC7G04VR11,H-01204,
C-01731,Jeremy,Casey,1973-12-23,(557) 555-0131,jeremy.casey1731@example.com,992 Justin Walk,Vazquezbury,ID,83573,,H-01204,
C-01732,Lindsay,Duran,1955-09-12,(407) 555-0196,lindsay.duran1732@example.com,85076 Rebecca Plaza Suite 082,Lawsonville,GA,30837,5WT4VN6GH78,H-01205,
C-01733,Sydney,Walker,1939-10-16,(921) 555-0153,sydney.walker1733@example.com,0107 Eric Courts,Deannaside,MO,64603,4RW9XC6PU41,H-01206,
C-01734,Jose,Ramos,1944-05-15,(581) 555-0153,jose.ramos1734@example.com,176 Ferguson Green,Mendozamouth,CA,93294,8U27VP9FY45,H-01207,
C-01735,Veronica,Reed,1988-05-17,(835) 555-0148,veronica.reed1735@example.com,32228 Cynthia Throughway,Jonberg,MO,63797,6QU0FE7VG95,H-01208,
C-01736,Michele,Reed,1995-02-20,(763) 555-0101,michele.reed1736@example.com,32228 Cynthia Throughway,Jonberg,MO,63797,,H-01208,
C-01737,John,Mccullough,1973-06-18,(412) 555-0186,john.mccullough1737@example.com,225 Brown Falls,Jasonton,CO,81400,,H-01209,
C-01738,Penny,Mccullough,1948-03-24,(708) 555-0192,penny.mccullough1738@example.com,225 Brown Falls,Jasonton,CO,81400,8MV6H02WD07,H-01209,
C-01739,Stephanie,Gates,1969-03-21,(618) 555-0186,,11804 Sutton Overpass Suite 130,Caldwellbury,KY,40306,6HD7QQ0GM45,H-01210,
C-01740,Brian,Morales,1949-05-20,(663) 555-0142,brian.morales1740@example.com,852 Pamela Cliffs,Port Paul,ME,04579,9HK2RA5HJ88,H-01211,
C-01741,Grant,Jones,1957-05-06,(398) 555-0153,,639 Sandoval Lights Apt. 547,West Lucasshire,GA,31659,5VT4NE2QE93,H-01212,
C-01742,Sarah,Smith,1993-05-14,(931) 555-0141,sarah.smith1742@example.com,1641 Ashlee Spring,Markview,TX,76727,,H-01213,
C-01743,Aaron,Woods,1947-11-08,(771) 555-0162,aaron.woods1743@example.com,693 Hayes Parks,Lindaton,NY,12396,8VH7D05EC41,H-01214,
C-01744,Charles,Hernandez,1941-03-19,(962) 555-0116,charles.hernandez1744@example.com,42620 Cindy Run,Davisland,KY,42125,7UN5TX1FA94,H-01215,
C-01745,Thomas,Friedman,1998-06-03,(597) 555-0162,thomas.friedman1745@example.com,369 Ford Port,Sullivanshire,FL,33275,,H-01216,
C-01746,Charles,Fredman,1958-01-09,(731) 555-0154,charles.friedman1746@example.com,369 Ford Port,Sullivanshire,FL,33275,2ME8JN9CY49,H-01216,
C-01747,Mary,Gomez,1943-01-31,(543) 555-0132,mary.gomez1747@example.com,7319 David Run Suite 075,Wongchester,CO,80177,6D79JY1KQ03,H-01217,
C-01748,Sharon,Gomez,1938-10-14,(543) 555-0132,,7319 David Run Suite 075,Wongchester,CO,80177,9PW7UT0UP01,H-01217,
C-01749,Mike,Willis,1947-02-18,(741) 555-0152,michael.willis1749@example.com,19165 Lopez Passage Suite 231,North Eric,FL,34761,4J48QH8EJ03,H-01218,
C-01750,Robert,Smith,1953-03-14,(781) 555-0162,,7644 Marsh Haven,Smithton,VA,23035,4KX5ME2ET62,H-01219,
C-01751,Ronald,Zamora,1940-07-10,(564) 555-0131,,4486 Morales Ports Suite 974,South Lisafurt,MO,63668,6AM5QV6YR90,H-01220,
C-01752,Paul,Chapman,1957-11-02,(692) 555-0157,,5006 Michael Square,South James,NE,69218,4JJ3NR9MF01,H-01221,
C-01753,Joseph,Chapman,1954-12-11,(933) 555-0198,joseph.chapman1753@example.com,5006 Michael Square,South James,NE,69218,7MD0HD8MD73,H-01221,
C-01754,Brittney,Neal,1959-06-11,(755) 555-0135,brittney.neal1754@example.com,277 Daniel Roads Suite 296,West Jamie,RI,02954,,H-01222,
C-01755,Jennifer,Neal,1949-11-08,(966) 555-0108,jennifer.neal1755@example.com,277 Daniel Roads Suite 296,West Jamie,RI,02954,7F68R50UV13,H-01222,
C-01756,Melissa,Archer,1941-08-17,(245) 555-0159,melissa.archer1756@example.com,5128 Steven Spring,South Kevin,ME,04399,1P28F14CP54,H-01223,
C-01757,Sheri,Baxter,1996-04-16,(666) 555-0127,sheri.baxter1757@example.com,989 Carr Keys Suite 663,Teresaview,TX,79875,,H-01224,
C-01758,Shirley,Bass,1951-10-23,(977) 555-0116,shirley.bass1758@example.com,344 Latoya Inlet Apt. 699,Port Catherine,ME,04334,3HE9P90UW73,H-01225,
C-01759,Robert,Murphy,1948-10-05,(226) 555-0142,,9743 Wiley Greens Apt. 882,East Brandon,MT,59618,7F88MY7PQ57,H-01226,
C-01760,Catherine,Murphy,1959-12-10,(282) 555-0169,catherine.murphy1760@example.com,9743 Wiley Greens Apt. 882,East Brandon,MT,59618,6TW7V92VA95,H-01226,
C-01761,Timothy,Wilson,1981-11-12,(986) 555-0187,timothy.wilson1761@example.com,398 Garcia Estate Apt. 097,North Hayley,DE,19977,,H-01227,
C-01762,Bradley,Wilson,1946-09-30,(361) 555-0157,bradley.wilson1762@example.com,398 Garcia Estate Apt. 097,North Hayley,DE,19977,9VT5VT5CX80,H-01227,
C-01763,Kevin,Reynolds,1943-05-26,(795) 555-0102,kevin.reynolds1763@example.com,8534 Wood Mountains Apt. 203,North Kevinshire,WA,98426,3CF4K64AU31,H-01228,
C-01764,Sarah,Reynolds,1980-01-25,(826) 555-0187,,8534 Wood Mountains Apt. 203,North Kevinshire,WA,98426,,H-01228,
C-01765,Michelle,Harris,1944-10-11,(631) 555-0135,michelle.harris1765@example.com,939 Mackenzie Divide,Danielville,OR,97684,8NR5F20WJ13,H-01229,
C-01766,Mathew,Harris,1942-09-08,(631) 555-0135,,939 Mackenzie Divide,Danielville,OR,97684,5D56Q24HC86,H-01229,
C-01767,Michael,Green,1945-08-03,(958) 555-0132,michael.green1767@example.com,8963 Aguilar Road Suite 086,New Chelsealand,GA,30948,7CR7JU7VW92,H-01230,
C-01768,Emily,Moore,1949-03-15,(298) 555-0158,emily.moore1768@example.com,45663 Charles Plains Suite 034,East Maria,GA,30383,7NW5T45TX03,H-01231,
C-01769,Derek,Moore,1934-09-21,(980) 555-0179,derek.moore1769@example.com,45663 Charles Plains Suite 034,East Maria,GA,30383,4UV4W26NG30,H-01231,
C-01770,Bob,Klein,1956-03-14,(680) 555-0144,robert.klein1770@example.com,47424 Clark Coves,West Jessemouth,MO,65022,8PH9R54DR38,H-01232,
C-01771,Judith,Klein,1944-07-10,(227) 555-0159,,47424 Clark Coves,West Jessemouth,MO,65022,3QJ3AW0KW08,H-01232,
C-01772,Teresa,Lucas,1947-10-19,(676) 555-0161,teresa.lucas1772@example.com,008 Page Divide Suite 690,Port Desiree,SD,57438,2FT1QV1AX81,H-01233,
C-01773,Angie,Martin,1945-04-27,(739) 555-0182,angie.martin1773@example.com,1743 Kevin Ville Suite 023,Staceyburgh,KY,41752,4P79MR8XN37,H-01234,
C-01774,Sheryl,Martin,1940-03-24,(739) 555-0182,sheryl.martin1774@example.com,1743 Kevin Ville Suite 023,Staceyburgh,KY,41752,7CJ2J17AE40,H-01234,
C-01775,Victoria,Morales,1956-04-12,(629) 555-0109,victoria.morales1775@example.com,5275 James Dale Apt. 930,North Dennis,IA,50183,6Y25JJ8MD62,H-01235,
C-01776,Michael,Logan,1944-06-13,(748) 555-0107,michael.logan1776@example.com,03033 Ortiz Mill,Lake Heatherchester,CA,90173,4RJ5RV0VU79,H-01236,
C-01777,Lisa,Logan,1956-08-14,(703) 555-0195,lisa.logan1777@example.com,03033 Ortiz Mill,Lake Heatherchester,CA,90173,1YR4UM2YH26,H-01236,
C-01778,Gilbert,David,1943-04-25,(889) 555-0121,gilbert.david1778@example.com,2799 Potter Island Apt. 024,Jasonland,NE,68153,3QF7U83JE25,H-01237,
C-01779,David,Sampson,1946-02-26,(653) 555-0195,david.sampson1779@example.com,984 Jackson Burgs,West Jennifer,IN,46379,3MQ9QV5ER92,H-01238,
C-01780,Brett,Anderson,1976-09-28,(563) 555-0156,brett.anderson1780@example.com,471 Christopher Stravenue,East Dorothy,IL,61033,6VC7RR4WT84,H-01239,
C-01781,Brendan,Frost,1938-07-28,(572) 555-0116,brendan.frost1781@example.com,76487 Marie Mountains Suite 546,New Kristinburgh,ID,83344,9WE6A13PJ41,H-01240,
C-01782,Michael,Frost,1938-10-18,(845) 555-0121,,76487 Marie Mountains Suite 546,New Kristinburgh,ID,83344,9J55VK4WA12,H-01240,
C-01783,Brenda,Lang,1944-05-10,(205) 555-0175,brenda.lang1783@example.com,727 Matthew Well,East Ericton,IL,60677,5A98A13AW92,H-01241,
C-01784,Tiffany,Miller,1943-02-12,(738) 555-0101,,6844 Stacey Oval Apt. 379,Port Jacobberg,KY,41332,4W86NR2RC08,H-01242,
C-01785,Patricia,Caldwell,1966-12-30,(454) 555-0100,,780 Heidi Spurs,Aguirreton,SD,57089,9U02FC3AT10,H-01243,
C-01786,Gregory,Benson,1938-08-28,(775) 555-0107,gregory.benson1786@example.com,0740 Carmen Knoll,New Teresaview,VA,22414,3T32Y12YM28,H-01244,
C-01787,Keith,Ward,2001-11-23,(532) 555-0144,keith.ward1787@example.com,171 Gregory Park Suite 433,Whitetown,WI,54078,,H-01245,
C-01788,Drew,Ward,1946-07-17,(866) 555-0128,drew.ward1788@example.com,171 Gregory Park Suite 433,Whitetown,WI,54078,4Z69E86DY05,H-01245,
C-01789,Martha,Wiley,1939-10-30,(505) 555-0108,martha.wiley1789@example.com,65496 Regina Streets Apt. 833,Kellymouth,DE,19978,8Y48Y11KN48,H-01246,
C-01790,Katie,Jones,1959-09-09,(749) 555-0194,katie.jones1790@example.com,878 Smith Mountain Apt. 205,Cannonstad,CT,06838,3W98QP8AU20,H-01247,
C-01791,Tyler,Chavez,1949-10-15,(981) 555-0184,,77492 Simmons Shoals Apt. 295,Hallburgh,OR,97426,,H-01248,
C-01792,Luis,Chavez,1940-11-05,(493) 555-0161,luis.chavez1792@example.com,77492 Simmons Shoals Apt. 295,Hallburgh,OR,97426,1F95EX0QT24,H-01248,
C-01793,Miguel,Johnson,2001-10-15,(670) 555-0149,miguel.johnson1793@example.com,59206 Norma Keys,East Lisaberg,VT,05836,,H-01249,
C-01794,Ryan,Morales,1950-11-14,(283) 555-0164,ryan.morales1794@example.com,94115 Robinson Drive,Leslieshire,CA,90291,5FC2GH0NX75,H-01250,
C-01795,Elizabeth,Johnson,1947-07-22,(661) 555-0146,elizabeth.johnson1795@example.com,262 Beck Falls Apt. 661,Elizabethhaven,TX,77344,6Q88PA6QK87,H-01251,
C-01796,Gerald,Herring,1939-11-16,(494) 555-0136,gerald.herring1796@example.com,33138 Bradley Ports Apt. 211,Port Edwin,FL,32956,5E24PC5QH37,H-01252,
C-01797,Alan,Evans,1948-10-31,(534) 555-0172,alan.evans1797@example.com,4815 Molly Plains,Nicholsfurt,NE,69115,3XV1HJ2MD99,H-01253,
C-01798,Kathryn,Evans,1944-05-04,(399) 555-0148,kathryn.evans1798@example.com,4815 Molly Plains,Nicholsfurt,NE,69115,5WY0XV5YF71,H-01253,
C-01799,Laura,Smith,1971-10-27,(848) 555-0194,laura.smith1799@example.com,548 Pedro Inlet,Port Mary,WI,53250,,H-01254,
C-01800,Gregory,Smith,1952-08-21,(625) 555-0181,gregory.smith1800@example.com,548 Pedro Inlet,Port Mary,WI,53250,2T69C00NH12,H-01254,
C-01801,Donna,Robinson,1959-01-21,(856) 555-0121,donna.robinson1801@example.com,8735 Parsons Loaf Suite 464,New Ryanberg,NE,69012,4E58JP9ME23,H-01255,
C-01802,Daniel,Robinson,1957-07-01,(856) 555-0121,daniel.robinson1802@example.com,8735 Parsons Loaf Suite 464,New Ryanberg,NE,69012,8D91QG7KH51,H-01255,
C-01803,Cheryl,Mitchell,1952-06-17,(847) 555-0162,cheryl.mitchell1803@example.com,622 James Brook,Hannahton,WA,98099,1G06HJ5QK16,H-01256,
C-01804,Brooke,Chapman,1953-04-05,(298) 555-0160,brooke.chapman1804@example.com,47891 Thomas Ridges,Hernandezchester,ID,83792,4Q98PC4MW52,H-01257,
C-01805,Bryan,Mccarthy,1953-09-08,(279) 555-0114,,812 Daniel Plaza Apt. 036,Ortizburgh,IA,50804,1AK5V99FU52,H-01258,
C-01806,Jimmy,Moreno,1944-03-26,(575) 555-0145,jimmy.moreno1806@example.com,28538 Lopez Court Apt. 505,West John,CA,91542,3WK3YX7MV69,H-01259,
C-01807,Jennifer,Moreno,1997-03-08,(201) 555-0173,jennifer.moreno1807@example.com,28538 Lopez Court Apt. 505,West John,CA,91542,,H-01259,
C-01808,Sarah,Avila,1946-04-07,(729) 555-0176,sarah.avila1808@example.com,269 Donna Port Apt. 076,Martinmouth,ID,83840,1QN8Q79UF23,H-01260,
C-01809,Cynthia,Wgner,1935-10-24,(294) 555-0138,,83896 Jason Orchard,Mcculloughland,FL,33297,3C62WQ1FF32,H-01261,
C-01810,Edwin,Love,1951-09-20,(809) 555-0119,edwin.love1810@example.com,67136 Sanford Coves Apt. 132,East Rachel,IA,50894,1AA1HF7VY28,H-01262,
C-01811,Cody,Snyder,1945-03-23,(955) 555-0189,,2791 Nguyen Track,South Stephaniefort,IL,61835,9Y77TX5HQ14,H-01263,
C-01812,Stuart,Howell,1950-02-27,(697) 555-0124,stuart.howell1812@example.com,5920 Melissa Via,Johnland,KY,40116,7DU3RG9FM59,H-01264,
C-01813,Lynn,Ewing,1954-12-01,(399) 555-0164,lynn.ewing1813@example.com,1781 Booker Manor Apt. 845,Thompsontown,FL,34438,3V73HV1HV52,H-01265,
C-01814,Edward,Ewing,1951-09-10,(904) 555-0112,,1781 Booker Manor Apt. 845,Thompsontown,FL,34438,5DG4N92GX24,H-01265,
C-01815,Patricia,Watkins,1985-10-11,(909) 555-0124,patricia.watkins1815@example.com,5686 Cheryl Knoll Apt. 257,West Christina,ME,04289,8KE5H75WJ38,H-01266,
C-01816,Cathy,Riley,1943-03-30,(963) 555-0134,cathy.riley1816@example.com,5394 Fuller Branch,Rojasberg,FL,33881,3P57FJ2HA07,H-01267,
C-01817,Kimberly,Smith,1958-12-21,(591) 555-0173,kimberly.smith1817@example.com,7296 Garza Hollow Apt. 799,Washingtonside,NY,14646,3Z70GN2PK11,H-01268,
C-01818,April,Combs,1980-09-06,(783) 555-0151,april.combs1818@example.com,7485 Sullivan Club Apt. 984,South Stevenport,WV,26153,1JH6KG4NH20,H-01269,
C-01819,Crystal,Combs,1947-07-17,(929) 555-0134,crystal.combs1819@example.com,7485 Sullivan Club Apt. 984,South Stevenport,WV,26153,2CY1N16WJ09,H-01269,
C-01820,Garrett,Sparks,1995-01-15,(885) 555-0148,,9881 Carter Prairie,West Kellytown,WV,26780,,H-01270,
C-01821,Danielle,Sparks,1959-08-27,(312) 555-0117,danielle.sparks1821@example.com,9881 Carter Prairie,West Kellytown,WV,26780,5V40PQ9MF11,H-01270,
C-01822,Martha,Nelson,1958-05-04,(378) 555-0103,martha.nelson1822@example.com,52102 Taylor Mount Apt. 664,North Maryburgh,KY,40156,4A26MC4DF10,H-01271,
C-01823,Martha,Wells,1979-09-24,(656) 555-0145,martha.wells1823@example.com,130 Nancy Unions Apt. 574,New Brooke,SC,29840,,H-01272,
C-01824,Julia,Wells,1979-07-26,(686) 555-0106,julia.wells1824@example.com,130 Nancy Unions Apt. 574,New Brooke,SC,29840,2N43WQ1EN11,H-01272,
C-01825,Brandon,Smith,1959-11-13,(308) 555-0182,brandon.smith1825@example.com,563 Edward Mission,Roseton,CO,80150,8GN5HE0UH71,H-01273,
C-01826,Michael,Smith,1994-05-01,(762) 555-0166,michael.smith1826@example.com,563 Edward Mission,Roseton,CO,80150,,H-01273,
C-01827,Tiffany,Petersen,1967-11-01,(444) 555-0109,,619 Newman Brook Suite 641,Katrinaborough,KY,40112,,H-01274,
C-01828,Elizabeth,Petersen,1954-11-16,(889) 555-0101,elizabeth.petersen1828@example.com,619 Newman Brook Suite 641,Katrinaborough,KY,40112,3GV8T74DN94,H-01274,
C-01829,Crystal,Johnson,1938-02-22,(604) 555-0155,,7908 Sloan Brook Apt. 872,Humphreyton,PA,17733,9D81CN1GX27,H-01275,
C-01830,James,Johnson,1946-01-15,(861) 555-0122,james.johnson1830@example.com,7908 Sloan Brook Apt. 872,Humphreyton,PA,17733,9FK0VY3PD33,H-01275,
C-01831,Angelica,Blevins,1934-07-16,(597) 555-0182,,103 Ellison Hollow Suite 299,South Timothymouth,WV,24990,2FQ6C88RX61,H-01276,
C-01832,Ronald,Stewart,1947-06-06,(412) 555-0127,,2406 Kristin Crossroad Apt. 559,Brennanberg,UT,84661,6CQ6Q07RA55,H-01277,
C-01833,Kyle,Green,1994-03-31,(841) 555-0179,kyle.green1833@example.com,21905 Jason Roads,Scotttown,TX,75153,,H-01278,
C-01834,Tara,Rivas,1959-03-25,(330) 555-0133,tara.rivas1834@example.com,8455 Carolyn Islands Apt. 138,West Adam,NE,69308,1TQ1XE8EM98,H-01279,
C-01835,Karl,Rivas,1987-12-18,(913) 555-0111,,8455 Carolyn Islands Apt. 138,West Adam,NE,69308,,H-01279,
C-01836,Steven,Schultz,1957-04-14,(563) 555-0182,,12900 Preston Shoals Apt. 117,Port Danielle,ID,83424,3GY5C28JW60,H-01280,
C-01837,Eric,Schultz,1949-06-19,(533) 555-0109,,12900 Preston Shoals Apt. 117,Port Danielle,ID,83424,4K17MH9FU08,H-01280,
C-01838,Meagan,Jackson,1965-07-20,(206) 555-0164,meagan.jackson1838@example.com,839 Peters Station Suite 852,New Elizabeth,GA,30014,,H-01281,
C-01839,Brian,West,1942-09-22,(563) 555-0114,brian.west1839@example.com,516 Tiffany Islands,Richardsonland,SC,29868,5K89CK3XM61,H-01282,
C-01840,Danielle,Duran,1937-07-01,(864) 555-0104,danielle.duran1840@example.com,054 Jonathan Motorway,Josephbury,CO,81034,7P35XF1VX56,H-01283,
C-01841,Michael,Duran,1953-11-25,(746) 555-0105,michael.duran1841@example.com,054 Jonathan Motorway,Josephbury,CO,81034,9MW7RD4MK33,H-01283,
C-01842,Jordan,Stevens,1975-11-28,(649) 555-0143,jordan.stevens1842@example.com,7841 Wilson Prairie,Jacquelineshire,IL,61642,,H-01284,
C-01843,Haley,Cobb,1944-12-03,(551) 555-0120,,53788 Jeffrey Crossing,South Christopher,IL,60020,5Q31ND2ER76,H-01285,
C-01844,John,Cobb,1939-07-12,(333) 555-0194,john.cobb1844@example.com,53788 Jeffrey Crossing,South Christopher,IL,60020,7PW2XH8NK04,H-01285,
C-01845,James,Daniels,1941-03-01,(224) 555-0166,james.daniels1845@example.com,0878 Lisa Point,West Laurafort,VA,23896,7NJ2W23DP30,H-01286,
C-01846,Linda,Webb,1965-06-08,(445) 555-0135,,625 Lawrence Crossing Suite 465,West Jessica,SD,57602,,H-01287,
C-01847,Nicholas,Ramos,1941-01-08,(414) 555-0125,nicholas.ramos1847@example.com,89156 Lopez Harbors,Crawfordfort,RI,02865,5F85AT4JV20,H-01288,
C-01848,Nicholas,Scott,1948-02-13,(848) 555-0149,,691 Walker Via,Taylorshire,KY,41581,2KG4UK1PD63,H-01289,
C-01849,Rebecca,Smith,1950-08-24,(471) 555-0183,rebecca.smith1849@example.com,5099 Hannah Creek Apt. 898,Timothyshire,UT,84289,8P37UH0QD46,H-01290,
C-01850,Samuel,Aguilar,1935-06-20,(894) 555-0142,,11896 Conway Extension Suite 648,Christinemouth,DE,19793,7FT8J08UU76,H-01291,
C-01851,Jessica,Silva,1940-11-04,(629) 555-0145,jessica.silva1851@example.com,5958 Sonia Streets Apt. 902,North Scott,CO,81434,7NG9J96UP62,H-01292,
C-01852,Tammy,Evans,1995-07-01,(793) 555-0133,tammy.evans1852@example.com,48839 Roach Mountain,West Karenhaven,RI,02851,,H-01293,
C-01853,Sara,Evans,1992-11-23,(986) 555-0190,,48839 Roach Mountain,West Karenhaven,RI,02851,,H-01293,
C-01854,Wesley,Clark,1996-01-10,(446) 555-0165,,3672 Hendrix Cove,East Jessicatown,UT,84034,,H-01294,
C-01855,Karen,Clark,1941-11-18,(678) 555-0191,karen.clark1855@example.com,3672 Hendrix Cove,East Jessicatown,UT,84034,6MK2KC2YK80,H-01294,
C-01856,Gary,Mccoy,1951-10-31,(663) 555-0151,gary.mccoy1856@example.com,93978 Joshua Junction,Port Andrewshire,ID,83691,8TE1PT8TH78,H-01295,
C-01857,Dan,Mccoy,2000-06-03,(940) 555-0163,daniel.mccoy1857@example.com,93978 Joshua Junction,Port Andrewshire,ID,83691,,H-01295,
C-01858,Amanda,Garner,1938-10-28,(936) 555-0115,amanda.garner1858@example.com,055 Ann Manors Suite 933,Christophermouth,VA,23299,9X06U86GD82,H-01296,
C-01859,Kristin,Johnston,1957-11-09,(904) 555-0158,kristin.johnston1859@example.com,705 David Locks,Lake Julieville,IL,61405,6TY2NT8PG35,H-01297,
C-01860,Bobby,Cummings,1975-08-13,(555) 555-0140,bobby.cummings1860@example.com,38297 Taylor Way,Michaelbury,KY,41034,,H-01298,
C-01861,Kevin,Suarez,1938-11-25,(646) 555-0158,,858 Melissa Stravenue,North Justinton,NC,28403,4E56MN3WH36,H-01299,
C-01862,Jennifer,Suarez,1937-07-04,(291) 555-0104,jennifer.suarez1862@example.com,858 Melissa Stravenue,North Justinton,NC,28403,6M26TN9DM99,H-01299,
C-01863,Bill,Vaughn,1943-06-23,(639) 555-0168,william.vaughn1863@example.com,1587 Nicholas Locks,South Christian,SD,57046,5HN4PQ3QU98,H-01300,
C-01864,John,Cole,1948-06-24,(623) 555-0157,john.cole1864@example.com,335 Lauren Circle Apt. 585,Davisport,ID,83739,3AQ0KF9MF99,H-01301,
C-01865,Debra,Cole,1938-04-10,(794) 555-0164,debra.cole1865@example.com,335 Lauren Circle Apt. 585,Davisport,ID,83739,8W82CX9HV72,H-01301,
C-01866,Donna,Austin,1977-12-19,(263) 555-0192,donna.austin1866@example.com,3979 Michael Turnpike Apt. 164,South Sue,TX,76862,,H-01302,
C-01867,Mary,Austin,1947-01-08,(637) 555-0110,,3979 Michael Turnpike Apt. 164,South Sue,TX,76862,4E64H93RA57,H-01302,
C-01868,Kenneth,Sloan,1956-11-30,(977) 555-0187,,7270 Amy Manor,Ortizmouth,MO,65110,1Y71JQ4DU65,H-01303,
C-01869,Jamie,Walters,1933-10-28,(733) 555-0101,jamie.walters1869@example.com,4416 Austin Cove,Haleymouth,DE,19753,1YQ4HY4PH49,H-01304,
C-01870,Amanda,Walters,1965-09-17,(733) 555-0101,amanda.walters1870@example.com,4416 Austin Cove,Haleymouth,DE,19753,,H-01304,
C-01871,Dennis,Clark,1987-12-24,(539) 555-0141,dennis.clark1871@example.com,4051 Jacob Points Apt. 273,West Douglaschester,GA,30976,,H-01305,
C-01872,Brady,Andrews,1939-05-06,(984) 555-0181,,4471 Brittany Underpass,North Barbara,NY,10142,4PH9E00JV91,H-01306,
C-01873,Tyler,Andrews,1944-04-14,(588) 555-0167,,4471 Brittany Underpass,North Barbara,NY,10142,1K23YK2XA08,H-01306,
C-01874,Jasmine,Rodriguez,1958-07-15,(225) 555-0127,,909 Glen Plain Suite 987,Monicastad,IL,60661,9RX4VP3CT48,H-01307,
C-01875,Mariah,Rodriguez,1952-09-24,(225) 555-0127,mariah.rodriguez1875@example.com,909 Glen Plain Suite 987,Monicastad,IL,60661,9EJ6DU0AC48,H-01307,
C-01876,Lori,Combs,1955-04-22,(209) 555-0192,lori.combs1876@example.com,727 Shawn Flat Apt. 688,Port Danielfurt,ID,83613,7FN5RD4KE29,H-01308,
C-01877,Jeffrey,Nixon,1951-01-11,(362) 555-0132,jeffrey.nixon1877@example.com,43988 William Ford,Ramosstad,OH,43363,1YQ5F96DF16,H-01309,
C-01878,Michael,Mcmahon,1957-03-01,(927) 555-0126,,64770 Davis Stravenue,New Alexanderville,DE,35221,6P06T83GJ83,H-01310,
C-01879,Bill,Mcmahon,1955-01-16,(927) 555-0126,william.mcmahon1879@example.com,64770 Davis Stravenue,New Alexanderville,DE,19721,1NH8X40NY50,H-01310,
C-01880,Michael,Ramsey,1946-08-05,(326) 555-0106,,28262 Baker Expressway Apt. 412,North Cheryl,NY,13022,6XD5T89VD55,H-01311,
C-01881,Steven,Ramsey,1952-11-15,(288) 555-0103,steven.ramsey1881@example.com,28262 Baker Expressway Apt. 412,North Cheryl,NY,13022,8HF8MF4VU29,H-01311,
C-01882,Nathan,Moore,1984-01-24,(350) 555-0104,nathan.moore1882@example.com,4100 Norris Villages,Coryborough,AR,72733,,H-01312,
C-01883,Amy,Christensen,1958-06-11,(424) 555-0107,amy.christensen1883@example.com,109 Klein Inlet,Lake Sandraberg,OH,43707,4DM6M64GD43,H-01313,
C-01884,Laura,Wilkinson,1950-12-17,(225) 555-0184,laura.wilkinson1884@example.com,98726 Glenn Ports Suite 322,Christianfort,IA,51560,8YX8T22PQ96,H-01314,
C-01885,Cory,Fox,1954-06-12,(663) 555-0121,cory.fox1885@example.com,0432 Garcia Place,North Jamesfurt,PA,18948,1TE1Y74UN05,H-01315,
C-01886,Patrick,Fox,1938-03-26,(943) 555-0128,patrick.fox1886@example.com,0432 Garcia Place,North Jamesfurt,PA,18948,3H48D54JH16,H-01315,
C-01887,Kimberly,Wheeler,1937-12-09,(318) 555-0114,kimberly.wheeler1887@example.com,0286 Benson Extension,East Kimberlyton,NE,68062,2EP7W87FJ90,H-01316,
C-01888,Anthony,Jacobs,1937-04-30,(416) 555-0151,anthony.jacobs1888@example.com,6219 Gonzalez Plains,North Matthewfort,UT,84416,5Q39HT1KT87,H-01317,
C-01889,Kimberly,Lopez,1934-05-21,(817) 555-0132,kimberly.lopez1889@example.com,3259 Anthony Mountain,New Steven,TX,78939,5JT9HQ6RC44,H-01318,
C-01890,Jon,Brock,1950-12-04,(861) 555-0128,,21138 Knight Summit Suite 167,East David,NE,69256,5P22T83JE88,H-01319,
C-01891,Tiffany,Brown,1940-09-16,(816) 555-0192,tiffany.brown1891@example.com,617 Ashley Plaza Apt. 707,Kirkchester,MO,65781,8C64PN3AA17,H-01320,
C-01892,Joseph,Pruitt,1952-09-05,(768) 555-0145,joseph.pruitt1892@example.com,4225 Christopher Locks,East Matthewborough,AR,72580,3N71UU4WP65,H-01321,
C-01893,Mike,May,1997-09-05,(339) 555-0119,michael.may1893@example.com,09447 Ware Lane,East Emilychester,KS,67795,,H-01322,
C-01894,Michael,Wilcox,1962-08-08,(726) 555-0159,michael.wilcox1894@example.com,27617 Cortez Burg,West Stacy,UT,84520,,H-01323,
C-01895,Amber,Wilcox,1995-08-02,(551) 555-0149,amber.wilcox1895@example.com,27617 Cortez Burg,West Stacy,UT,84520,,H-01323,
C-01896,Victoria,Gilmore,1937-04-13,(733) 555-0132,victoria.gilmore1896@example.com,0211 Luis Plain,East Lindaside,LA,70050,6FH6KX4DE00,H-01324,
C-01897,Joseph,Porter,1938-02-05,(451) 555-0123,joseph.porter1897@example.com,986 Mendoza Meadow Suite 237,Kiddtown,KS,67418,8X52XR0NV65,H-01325,
C-01898,Richard,Williams,1944-02-10,(281) 555-0187,richard.williams1898@example.com,0837 Tiffany Creek Apt. 749,North Samuel,GA,30927,8KY9N98XH67,H-01326,
C-01899,David,Gordon,1952-10-15,(355) 555-0126,david.gordon1899@example.com,9235 Joshua Grove,Nelsonton,TX,75508,6GF3TU5CK48,H-01327,
C-01900,Kathleen,Johns,1984-11-12,(606) 555-0192,kathleen.johns1900@example.com,4622 Gary Expressway Apt. 720,Raventown,MD,21213,,H-01328,
C-01901,Adam,Rodriguez,1941-09-14,(591) 555-0109,adam.rodriguez1901@example.com,00886 Laura Summit,Chavezshire,AL,36085,2CF9R15KM19,H-01329,
C-01902,James,Jennings,1946-06-28,(481) 555-0150,james.jennings1902@example.com,41600 Patrick Terrace,Port Jimmy,DC,20241,6QA4W45DD99,H-01330,
C-01903,Michelle,Bender,1984-08-04,(704) 555-0165,michelle.bender1903@example.com,989 Singh River Apt. 608,Kevinland,GA,30309,,H-01331,
C-01904,Christopher,Benton,1943-02-17,(346) 555-0144,,4630 Andrew Ranch Suite 336,North Jenniferbury,IA,50477,7DU6P17GG45,H-01332,
C-01905,Cody,Benton,1937-05-10,(346) 555-0144,cody.benton1905@example.com,4630 Andrew Ranch Suite 336,North Jenniferbury,IA,50477,4UV3Q71PX26,H-01332,
C-01906,Jordan,Lopez,1939-09-23,(831) 555-0125,,1985 Rivera Divide,Edwardtown,PA,17301,3WC3JT1KF13,H-01333,
C-01907,Melanie,Lopez,1938-01-17,(785) 555-0141,melanie.lopez1907@example.com,1985 Rivera Divide,Edwardtown,PA,17301,8R32YJ3QX83,H-01333,
C-01908,Jack,Lawson,1935-01-15,(232) 555-0176,john.lawson1908@example.com,53534 Jenkins Mission,Nicholasshire,LA,71285,1KA9HJ6GT24,H-01334,
C-01909,William,Delgado,1936-01-28,(338) 555-0188,,6720 Brian Dam Suite 028,Lake Williamberg,PA,18129,2NP3FN0EQ99,H-01335,
C-01910,Candace,Delgado,1994-05-03,(533) 555-0113,candace.delgado1910@example.com,6720 Brian Dam Suite 028,Lake Williamberg,PA,18129,,H-01335,
C-01911,James,Walsh,1944-08-19,(513) 555-0161,,26208 Mason Cliff Suite 452,Perezstad,IL,61295,1TF3XE9DW46,H-01336,
C-01912,Shawna,Parks,1982-04-30,(971) 555-0174,shawna.parks1912@example.com,35700 Miller River Apt. 828,Danielville,DC,20458,,H-01337,
C-01913,Carolyn,Brown,1942-04-07,(497) 555-0130,carolyn.brown1913@example.com,559 Justin Way,Wilsonton,FL,32425,1KH4FM9ER26,H-01338,
C-01914,Natasha,Davis,1998-12-03,(397) 555-0165,natasha.davis1914@example.com,46600 David Gardens,South Christopher,AL,35687,,H-01339,
C-01915,Jill,Smith,1972-12-29,(535) 555-0112,jill.smith1915@example.com,29615 David Shoal,Staceystad,KY,40358,1V33JG7EA45,H-01340,
C-01916,Tammy,Reyes,1958-03-21,(280) 555-0177,,3446 Tara Inlet Apt. 276,Port Cynthia,FL,34456,6KT1P74HJ82,H-01341,
C-01917,Jordan,Bruce,1949-12-23,(378) 555-0165,,153 Michael Stravenue,Lake Kyle,WA,98917,6TE8RX1XV16,H-01342,
C-01918,Philip,Smith,1957-06-09,(406) 555-0127,philip.smith1918@example.com,617 Nichols Estates Suite 127,South Shawn,NE,68612,7DR1R60NK33,H-01343,
C-01919,Kelly,Tyler,1949-06-01,(379) 555-0113,kelly.tyler1919@example.com,656 Melissa Harbor Apt. 976,Dixonview,MI,49500,9YM0QY7FY67,H-01344,
C-01920,Stuart,Tyler,1940-02-13,(628) 555-0177,stuart.tyler1920@example.com,656 Melissa Harbor Apt. 976,Dixonview,MI,08300,9Q24UK0EY25,H-01344,
C-01921,Kevin,Drake,1952-09-06,(923) 555-0129,,290 Michael Camp,Proctorville,ID,83237,3QU5MP7RX09,H-01345,
C-01922,Ariel,Drake,1954-01-14,(923) 555-0129,ariel.drake1922@example.com,290 Michael Camp,Proctorville,ID,83237,9VG3EH2YY67,H-01345,
C-01923,Cassandra,Bridges,1945-10-06,(790) 555-0118,cassandra.bridges1923@example.com,23543 Brown Stream Suite 682,East Christopherchester,MO,64631,5JU6HR6GV71,H-01346,
C-01924,Karen,Bridges,1941-04-12,(725) 555-0146,karen.bridges1924@example.com,23543 Brown Stream Suite 682,East Christopherchester,MO,64631,5WR3CY9TF85,H-01346,
C-01925,Craig,Miranda,1956-04-02,(322) 555-0133,craig.miranda1925@example.com,4920 Keller Harbor,Dawnland,OR,97990,1XQ7QF4FW57,H-01347,
C-01926,Jennifer,Miranda,1951-09-06,(875) 555-0156,jennifer.miranda1926@example.com,4920 Keller Harbor,Dawnland,OR,97990,8ND0XA6PE94,H-01347,
C-01927,Michelle,Mason,1938-06-16,(205) 555-0122,michelle.mason1927@example.com,88182 Wright Walks Suite 343,Ericaport,MO,63506,6CD1MT4TG99,H-01348,
C-01928,Linda,Mason,1951-11-23,(707) 555-0144,linda.mason1928@example.com,88182 Wright Walks Suite 343,Ericaport,MO,63506,5NQ8MM2QJ33,H-01348,
C-01929,Corey,Reed,1956-05-04,(498) 555-0171,corey.reed1929@example.com,849 Herrera Lodge,Greentown,NC,27691,7CQ4K59CH59,H-01349,
C-01930,David,Roy,1935-10-07,(665) 555-0114,david.roy1930@example.com,21254 Diana Harbors,Port Jessicabury,PA,19383,3E08GD6AR39,H-01350,
C-01931,Brooke,Harris,1942-12-20,(263) 555-0119,brooke.harris1931@example.com,49860 Tyler Courts Suite 003,North Yvonne,CO,80069,8A42PT9NJ56,H-01351,
C-01932,Andrea,Harris,1952-12-02,(919) 555-0150,andrea.harris1932@example.com,49860 Tyler Courts Suite 003,North Yvonne,CO,80069,1GJ8KY2CJ17,H-01351,
C-01933,Brittany,Akins,1947-11-21,(574) 555-0198,brittany.adkins1933@example.com,14003 Ellison Mountains,East Danielfort,AR,72586,2AQ7JJ3VG76,H-01352,
C-01934,Justin,Perkins,1950-12-20,(831) 555-0173,justin.perkins1934@example.com,860 Nicole Throughway Suite 259,Lake Williamville,NE,68766,6GA1A11PM44,H-01353,
C-01935,Tiffany,Perkins,1965-11-22,(831) 555-0173,tiffany.perkins1935@example.com,860 Nicole Throughway Suite 259,Lake Williamville,NE,68766,,H-01353,
C-01936,Garrett,Kennedy,1940-01-26,(908) 555-0135,garrett.kennedy1936@example.com,550 Chase Mill Suite 358,Lake David,IL,60500,1F99TG9NT55,H-01354,
C-01937,Christina,Rodriguez,1934-01-02,(379) 555-0115,,072 George Centers Apt. 716,South Anthonyhaven,AK,99620,8MR2E73HM59,H-01355,
C-01938,Seth,Perez,1977-05-02,(534) 555-0176,seth.perez1938@example.com,39964 Henry Crest,South Matthew,NC,28992,6H47R73TW25,H-01356,
C-01939,Kelly,Caldwell,1960-04-20,(894) 555-0163,kelly.caldwell1939@example.com,102 Payne Spring Suite 578,North Geoffreyview,LA,71241,6CQ7Y39RK51,H-01357,
C-01940,Elizabeth,Green,1941-04-02,(635) 555-0133,elizabeth.green1940@example.com,62216 Kristina Lights,Arnoldmouth,KY,40921,1M26R60QJ82,H-01358,
C-01941,Andrew,Green,1939-11-09,(635) 555-0133,andrew.green1941@example.com,62216 Kristina Lights,Arnoldmouth,KY,40921,3GN2EG3WA29,H-01358,
C-01942,Madeline,Kline,1944-11-13,(676) 555-0133,madeline.kline1942@example.com,516 John Vista Suite 215,Lake Darrellchester,DC,20365,3YN4P48YJ85,H-01359,
C-01943,Keith,Lane,1955-12-25,(868) 555-0186,keith.lane1943@example.com,07033 Williams Via Suite 243,New Amandabury,MN,56297,3AX0DW1UM97,H-01360,
C-01944,Micheal,Hernandez,1936-04-20,(599) 555-0181,,130 Kevin Coves Suite 910,Micheleton,MO,63140,8KC0PY7PV34,H-01361,
C-01945,Charles,Hernandez,1951-08-17,(392) 555-0169,charles.hernandez1945@example.com,130 Kevin Coves Suite 910,Micheleton,MO,63140,,H-01361,
C-01946,Mark,Davis,1945-12-09,(874) 555-0103,,586 Powell Underpass Apt. 395,West Andrea,MO,64797,7D96XK1HP12,H-01362,
C-01947,John,Flores,1978-12-07,(335) 555-0117,john.flores1947@example.com,7642 Wagner Valley,Foleyville,NY,13059,,H-01363,
C-01948,Matthew,Flores,1971-11-06,(955) 555-0107,matthew.flores1948@example.com,7642 Wagner Valley,Foleyville,NY,13059,,H-01363,
C-01949,Matthew,Hunter,1936-02-04,(926) 555-0199,matthew.hunter1949@example.com,81775 Dennis Ramp,Kathyfort,IN,47175,5HW5RH3UP98,H-01364,
C-01950,Taylor,Mejia,1937-10-06,(323) 555-0192,taylor.mejia1950@example.com,60972 Jessica Brook Apt. 446,Kelseychester,SD,57014,8YN2HH1KJ24,H-01365,
C-01951,Benjamin,Mejia,1953-01-13,(775) 555-0166,,60972 Jessica Brook Apt. 446,Kelseychester,SD,57014,1V31H12GC82,H-01365,
C-01952,Timothy,Fischer,1998-09-14,(345) 555-0185,,1073 Margaret Mountain,West Patrickview,UT,84153,,H-01366,
C-01953,Wanda,Fischer,1953-07-25,(462) 555-0175,wanda.fischer1953@example.com,1073 Margaret Mountain,West Patrickview,UT,84153,1EW3EJ7UK34,H-01366,
C-01954,Charles,Phillips,1940-10-14,(284) 555-0180,charles.phillips1954@example.com,0317 Parker Forks,Port Jacobmouth,SD,57206,6MQ2DD6TA06,H-01367,
C-01955,Kevin,Phillips,1940-04-12,(419) 555-0149,kevin.phillips1955@example.com,0317 Parker Forks,Port Jacobmouth,SD,57206,3E43NC1EJ44,H-01367,
C-01956,Zachary,Lopez,1936-12-07,(808) 555-0132,zachary.lopez1956@example.com,726 Fernando Extensions Suite 468,Zavalamouth,OR,97874,3PM7F10MU44,H-01368,
C-01957,Kevin,Lopez,1974-04-26,(808) 555-0132,kevin.lopez1957@example.com,726 Fernando Extensions Suite 468,Zavalamouth,OR,97874,,H-01368,
C-01958,Mary,Jones,1953-08-20,(774) 555-0178,mary.jones1958@example.com,6642 Sean Lane,East Timothy,MI,49002,3DJ9EJ6YY75,H-01369,
C-01959,William,Reynolds,1955-04-22,(202) 555-0191,william.reynolds1959@example.com,3867 Holt Knolls,East Patricia,DE,19832,9HK1GM7FG37,H-01370,
C-01960,Jordan,Waters,1945-02-10,(811) 555-0177,,060 Holmes Pike Suite 932,Lake Matthewstad,IL,60530,3EA8N98HT55,H-01371,
C-01961,Brian,Jenkins,1941-10-05,(729) 555-0190,brian.jenkins1961@example.com,89273 Harmon Islands Suite 640,Jamesmouth,CT,06193,9E91YY4GW17,H-01372,
C-01962,Thomas,Jenkins,1941-10-31,(527) 555-0143,thomas.jenkins1962@example.com,89273 Harmon Islands Suite 640,Jamesmouth,CT,06193,5HH4X17EY72,H-01372,
C-01963,Richard,Clark,1934-02-08,(861) 555-0110,richard.clark1963@example.com,5542 Jefferson Radial Apt. 384,Port Henry,AK,99578,4FM3A18UG44,H-01373,
C-01964,Maria,Huff,1939-07-02,(783) 555-0164,maria.huff1964@example.com,3202 Sherry Drive,Garcialand,OH,45714,5M09PG0TQ99,H-01374,
C-01965,Denise,Huff,1949-08-08,(783) 555-0164,denise.huff1965@example.com,3202 Sherry Drive,Garcialand,OH,45714,1E88CC5KM02,H-01374,
C-01966,Richard,Hood,1981-03-05,(558) 555-0160,,9171 Martin Tunnel Suite 298,Danielview,NY,12211,,H-01375,
C-01967,Angela,Hood,1943-11-09,(294) 555-0195,angela.hood1967@example.com,9171 Martin Tunnel Suite 298,Danielview,NY,12211,5PV1QJ0GE29,H-01375,
C-01968,Bob,White,1994-03-19,(890) 555-0137,robert.white1968@example.com,2169 Jared Walks,East Anthony,TX,77319,3PG2XG5MQ54,H-01376,
C-01969,Susan,White,1937-05-10,(439) 555-0156,,2169 Jared Walks,East Anthony,TX,77319,8GK6RT6FG67,H-01376,
C-01970,Katherine,Stepenson,1948-11-30,(467) 555-0118,katherine.stephenson1970@example.com,42647 Bruce Plains,Port Charlesmouth,MO,65718,8WC6KJ7DY60,H-01377,
C-01971,Isaiah,Conley,1989-12-16,(390) 555-0111,isaiah.conley1971@example.com,63705 Shelly Highway,East Jack,CO,80344,,H-01378,
C-01972,Raymond,Johnson,1956-10-06,(677) 555-0178,,9317 Anna Tunnel Suite 638,New Jeffreyshire,IN,46681,1V58JN8PP83,H-01379,
C-01973,Michelle,White,1995-01-30,(511) 555-0127,michelle.white1973@example.com,0259 Rodriguez Rapids Apt. 932,Haynesfort,IL,62498,,H-01380,
C-01974,Shaun,Higgins,1944-08-08,(386) 555-0197,shaun.higgins1974@example.com,163 Pearson Hills,Brownchester,UT,84661,7TV9KP1EY32,H-01381,
C-01975,Debbie,Higgins,1960-07-18,(838) 555-0147,,163 Pearson Hills,Brownchester,UT,84661,7HN1W77PT05,H-01381,
C-01976,Amy,Wagner,1937-12-17,(873) 555-0136,amy.wagner1976@example.com,2845 Brianna Greens,Andrewtown,OR,97452,1HR7NV0QX32,H-01382,
C-01977,Kevin,Wagner,1959-05-27,(697) 555-0103,kevin.wagner1977@example.com,2845 Brianna Greens,Andrewtown,OR,97452,2VK6TX0WT73,H-01382,
C-01978,Gabriel,Larson,1979-11-10,(868) 555-0156,gabriel.larson1978@example.com,7560 Bradley Branch,New Susanburgh,MI,49306,,H-01383,
C-01979,Kelsey,Larson,1997-03-26,(906) 555-0150,kelsey.larson1979@example.com,7560 Bradley Branch,New Susanburgh,MI,49306,,H-01383,
C-01980,Gary,Smith,2002-09-21,(665) 555-0105,,3904 Daniels Bypass Apt. 225,East Jamie,TX,79931,,H-01384,
C-01981,Michael,Smith,1941-09-10,(665) 555-0105,,3904 Daniels Bypass Apt. 225,East Jamie,TX,79931,1E91W91QX34,H-01384,
C-01982,Richard,Perez,2000-08-21,(636) 555-0129,,55501 Veronica Haven,Lauraton,NC,27336,,H-01385,
C-01983,Anne,Johnson,1958-01-26,(596) 555-0115,anne.johnson1983@example.com,393 James Estates Suite 362,Andersonside,NE,68980,6K74YQ5NC24,H-01386,
C-01984,Dave,Bean,1960-07-06,(678) 555-0144,,24412 Sean Isle,Edwardsberg,AR,72189,3RH3PG3ET54,H-01387,
C-01985,Caitlin,Cruz,1951-08-08,(626) 555-0157,caitlin.cruz1985@example.com,6317 Parker Landing,Ernesttown,CA,94626,8KM8GG8UW07,H-01388,
C-01986,Nathan,Garcia,1940-04-25,(813) 555-0108,,193 Peterson Underpass Apt. 922,Griffinbury,UT,84080,1K57ER4YN45,H-01389,
C-01987,Ashley,Johnson,1943-12-09,(314) 555-0144,,64752 King Cove Apt. 096,South Lindseybury,ME,04957,9T43F92TQ65,H-01390,
C-01988,Jerry,Gomez,1937-09-16,(360) 555-0182,jerry.gomez1988@example.com,845 Joseph Field,Lake Daniel,MI,48943,5JQ6N49MP38,H-01391,
C-01989,Martin,Gomez,1992-04-06,(844) 555-0135,martin.gomez1989@example.com,845 Joseph Field,Lake Daniel,MI,48943,,H-01391,
C-01990,Scott,Holmes,1950-10-08,(201) 555-0114,scott.holmes1990@example.com,1432 Bonnie Cove,Johnton,PA,19019,8QD9D85TU01,H-01392,
C-01991,Emma,Fuller,2001-03-23,(240) 555-0173,emma.fuller1991@example.com,247 Nicholas Streets Suite 221,Lake Lori,SC,29643,,H-01393,
C-01992,Isabella,Fuller,1939-11-27,(240) 555-0173,isabella.fuller1992@example.com,247 Nicholas Streets Suite 221,Lake Lori,SC,29643,1X74MJ0CF77,H-01393,
C-01993,Jason,Gonzalez,1994-03-20,(369) 555-0150,,204 Vasquez Meadows,Waltersshire,AR,72401,,H-01394,
C-01994,Sue,Wade,1950-08-07,(716) 555-0160,,99865 Michael River,East Matthewside,MO,63876,3R34FX3AQ46,H-01395,
C-01995,William,Smith,1950-07-25,(804) 555-0161,,85858 Maria Plains Apt. 567,South Kristina,SC,36033,3MN9T99WX82,H-01396,
C-01996,Molly,Thompson,1941-03-11,(316) 555-0138,molly.thompson1996@example.com,2925 Bradshaw Wall Suite 519,Jacksonburgh,AL,35001,8TV5KP3XC57,H-01397,
C-01997,Debbie,Gilmore,1987-11-01,(949) 555-0101,debbie.gilmore1997@example.com,82562 West Plaza,Lopezview,ME,04430,4YN2PQ3TU31,H-01398,
C-01998,Marie,Foster,1948-12-20,(560) 555-0115,marie.foster1998@example.com,23414 Brooke Turnpike,New Jacquelinechester,CO,80256,5X02EN1NR94,H-01399,
C-01999,Scott,Foster,1941-06-13,(560) 555-0115,scott.foster1999@example.com,23414 Brooke Turnpike,New Jacquelinechester,CO,80256,9XD0P54WG56,H-01399,
C-02000,Justin,Woods,1943-02-28,(878) 555-0192,justin.woods2000@example.com,6045 Sydney Lake,Leeland,ID,83298,9MF7UN1NJ67,H-01400,
C-02001,Paul,Becker,1950-11-05,(594) 555-0144,,969 Cox Dam Suite 101,Lake Ernest,AL,36993,4UQ1JU9DV05,,
C-02002,Kelly,Bryant,1941-10-30,(724) 555-0177,,38061 Cline Trail,Markside,FL,32618,3N56QA9JD41,,
C-02003,Danny,Scott,1986-07-10,(336) 555-0137,,89569 Travis Brooks Suite 626,Port Allisonfurt,MI,48274,6CT6K18TE77,,
C-02004,Derrick,Jones,1933-11-03,(210) 555-0127,,246 Torres Haven,Hartfort,CA,90061,3M73EY8JX24,,
C-02005,Catherine,Odonnell,1949-07-11,(468) 555-0147,,91203 Ann Locks Apt. 082,Port David,IL,60516,4QX2G45XD64,,
C-02006,Elizabeth,Brown,1936-06-05,(496) 555-0132,,8826 Jason Rue,Christinaville,IL,61532,8EU4AA3KP68,,
C-02007,Stacy,Sanchez,1935-11-06,(222) 555-0117,,3385 Paige Stravenue Suite 725,West Amandabury,VA,23920,1EQ5EY8WY06,,
C-02008,Tammy,Evans,1995-07-01,(793) 555-0133,,48839 Roach Mountain,West Karenhaven,RI,02851,,,
C-02009,Nathan,Moore,1984-01-24,(350) 555-0104,,4100 Norris Villages,Coryborough,AR,72733,,,
C-02010,Melanie,Lopez,1938-01-17,(785) 555-0141,,1985 Rivera Divide,Edwardtown,PA,17301,8R32YJ3QX83,,
C-02011,Jason,Nlan,1947-09-30,(763) 555-0162,,12805 Russell Canyon,Michaelton,CO,81273,8HE0HG4DU14,,
C-02012,Lisa,Chery,1957-10-24,(971) 555-0189,,158 Dickson Summit,East Michelle,MO,63119,4WC6VR8UX37,,
C-02013,Ricky,More,1970-12-29,(418) 555-0104,,909 Stacey Fords Apt. 412,East Andrea,NE,69375,,,
C-02014,Mario,Stphens,1933-11-26,(926) 555-0160,,3065 John Canyon Suite 784,Lopezburgh,NY,10564,9JT4X60TY77,,
C-02015,Matthew,Guterrez,1974-05-27,(359) 555-0109,,772 Jeanette Fields Apt. 107,Lake Melaniechester,NY,10687,,,
C-02016,Hannah,Soo,1957-11-18,(620) 555-0139,,587 David Mountains Apt. 160,South Philipshire,LA,70329,3MW7R82JA39,,
C-02017,Heather,Paheco,1946-05-24,(493) 555-0173,,9392 Robert Cape Apt. 780,Schmidtfort,ID,83837,7YX6M68YY71,,
C-02018,Megan,Roerts,1936-02-26,(438) 555-0169,,9557 Ellis Port Apt. 424,South Nathan,SC,29793,2VG8NR0NJ97,,
C-02019,Antonio,Stevns,1948-04-03,(908) 555-0170,,8485 Stephanie Bypass Suite 167,Melissamouth,UT,84486,7GM0Y96MY66,,
C-02020,Emily,Mosey,1948-06-18,(662) 555-0156,,04482 Tamara Oval Apt. 015,Michellechester,KY,42410,3UG0H78WQ21,,
C-02021,Christopher,Petrson,1953-02-27,(391) 555-0173,,125 Fuentes Crossing Apt. 760,Port Lisa,IL,61982,1UQ1CW7CV26,,
C-02022,Yolanda,Rivs,1942-12-30,(430) 555-0190,,840 Jocelyn Port,West Christopherville,WA,99068,5F60C56GX87,,
C-02023,Carlos,Sanos,1978-04-18,(471) 555-0154,,55206 Smith Forest,Robinsonview,OH,43707,,,
C-02024,David,Evas,1945-12-14,(212) 555-0121,,99974 Laura Falls,Washingtonchester,LA,71425,5WP3Q62RW90,,
C-02025,Alicia,Saage,1935-07-15,(373) 555-0136,,03064 Reid Corner Apt. 146,West Morganmouth,ID,83817,1EN1KN9XF01,,
C-02026,Mark,Baily,1934-02-13,(591) 555-0136,,39653 James Lane Apt. 487,West Renee,ID,83640,1F87EQ9VW37,,
C-02027,Ann,Nguyn,1977-07-25,(629) 555-0101,,4033 Phillips Landing,West Ronaldfurt,ID,83226,,,
C-02028,Morgan,Fobes,1939-11-20,(208) 555-0187,,9021 Simmons Valley Suite 080,Allenchester,OR,97070,8KQ1E33XY79,,
C-02029,Patricia,Stanon,1953-10-07,(264) 555-0159,,963 Williams Locks,Peterhaven,CO,81152,7NY4VA5JE60,,
C-02030,Gary,Simmns,1936-04-11,(340) 555-0154,,74189 Hernandez Throughway Suite 406,Danielmouth,NE,68949,8QA3FA8UT83,,
C-02031,Sean,Tomas,1937-01-05,(456) 555-0132,,962 Graves Harbors,North Elizabeth,IL,61005,3AK7QU6QQ08,,
C-02032,Teresa,Rvera,1957-08-05,(734) 555-0146,,6448 Kelsey Street Apt. 538,Port Toni,AR,72714,4JW5DN7RM67,,
C-02033,Mary,Weks,1937-09-29,(255) 555-0169,,6947 James Points Apt. 533,Mooremouth,NE,68683,2D97Q81TA61,,
C-02034,Amy,Rchards,1936-08-27,(460) 555-0160,,10797 Martinez Glen,North Kaitlynview,KY,42588,5QR2K98FF30,,
C-02035,Brian,Jons,2004-03-01,(585) 555-0142,,928 Reed Terrace Apt. 595,North Michael,MI,48515,,,
C-02036,Diane,Clne,1938-12-28,(375) 555-0178,,86928 Nolan Unions,Martinport,WA,99366,6PV7GX3TA62,,
C-02037,Mark,Jonson,1945-09-26,(868) 555-0112,,5633 Smith Harbors Apt. 052,Randolphland,MI,48608,5DV9C42MM62,,
C-02038,Gregory,Beson,1938-08-28,(775) 555-0107,,0740 Carmen Knoll,New Teresaview,VA,22414,3T32Y12YM28,,
C-02039,Amy,Chritensen,1958-06-11,(424) 555-0107,,109 Klein Inlet,Lake Sandraberg,OH,43707,4DM6M64GD43,,
C-02040,Jill,Smth,1972-12-29,(535) 555-0112,,29615 David Shoal,Staceystad,KY,40358,1V33JG7EA45,,
