policy_id,client_id,carrier,plan_id,line_of_business,state,eligibility_reason,effective_date,termination_date,status,writing_agent_npn,monthly_premium,carrier_member_id
P-00001,C-00001,Summit Health Plans,H5371-027-003,MA,GA,AGE,2024-06-01,,ACTIVE,61291817,9.87,SH-542828
P-00002,C-00002,Meridian Care,H8433-028,MA,GA,AGE,2025-05-01,,ACTIVE,61855700,17.79,MC-190898
P-00003,C-00003,Bluepeak,23947AL9284454,ACA,AL,,2025-01-01,2025-12-31,chk w/ carrier,1884412,523.45,BP-916808
P-00004,C-00003,Northwind Health,76542AL5060836,ACA,AL,,2026-01-01,,ACTIVE,1884412,419.28,NW-642899
P-00005,C-00004,Bluepeak,H3266-012,MA,AL,AGE,2023-09-01,,ACTIVE,1884412,44.75,BP-816116
P-00006,C-00005,Northwind Health,H5040-018,MA,GA,AGE,2023-02-01,2024-10-31,TERMINATED,61855700,26.76,NW-509711
P-00007,C-00005,Meridian Care,H8433-024,MA,GA,AGE,2024-11-01,,ACTIVE,61855700,19.54,MC-160718
P-00008,C-00006,Harborline,H3504-024,MA,GA,AGE,2022-11-01,,ACTIVE,61855700,9.67,HL-908903
P-00009,C-00007,Meridian Care,76540GA9674609,ACA,GA,,2025-01-01,2025-12-31,TERMINATED,61855700,251.01,MC-620248
P-00010,C-00007,Cardinal Mutual,49117GA8569497,ACA,GA,,2026-01-01,,ACTIVE,61855700,622.02,CM-158132
P-00011,C-00008,Meridian Care,K,MEDSUPP,MO,AGE,2026-04-01,,ACTIVE,33857966,163.56,MC-437433
P-00012,C-00008,Meridian Care,S3927-009-003,PDP,MO,AGE,2026-04-01,,ACTIVE,33857966,17.76,MC-699298
P-00013,C-00009,Cardinal Mutual,H7252-005,MA,CO,AGE,2025-02-01,,ACTIVE,5265799,0.52,CM-529954
P-00014,C-00010,Cardinal Mutual,S2876-015,PDP,ME,AGE,2026-11-01,,PENDING,94702683,18.91,CM-708982
P-00015,C-00011,Cardinal Mutual,49117SD5473593,ACA,SD,,2025-01-01,,ACTIVE,90949389,566.88,CM-574751
P-00016,C-00012,Northwind Health,S6930-027-003,PDP,SD,AGE,2023-05-01,,ACTIVE,90949389,11.60,NW-325465
P-00017,C-00013,Bluepeak,23947AL0521470,ACA,AL,,2025-01-01,2024-11-23,TERMINATED,1884412,680.04,BP-996114
P-00018,C-00013,Summit Health Plans,93748AL9327356,ACA,AL,,2026-01-01,,ACTIVE,1884412,871.05,SH-361989
P-00019,C-00014,Bluepeak,G,MEDSUPP,KY,AGE,2026-04-01,,ACTIVE,32244663,198.64,BP-228479
P-00020,C-00014,Bluepeak,S2489-006-002,PDP,KY,AGE,2026-04-01,,ACTIVE,32244663,75.96,BP-961599
P-00021,C-00015,Bluepeak,23947GA0581321,ACA,GA,,2025-01-01,2025-12-31,XFER,61855700,472.15,BP-778720
P-00022,C-00015,Cardinal Mutual,49117GA8370012,ACA,GA,,2026-01-01,,ACTIVE,61855700,690.00,CM-677438
P-00023,C-00016,Harborline,H3504-020-001,MA,GA,AGE,2025-01-01,2026-04-30,TERMINATED,61855700,17.94,HL-130726
P-00024,C-00016,Cardinal Mutual,H8668-017,MA,GA,AGE,2026-05-01,,ACTIVE,61855700,29.28,CM-904092
P-00025,C-00017,Meridian Care,H3591-019,MA,FL,AGE,2025-10-01,,ACTIVE,94702683,15.42,MC-977340
P-00026,C-00018,Northwind Health,H9830-019,MA,SC,AGE,2026-01-01,,ACTIVE,10583482,8.27,NW-452909
P-00027,C-00019,Cardinal Mutual,49117SC5323132,ACA,SC,,2025-01-01,2025-12-31,TERMINATED,10583482,378.33,CM-841535
P-00028,C-00019,Meridian Care,76540SC5986539,ACA,SC,,2026-01-01,,ACTIVE,10583482,442.60,MC-797860
P-00029,C-00020,Northwind Health,H9830-006,MA,UT,AGE,2025-12-01,,ACTIVE,97102525,52.11,NW-193035
P-00030,C-00021,Summit Health Plans,N,MEDSUPP,KY,AGE,2024-07-01,,ACTIVE,32244663,143.29,SH-573209
P-00031,C-00021,Summit Health Plans,S8123-001-001,PDP,KY,AGE,2024-07-01,,ACTIVE,32244663,57.21,SH-373812
P-00032,C-00022,Bluepeak,H3266-022,MA,OR,AGE,2024-06-01,,ACTIVE,74197857,23.06,BP-411847
P-00033,C-00023,Cardinal Mutual,H8668-006-003,MA,CO,AGE,2024-02-01,2026-04-30,??,5265799,30.39,CM-499974
P-00034,C-00023,Harborline,H3504-015,MA,CO,AGE,2026-05-01,,ACTIVE,5265799,38.09,HL-376195
P-00035,C-00024,Northwind Health,K,MEDSUPP,MO,AGE,2024-06-01,,ACTIVE,29898923,101.37,NW-626491
P-00036,C-00024,Northwind Health,S7543-004,PDP,MO,AGE,2024-06-01,,ACTIVE,29898923,78.57,NW-281276
P-00037,C-00025,Meridian Care,R5315-004,MA,GA,AGE,2022-01-01,,ACTIVE,61291817,33.95,MC-256911
P-00038,C-00026,Northwind Health,H9830-001,MA,MO,AGE,2023-10-01,2025-04-30,TERMINATED,33857966,27.67,NW-957091
P-00039,C-00026,Cardinal Mutual,H7252-028-002,MA,MO,AGE,2025-05-01,,ACTIVE,33857966,18.67,CM-240913
P-00040,C-00027,Bluepeak,H4593-006,MA,NE,AGE,2024-09-01,2024-07-29,TERMINATED,54100814,15.79,BP-973390
P-00041,C-00027,Harborline,H2796-030-002,MA,NE,AGE,2026-03-01,,ACTIVE,54100814,29.52,HL-838862
P-00042,C-00028,Bluepeak,R9348-028,MA,CT,AGE,2022-04-01,,ACTIVE,29898923,18.13,BP-778827
P-00043,C-00029,Cardinal Mutual,H8668-019,MA,CA,DISABILITY,2023-05-01,,ACTIVE,43339391,8.38,CM-107704
P-00043,C-00029,Cardinal Mutual,H8668-019,MA,CA,DISABILITY,2023-05-01,,ACTIVE,43339391,8.38,CM-107704
P-00044,C-00030,Harborline,H3504-010,MA,ID,AGE,2025-07-01,,ACTIVE,43339391,21.25,HL-538897
P-00045,C-00031,Bluepeak,23947ID8969688,ACA,ID,,2026-01-01,,ACTIVE,43339391,773.55,BP-804505
P-00046,C-00032,Meridian Care,76540TX5630978,ACA,TX,,2024-01-01,,ACTIVE,90949389,267.04,MC-333049
P-00047,C-00033,Bluepeak,H3266-005,MA,ME,AGE,2022-12-01,,ACTIVE,94702683,25.91,BP-850432
P-00048,C-00034,Cardinal Mutual,H8668-013,MA,ME,AGE,2024-04-01,2026-01-31,TERMINATED,94702683,0.38,CM-139557
P-00049,C-00034,Meridian Care,H3591-029,MA,ME,AGE,2026-02-01,,ACTIVE,94702683,26.39,MC-893612
P-00050,C-00035,Meridian Care,G,MEDSUPP,AK,AGE,2024-04-01,,ACTIVE,61291817,202.30,MC-613989
P-00051,C-00035,Meridian Care,S9201-006,PDP,AK,AGE,2024-04-01,,ACTIVE,61291817,71.09,MC-120053
P-00052,C-00036,Meridian Care,G,MEDSUPP,AK,AGE,2022-04-01,,ACTIVE,61291817,226.56,MC-565897
P-00053,C-00036,Meridian Care,S3927-016,PDP,AK,AGE,2022-04-01,,ACTIVE,61291817,30.08,MC-315477
P-00054,C-00037,Bluepeak,H3266-006,MA,MI,AGE,2023-05-01,2025-08-31,See notes,13981052,3.22,BP-674765
P-00055,C-00037,Summit Health Plans,H5371-011,MA,MI,AGE,2025-09-01,,ACTIVE,13981052,19.21,SH-102871
P-00056,C-00038,Meridian Care,76540CA3878226,ACA,CA,,2025-01-01,,ACTIVE,43339391,748.67,MC-410401
P-00057,C-00039,Harborline,H3504-006,MA,CA,AGE,2025-04-01,,ACTIVE,43339391,9.32,HL-520245
P-00058,C-00040,Meridian Care,H8433-004,MA,MO,AGE,2023-11-01,2024-10-31,N/A,32244663,33.69,MC-562094
P-00059,C-00040,Northwind Health,H5040-023-002,MA,MO,AGE,2024-11-01,2026-09-08,ACTIVE,32244663,55.53,NW-650311
P-00060,C-00041,Meridian Care,G,MEDSUPP,MO,AGE,2022-01-01,,ACTIVE,32244663,255.66,MC-990079
P-00061,C-00041,Meridian Care,S3927-028,PDP,MO,AGE,2022-01-01,,ACTIVE,32244663,32.09,MC-178501
P-00062,C-00042,Northwind Health,H5040-026,MA,MO,AGE,2024-03-01,,ACTIVE,6831819,49.49,NW-749137
P-00063,C-00043,Summit Health Plans,H9797-029,MA,UT,AGE,2025-12-01,,ACTIVE,90949389,13.44,SH-616342
P-00064,C-00044,Harborline,91959SD1808009,ACA,SD,,2026-01-01,,ACTIVE,77125617,693.25,HL-148759
P-00065,C-00045,Summit Health Plans,H9797-004,MA,SD,AGE,2025-09-01,,ACTIVE,77125617,31.73,SH-789461
P-00066,C-00046,Summit Health Plans,H9797-023,MA,TX,AGE,2023-02-01,,CANCELLED,37231783,53.25,SH-286450
P-00067,C-00047,Northwind Health,H9830-022-001,MA,TX,AGE,2025-07-01,,ACTIVE,37231783,20.52,NW-253541
P-00068,C-00048,Meridian Care,76540NJ9416557,ACA,NJ,,2024-01-01,,ACTIVE,77125617,659.72,MC-349136
P-00069,C-00049,Meridian Care,S9201-010,PDP,NJ,AGE,2024-11-01,,ACTIVE,77125617,78.53,MC-286044
P-00070,C-00050,Summit Health Plans,H5371-017,MA,MT,AGE,2024-08-01,,ACTIVE,97102525,18.01,SH-292800
P-00071,C-00051,Meridian Care,H8433-008-002,MA,MT,AGE,2024-12-01,,ACTIVE,97102525,52.61,MC-743512
P-00072,C-00052,Bluepeak,H4593-006,MA,MT,AGE,2025-06-01,,ACTIVE,97102525,44.07,BP-659106
P-00073,C-00053,Harborline,A,MEDSUPP,AR,AGE,2022-12-01,,ACTIVE,44524491,113.08,HL-702891
P-00074,C-00053,Harborline,S7304-014,PDP,AR,AGE,2022-12-01,,ACTIVE,44524491,68.57,HL-573039
P-00075,C-00054,Northwind Health,H9830-013,MA,AR,AGE,2026-11-01,,PENDING,44524491,32.36,NW-962057
P-00076,C-00055,Meridian Care,76540ID6260091,ACA,ID,,2026-01-01,,ACTIVE,61855700,164.61,MC-680412
P-00077,C-00056,Bluepeak,B,MEDSUPP,AL,AGE,2022-08-01,,ACTIVE,1884412,107.82,BP-992744
P-00078,C-00056,Bluepeak,S1771-021,PDP,AL,AGE,2022-08-01,,ACTIVE,18O4412,16.98,BP-404771
P-00079,C-00057,Harborline,H2796-001,MA,CO,AGE,2025-01-01,,ACTIVE,29898923,25.65,HL-358133
P-00080,C-00058,Meridian Care,S9201-028-001,PDP,SD,AGE,2025-11-01,,ACTIVE,77125617,88.09,MC-762308
P-00081,C-00059,Cardinal Mutual,49117NE3746463,ACA,NE,,2025-01-01,,ACTIVE,33857966,531.41,CM-240384
P-00082,C-00060,Meridian Care,H8433-013,MA,UT,DISABILITY,2023-03-01,,ACTIVE,90949389,38.47,MC-576728
P-00083,C-00061,Harborline,H2796-017,MA,WA,AGE,2026-05-01,,ACTIVE,99847493,11.38,HL-561267
P-00084,C-00062,Bluepeak,23947WA3135756,ACA,WA,,2025-01-01,2025-12-31,TERMINATED,99847493,356.25,BP-479818
P-00085,C-00062,Meridian Care,76540WA1985251,ACA,WA,,2026-01-01,,ACTIVE,99847493,451.91,MC-534753
P-00086,C-00063,Summit Health Plans,K,MEDSUPP,DE,AGE,2022-12-01,,ACTIVE,54100814,286.39,SH-690982
P-00087,C-00063,Summit Health Plans,S8123-003,PDP,DE,AGE,2022-12-01,,ACTIVE,54100814,40.48,SH-571023
P-00087,C-00063,Summit Health Plans,S8123-003,PDP,DE,AGE,2022-12-01,,ACTIVE,54100814,52.48,SH-571023
P-00088,C-00064,Harborline,91959MN7607966,ACA,MN,,2026-01-01,,ACTIVE,61855700,240.23,HL-340977
P-00089,C-00065,Bluepeak,23947CA7983760,ACA,CA,,2024-01-01,,ACTIVE,78490893,201.16,BP-921945
P-00090,C-00066,Cardinal Mutual,S1188-014,PDP,CA,AGE,2026-03-01,,ACTIVE,78490893,26.93,CM-366881
P-00091,C-00067,Harborline,H3504-019,MA,FL,AGE,2026-11-01,,PENDING,94702683,29.95,HL-741603
P-00092,C-00068,Northwind Health,H5040-004,MA,FL,AGE,2025-07-01,,ACTIVE,94702683,17.56,NW-633036
P-00093,C-00069,Harborline,G,MEDSUPP,FL,AGE,2023-03-01,,ACTIVE,94702683,289.56,HL-139589
P-00094,C-00069,Harborline,S7304-020,PDP,FL,AGE,2023-03-01,,CANCELLED,94702683,51.93,HL-846172
P-00095,C-00070,Summit Health Plans,93748TX8565571,ACA,TX,,2025-01-01,2025-12-31,TERMINATED,99847493,826.08,SH-832377
P-00096,C-00070,Bluepeak,23947TX2843451,ACA,TX,,2026-01-01,,ACTIVE,99847493,197.26,BP-477214
P-00097,C-00071,Northwind Health,76542AR1151205,ACA,AR,,2025-01-01,2025-12-31,TERMINATED,44524491,268.18,NW-676289
P-00098,C-00071,Cardinal Mutual,49117AR9380374,ACA,AR,,2026-01-01,,ACTIVE,44524491,606.25,CM-464354
P-00099,C-00072,Summit Health Plans,S8123-019-002,PDP,AR,AGE,2024-11-01,,ACTIVE,44524491,84.23,SH-907369
P-00100,C-00073,Cardinal Mutual,H8668-011-001,MA,NY,AGE,2023-07-01,2024-08-31,TERMINATED,6831819,28.96,CM-329183
P-00101,C-00073,Meridian Care,H3591-016-003,MA,NY,AGE,2024-09-01,,ACTIVE,6831819,16.35,MC-346269
P-00102,C-00074,Harborline,L,MEDSUPP,CO,AGE,2025-01-01,,ACTIVE,29898923,149.92,HL-901387
P-00103,C-00074,Harborline,S7304-013,PDP,CO,AGE,2025-01-01,,ACTIVE,29898923,41.38,HL-886609
P-00104,C-00075,Harborline,H3504-012-003,MA,AL,ESRD,2022-12-01,,ACTIVE,1884412,15.06,HL-622998
P-00105,C-00076,Cardinal Mutual,H8668-026,MA,WI,AGE,2024-03-01,,ACTIVE,61291817,39.86,CM-414608
P-00106,C-00077,Meridian Care,R1053-025-003,MA,GA,AGE,2023-11-01,,ACTIVE,10583482,23.31,MC-472358
P-00106,C-00077,Meridian Care,R1053-025-003,MA,GA,AGE,2023-11-01,,ACTIVE,10583482,23.31,MC-472358
P-00107,C-00078,Harborline,N,MEDSUPP,KY,AGE,2022-11-01,,ACTIVE,43339391,192.72,HL-432270
P-00108,C-00078,Harborline,S7304-020,PDP,KY,AGE,2022-11-01,,ACTIVE,43339391,69.79,HL-384424
P-00109,C-00079,Northwind Health,H5040-001-002,MA,KY,AGE,2024-02-01,,ACTIVE,43339391,32.52,NW-649435
P-00110,C-00080,Cardinal Mutual,H8668-005,MA,KY,AGE,2025-05-01,,ACTIVE,43339391,57.14,CM-665484
P-00111,C-00081,Bluepeak,H4593-023-003,MA,NE,AGE,2026-05-01,,ACTIVE,33857966,40.29,BP-892170
P-00112,C-00082,Cardinal Mutual,49117KS4192561,ACA,KS,,2025-01-01,,ACTIVE,13981052,364.00,CM-849666
P-00113,C-00083,Meridian Care,R5315-001,MA,CA,AGE,2023-06-01,,ACTIVE,78490893,12.46,MC-152042
P-00114,C-00084,Cardinal Mutual,H7252-007,MA,IL,AGE,2023-06-01,,ACTIVE,4356886,20.48,CM-956949
P-00115,C-00085,Harborline,H2796-012,MA,DE,AGE,2024-10-01,,ACTIVE,4356886,4.26,HL-799080
P-00116,C-00086,Meridian Care,H3591-023-003,MA,CO,AGE,2026-01-01,,ACTIVE,5265799,43.93,MC-929912
P-00117,C-00087,Harborline,A,MEDSUPP,CO,AGE,2024-12-01,,ACTIVE,5265799,318.40,HL-613898
P-00118,C-00087,Harborline,S7304-011-001,PDP,CO,AGE,2024-12-01,,ACTIVE,5265799,81.74,HL-388698
P-00119,C-00088,Summit Health Plans,N,MEDSUPP,CO,AGE,2023-12-01,,ACTIVE,5265799,195.08,SH-856027
P-00120,C-00088,Summit Health Plans,S8123-007-003,PDP,CO,AGE,2023-12-01,,ACTIVE,5265799,86.51,SH-902930
P-00121,C-00089,Northwind Health,H5040-001-003,MA,OH,AGE,2025-02-01,,ACTIVE,1884412,17.09,NW-787603
P-00122,C-00090,Meridian Care,76540OR1180916,ACA,OR,,2024-01-01,,ACTIVE,74197857,548.33,MC-181721
P-00123,C-00091,Cardinal Mutual,S2876-029,PDP,OR,AGE,2025-08-01,,ACTIVE,74197857,22.05,CM-274912
P-00124,C-00092,Summit Health Plans,H5371-015,MA,VT,AGE,2026-02-01,,ACTIVE,10583482,32.52,SH-100205
P-00125,C-00093,Summit Health Plans,B,MEDSUPP,VT,AGE,2024-12-01,,ACTIVE,10583482,140.69,SH-198867
P-00126,C-00093,Summit Health Plans,S5808-005-002,PDP,VT,AGE,2024-12-01,,ACTIVE,10583482,48.41,SH-484914
P-00127,C-00094,Meridian Care,76540FL9667576,ACA,FL,,2026-01-01,,ACTIVE,94702683,274.99,MC-724145
P-00128,C-00095,Harborline,91959FL7286418,ACA,FL,,2025-01-01,,ACTIVE,94702683,695.94,HL-226395
P-00129,C-00096,Harborline,H2796-016-002,MA,DE,AGE,2024-04-01,,ACTIVE,54100814,46.81,HL-881519
P-00130,C-00097,Cardinal Mutual,H7252-004,MA,VT,AGE,2026-02-01,,ACTIVE,10583482,55.02,CM-533672
P-00131,C-00098,Northwind Health,76542RI3917305,ACA,RI,,2025-01-01,,ACTIVE,11576383,411.73,NW-818651
P-00132,C-00099,Northwind Health,76542AL5119031,ACA,AL,,2025-01-01,2025-12-31,TERMINATED,1884412,739.90,NW-594078
P-00133,C-00099,Bluepeak,23947AL5567967,ACA,AL,,2026-01-01,,ACTIVE,1884412,423.95,BP-875959
P-00134,C-00100,Northwind Health,H9830-022,MA,GA,AGE,2025-06-01,,ACTIVE,61291817,54.07,NW-477717
P-00135,C-00101,Northwind Health,H9830-011,MA,GA,DISABILITY,2025-10-01,,ACTIVE,61291817,40.13,NW-512509
P-00136,C-00102,Harborline,91959IN6495644,ACA,IN,,2025-01-01,2025-12-31,TERMINATED,4356886,188.62,HL-681896
P-00137,C-00102,Cardinal Mutual,49117IN3784649,ACA,IN,,2026-01-01,,ACTIVE,4356886,348.84,CM-458388
P-00138,C-00103,Harborline,91959CA5524481,ACA,CA,,2025-01-01,,ACTIVE,43339391,738.73,HL-668573
P-00139,C-00104,Meridian Care,76540GA9476514,ACA,GA,,2024-01-01,,ACTIVE,61291817,357.15,MC-432918
P-00140,C-00105,Northwind Health,76542GA5346688,ACA,GA,,2026-01-01,,ACTIVE,61291817,692.69,NW-531228
P-00141,C-00106,Summit Health Plans,93748MO4477211,ACA,MO,,2025-01-01,2025-12-31,TERMINATED,32244663,893.23,SH-742108
P-00142,C-00106,Bluepeak,23947MO3895376,ACA,MO,,2026-01-01,,ACTIVE,32244663,452.66,BP-820767
P-00143,C-00107,Northwind Health,H5040-024,MA,MO,AGE,2024-03-01,,ACTIVE,32244663,54.99,NW-312686
P-00144,C-00108,Cardinal Mutual,H7252-017,MA,NC,AGE,2024-05-01,,ACTIVE,74197857,44.06,CM-514828
P-00145,C-00109,Summit Health Plans,H5371-015-002,MA,VT,AGE,2022-08-01,2024-06-30,TERMINATED,10583482,2.04,SH-287567
P-00146,C-00109,Cardinal Mutual,R9669-029,MA,VT,AGE,2024-07-01,,ACTIVE,10583482,37.24,CM-194560
P-00147,C-00110,Bluepeak,H4593-014,MA,MO,AGE,2022-11-01,,ACTIVE,6831819,25.23,BP-424553
P-00148,C-00111,Cardinal Mutual,H7252-008,MA,MO,AGE,2025-02-01,2026-04-30,TERMINATED,6831819,44.83,CM-391622
P-00149,C-00111,Meridian Care,H3591-002,MA,MO,AGE,2026-05-01,,ACTIVE,6831819,15.14,MC-255457
P-00150,C-00112,Meridian Care,76540MO9698786,ACA,MO,,2025-01-01,2025-12-31,TERMINATED,6831819,541.17,MC-447195
P-00151,C-00112,Northwind Health,76542MO0822609,ACA,MO,,2026-01-01,,ACTIVE,6831819,292.72,NW-537211
P-00152,C-00113,Northwind Health,S6930-011,PDP,NY,AGE,2022-09-01,,ACTIVE,97102525,72.79,NW-650131
P-00153,C-00114,Summit Health Plans,93748NY1470854,ACA,NY,,2026-01-01,,ACTIVE,97102525,783.94,SH-859246
P-00154,C-00115,Meridian Care,G,MEDSUPP,NJ,AGE,2024-06-01,,ACTIVE,77125617,157.93,MC-938403
P-00155,C-00115,Meridian Care,S3927-014,PDP,NJ,AGE,2024-06-01,,ACTIVE,77125617,12.45,MC-450006
P-00156,C-00116,Harborline,H2796-021,MA,NY,AGE,2023-10-01,,ACTIVE,10583482,11.12,HL-604884
P-00157,C-00117,Harborline,H2796-019,MA,IL,AGE,2022-02-01,,ACTIVE,44524491,49.61,HL-508489
P-00158,C-00118,Harborline,91959IL7581730,ACA,IL,,2024-01-01,,ACTIVE,37231783,546.66,HL-326639
P-00159,C-00119,Northwind Health,H5040-007,MA,IL,AGE,2026-02-01,,ACTIVE,37231783,59.35,NW-138328
P-00160,C-00120,Cardinal Mutual,H8668-004-001,MA,CA,AGE,2023-09-01,,ACTIVE,78490893,1.24,CM-753205
P-00161,C-00121,Summit Health Plans,93748SD5683095,ACA,SD,,2025-01-01,,ACTIVE,90949389,858.54,SH-565198
P-00162,C-00122,Northwind Health,H9830-016-002,MA,AL,AGE,2022-09-01,,ACTIVE,1884412,18.98,NW-334665
P-00163,C-00123,Northwind Health,76542TX5896198,ACA,TX,,2025-01-01,,ACTIVE,37231783,777.37,NW-583646
P-00164,C-00124,Bluepeak,B,MEDSUPP,TX,AGE,2024-03-01,,ACTIVE,37231783,169.85,BP-674566
P-00165,C-00124,Bluepeak,S1771-003-002,PDP,TX,AGE,2024-03-01,,ACTIVE,37231783,60.82,BP-318353
P-00166,C-00125,Cardinal Mutual,H7252-003,MA,WV,AGE,2026-01-01,,ACTIVE,7150444,17.82,CM-956721
P-00167,C-00126,Harborline,91959MO9567650,ACA,MO,,2025-01-01,,ACTIVE,33857966,549.17,HL-555844
P-00168,C-00127,Northwind Health,76542NC4734685,ACA,NC,,2025-01-01,,ACTIVE,74197857,190.87,NW-346668
P-00169,C-00128,Harborline,H2796-005-001,MA,NC,AGE,2022-10-01,,ACTIVE,74197857,59.09,HL-610343
P-00170,C-00129,Cardinal Mutual,N,MEDSUPP,AL,AGE,2025-01-01,,ACTIVE,1884412,254.40,CM-382329
P-00171,C-00129,Cardinal Mutual,S2876-002,PDP,AL,AGE,2025-01-01,,ACTIVE,1884412,11.20,CM-695748
P-00172,C-00130,Meridian Care,H8433-020,MA,AL,AGE,2025-08-01,,ACTIVE,1884412,4.32,MC-460234
P-00173,C-00131,Cardinal Mutual,H8668-009-001,MA,KY,AGE,2022-02-01,2024-07-31,TERMINATED,4356886,10.85,CM-745710
P-00174,C-00131,Harborline,H2796-024,MA,KY,AGE,2024-08-01,,ACTIVE,4356886,9.13,HL-733152
P-00175,C-00132,Meridian Care,76540KY3962709,ACA,KY,,2025-01-01,2025-12-31,TERMINATED,4356886,785.59,MC-289592
P-00176,C-00132,Summit Health Plans,93748KY0555166,ACA,KY,,2026-01-01,,ACTIVE,4356886,599.37,SH-188501
P-00177,C-00133,Cardinal Mutual,N,MEDSUPP,OH,AGE,2024-02-01,,ACTIVE,37231783,246.06,CM-882395
P-00178,C-00133,Cardinal Mutual,S1188013,PDP,OH,AGE,2024-02-01,,ACTIVE,37231783,68.90,CM-597643
P-00179,C-00134,Harborline,N,MEDSUPP,OH,AGE,2023-10-01,,ACTIVE,37231783,122.20,HL-367747
P-00180,C-00134,Harborline,S7304-015,PDP,OH,AGE,2023-10-01,,ACTIVE,37231783,44.61,HL-869983
P-00181,C-00135,Meridian Care,76540KY7481668,ACA,KY,,2024-01-01,,ACTIVE,61291817,610.73,MC-330074
P-00182,C-00136,Meridian Care,H3591-021-002,MA,KY,AGE,2022-08-01,,ACTIVE,61291817,37.14,MC-389809
P-00183,C-00137,Cardinal Mutual,H7252-030,MA,NJ,AGE,2024-11-01,,ACTIVE,77125617,36.17,CM-850151
P-00184,C-00138,Cardinal Mutual,H7252-018,MA,NJ,AGE,2025-10-01,,ACTIVE,77125617,18.50,CM-103468
P-00185,C-00139,Meridian Care,H3591-021-002,MA,SD,AGE,2022-03-01,2025-02-28,TERMINATED,77125617,56.42,MC-476712
P-00186,C-00139,Cardinal Mutual,H8668-024,MA,SD,AGE,2025-03-01,,ACTIVE,77125617,15.52,CM-246740
P-00187,C-00140,Summit Health Plans,H9797-030,MA,AK,AGE,2024-06-01,2026-03-31,XFER,61291817,5.90,SH-138669
P-00188,C-00140,Bluepeak,H3266-030,MA,AK,AGE,2026-04-01,,ACTIVE,61291817,50.65,BP-148026
P-00189,C-00141,Northwind Health,R8019-027,MA,MD,AGE,2023-11-01,,ACTIVE,77125617,17.46,NW-901351
P-00190,C-00142,Bluepeak,S2489-001-002,PDP,MD,AGE,2024-06-01,,ACTIVE,77125617,6.18,BP-288128
P-00191,C-00143,Northwind Health,H5040-020-001,MA,NJ,AGE,2024-03-01,,ACTIVE,77125617,29.64,NW-898100
P-00192,C-00144,Cardinal Mutual,49117SD2958222,ACA,SD,,2025-01-01,,ACTIVE,90949389,359.40,CM-802695
P-00193,C-00145,Bluepeak,H3266-014,MA,SD,AGE,2022-05-01,,ACTIVE,90949389,16.28,BP-883377
P-00194,C-00146,Bluepeak,H4593-011,MA,FL,AGE,2025-11-01,,ACTIVE,94702683,10.42,BP-133653
P-00195,C-00147,Meridian Care,H3591-008,MA,WA,AGE,2022-01-01,,ACTIVE,99847493,26.81,MC-555342
P-00196,C-00148,Cardinal Mutual,49117WA8459346,ACA,WA,,2024-01-01,,ACTIVE,99847493,194.06,CM-546376
P-00197,C-00149,Cardinal Mutual,H8668-006,MA,VA,AGE,2022-02-01,,ACTIVE,78490893,30.34,CM-757258
P-00198,C-00150,Summit Health Plans,H9797-017,MA,VA,AGE,2026-11-01,,PENDING,78490893,55.26,SH-481671
P-00199,C-00151,Summit Health Plans,H5371012-001,MA,ID,AGE,2023-11-01,2025-06-30,TERMINATED,5265799,37.06,SH-609845
P-00200,C-00151,Meridian Care,H8433-023,MA,ID,AGE,2025-07-01,,CANCELLED,5265799,43.57,MC-811257
P-00201,C-00152,Meridian Care,H3591-016-003,MA,MI,AGE,2026-04-01,,ACTIVE,13981052,28.40,MC-540538
P-00202,C-00153,Meridian Care,76540DE5474513,ACA,DE,,2025-01-01,2025-12-31,TERMINATED,54100814,787.20,MC-722180
P-00202,C-00153,Meridian Care,76540DE5474513,ACA,DE,,2025-01-01,2025-12-31,TERMINATED,54100814,799.20,MC-722180
P-00203,C-00153,Summit Health Plans,93748DE9201778,ACA,DE,,2026-01-01,,ACTIVE,54100814,733.60,SH-580255
P-00204,C-00154,Bluepeak,H4593-011-001,MA,DE,AGE,2022-12-01,,ACTIVE,54100814,47.06,BP-232617
P-00205,C-00155,Summit Health Plans,S8123-016,PDP,CT,ESRD,2022-01-01,,ACTIVE,29898923,52.48,SH-890795
P-00206,C-00156,Northwind Health,H5040-019-003,MA,CT,AGE,2023-11-01,,ACTIVE,29898923,43.12,NW-332934
P-00207,C-00157,Harborline,H3504-028,MA,AK,AGE,2023-07-01,,ACTIVE,61291817,45.95,HL-191853
P-00208,C-00158,Northwind Health,R5304-001,MA,AK,AGE,2023-10-01,,ACTIVE,61291817,33.54,NW-769836
P-00209,C-00159,Northwind Health,G,MEDSUPP,IL,AGE,2026-03-01,,ACTIVE,7150444,176.07,NW-414750
P-00210,C-00159,Northwind Health,S6930-004,PDP,IL,AGE,2026-03-01,,ACTIVE,7150444,52.13,NW-537420
P-00211,C-00160,Harborline,H2796-012,MA,ID,AGE,2022-04-01,2023-12-31,XFER,61855700,13.37,HL-155457
P-00212,C-00160,Cardinal Mutual,H8668002,MA,ID,AGE,2024-01-01,,ACTIVE,61855700,23.74,CM-405831
P-00213,C-00161,Harborline,H3504-012-003,MA,ID,AGE,2024-11-01,2026-02-28,TERMINATED,61855700,39.72,HL-532007
P-00214,C-00161,Cardinal Mutual,H7252-027-001,MA,ID,AGE,2026-03-01,,ACTIVE,61855700,15.43,CM-933729
P-00215,C-00162,Harborline,H3504-006,MA,ID,AGE,2025-09-01,,ACTIVE,61855700,58.15,HL-419484
P-00216,C-00163,Cardinal Mutual,H7252-003,MA,DE,AGE,2022-04-01,,ACTIVE,54100814,24.71,CM-800015
P-00217,C-00164,Summit Health Plans,93748CO5835728,ACA,CO,,2025-01-01,,ACTIVE,5265799,611.63,SH-268356
P-00218,C-00165,Cardinal Mutual,H7252-015,MA,CO,AGE,2025-10-01,,ACTIVE,5265799,55.17,CM-212537
P-00219,C-00166,Harborline,91959CO2073922,ACA,CO,,2024-01-01,,ACTIVE,5265799,760.66,HL-215674
P-00220,C-00167,Northwind Health,H9830-015,MA,PA,AGE,2022-12-01,,ACTIVE,1884412,42.81,NW-790537
P-00221,C-00168,Meridian Care,K,MEDSUPP,CO,AGE,2023-06-01,2026-09-29,ACTIVE,5265799,206.68,MC-598940
P-00222,C-00168,Meridian Care,S3927-016,PDP,CO,AGE,2023-06-01,,ACTIVE,5265799,88.79,MC-392438
P-00223,C-00169,Harborline,R3621-022,MA,CO,AGE,2022-10-01,,ACTIVE,5265799,42.59,HL-904857
P-00224,C-00170,Bluepeak,A,MEDSUPP,KY,AGE,2022-03-01,,ACTIVE,32244663,306.07,BP-917241
P-00225,C-00170,Bluepeak,S2489-016,PDP,KY,AGE,2022-03-01,,ACTIVE,32244663,75.56,BP-241021
P-00226,C-00171,Northwind Health,H5040-027,MA,SD,AGE,2023-09-01,,ACTIVE,77125617,30.01,NW-465823
P-00227,C-00172,Meridian Care,76540IN5236161,ACA,IN,,2024-01-01,,ACTIVE,4356886,261.33,MC-821411
P-00228,C-00173,Northwind Health,L,MEDSUPP,KS,AGE,2025-01-01,,ACTIVE,13981052,122.78,NW-824423
P-00229,C-00173,Northwind Health,S6930-016,PDP,KS,AGE,2025-01-01,,ACTIVE,13981052,87.37,NW-950874
P-00230,C-00174,Bluepeak,23947KS8337466,ACA,KS,,2025-01-01,2025-12-31,TERMINATED,13981052,248.72,BP-981202
P-00231,C-00174,Meridian Care,76540KS3591668,ACA,KS,,2026-01-01,,ACTIVE,13981052,526.64,MC-378035
P-00232,C-00175,Summit Health Plans,H5371-020-002,MA,PA,AGE,2025-07-01,,ACTIVE,13981052,42.21,SH-575244
P-00232,C-00175,Summit Health Plans,H5371-020-002,MA,PA,AGE,2025-07-01,,ACTIVE,13981052,42.21,SH-575244
P-00233,C-00176,Harborline,H3504-028-001,MA,PA,AGE,2026-11-01,,PENDING,13981052,35.66,HL-530189
P-00234,C-00177,Harborline,L,MEDSUPP,PA,AGE,2024-03-01,,ACTIVE,13981052,249.05,HL-687019
P-00235,C-00177,Harborline,S7304-021,PDP,PA,AGE,2024-03-01,,ACTIVE,13981052,11.06,HL-311802
P-00236,C-00178,Meridian Care,H8433-016,MA,CO,AGE,2025-08-01,,ACTIVE,29898923,7.39,MC-349641
P-00237,C-00179,Cardinal Mutual,H8668-029,MA,ID,AGE,2024-11-01,,ACTIVE,5265799,11.87,CM-480631
P-00238,C-00180,Meridian Care,76540NJ4021093,ACA,NJ,,2025-01-01,2025-12-31,TERMINATED,77125617,481.58,MC-679577
P-00239,C-00180,Cardinal Mutual,49117NJ5188664,ACA,NJ,,2026-01-01,,ACTIVE,77125617,625.60,CM-951706
P-00240,C-00181,Harborline,91959NJ5048065,ACA,NJ,,2025-01-01,,ACTIVE,77125617,268.29,HL-962671
P-00241,C-00182,Cardinal Mutual,49117KS6928341,ACA,KS,,2025-01-01,,ACTIVE,13981052,586.10,CM-852233
P-00242,C-00183,Meridian Care,76540CO3082639,ACA,CO,,2024-01-01,,ACTIVE,5265799,731.17,MC-929443
P-00243,C-00184,Cardinal Mutual,H7252-001-002,MA,KY,AGE,2022-06-01,,ACTIVE,4356886,1.88,CM-685661
P-00244,C-00185,Northwind Health,76542KY6728249,ACA,KY,,2024-01-01,,ACTIVE,4356886,712.17,NW-729557
P-00245,C-00186,Harborline,N,MEDSUPP,AL,DISABILITY,2025-03-01,,ACTIVE,1884412,227.07,HL-289131
P-00246,C-00186,Harborline,S2040-001,PDP,AL,DISABILITY,2025-03-01,,ACTIVE,1884412,52.54,HL-374516
P-00247,C-00187,Northwind Health,G,MEDSUPP,AL,AGE,2023-05-01,,ACTIVE,1884412,272.51,NW-161606
P-00248,C-00187,Northwind Health,S6930-030-001,PDP,AL,AGE,2023-05-01,,ACTIVE,1884412,63.04,NW-735829
P-00249,C-00188,Meridian Care,S9201-009,PDP,ID,AGE,2023-09-01,,ACTIVE,77125617,24.14,MC-428486
P-00250,C-00189,Meridian Care,H3591-008-001,MA,ID,AGE,2024-12-01,,ACTIVE,77125617,15.00,MC-137604
P-00251,C-00190,Meridian Care,76540CO2483929,ACA,CO,,2024-01-01,,ACTIVE,29898923,312.07,MC-466586
P-00252,C-00191,Northwind Health,H5040-013,MA,CO,AGE,2023-10-01,,ACTIVE,29898923,30.60,NW-719014
P-00253,C-00192,Summit Health Plans,H9797-008-002,MA,MO,AGE,2024-12-01,,ACTIVE,6831819,32.67,SH-193520
P-00254,C-00193,Cardinal Mutual,H8668-003,MA,GA,AGE,2024-01-01,,ACTIVE,61291817,34.61,CM-950389
P-00255,C-00194,Bluepeak,H3266-010,MA,OH,AGE,2022-10-01,,ACTIVE,37231783,46.57,BP-150046
P-00256,C-00195,Bluepeak,H3266-011-002,MA,OH,AGE,2026-04-01,,ACTIVE,37231783,48.10,BP-859268
P-00257,C-00196,Northwind Health,H9830-023-002,MA,OH,AGE,2024-02-01,,ACTIVE,37231783,33.18,NW-789666
P-00258,C-00197,Northwind Health,76542NE0266510,ACA,NE,,2024-01-01,,ACTIVE,54100814,396.70,NW-128117
P-00259,C-00198,Bluepeak,23947ID7952217,ACA,ID,,2025-01-01,2025-12-31,TERMINATED,61855700,702.96,BP-122876
P-00260,C-00198,Northwind Health,76542ID2786787,ACA,ID,,2026-01-01,,ACTIVE,61855700,349.78,NW-874668
P-00261,C-00199,Summit Health Plans,B,MEDSUPP,MN,AGE,2024-08-01,,ACTIVE,61855700,290.37,SH-811634
P-00262,C-00199,Summit Health Plans,S8123-008,PDP,MN,AGE,2024-08-01,,ACTIVE,61855700,14.94,SH-653971
P-00263,C-00200,Cardinal Mutual,49117MN1961940,ACA,MN,,2025-01-01,,ACTIVE,61855700,798.52,CM-752944
P-00264,C-00201,Bluepeak,R9348-022-003,MA,MO,AGE,2026-04-01,,ACTIVE,32244663,39.55,BP-235367
P-00265,C-00202,Harborline,91959MO3937929,ACA,MO,,2025-01-01,,ACTIVE,32244663,424.50,HL-683879
P-00266,C-00203,Northwind Health,76542IN9428484,ACA,IN,,2024-01-01,,ACTIVE,4356886,443.72,NW-609990
P-00267,C-00204,Summit Health Plans,93748IN1747213,ACA,IN,,2026-01-01,,ACTIVE,43O6886,216.08,SH-559094
P-00268,C-00205,Cardinal Mutual,H8668-010-002,MA,CO,AGE,2024-05-01,,ACTIVE,5265799,41.37,CM-279581
P-00269,C-00206,Harborline,H2796-014,MA,CT,AGE,2022-06-01,,ACTIVE,29898923,5.03,HL-512369
P-00270,C-00207,Meridian Care,H8433-023,MA,KY,AGE,2024-05-01,,ACTIVE,43339391,28.28,MC-951266
P-00271,C-00208,Northwind Health,H9830008,MA,KY,AGE,2024-08-01,,ACTIVE,43339391,24.89,NW-861800
P-00272,C-00209,Meridian Care,R1053-012,MA,KY,AGE,2026-05-01,,ACTIVE,43339391,24.51,MC-398357
P-00273,C-00210,Meridian Care,H8433-028,MA,CA,AGE,2023-12-01,,ACTIVE,3798272,21.60,MC-712686
P-00274,C-00211,Harborline,H3504-004,MA,IL,AGE,2024-12-01,,ACTIVE,44524491,9.90,HL-487538
P-00275,C-00212,Northwind Health,H9830-019,MA,KS,AGE,2023-11-01,,ACTIVE,13981052,37.05,NW-454233
P-00276,C-00213,Meridian Care,76540KS7534223,ACA,KS,,2025-01-01,,ACTIVE,13981052,345.27,MC-863220
P-00277,C-00214,Summit Health Plans,G,MEDSUPP,OR,AGE,2024-11-01,,ACTIVE,74197857,276.85,SH-647098
P-00278,C-00214,Summit Health Plans,S5808-004-002,PDP,OR,AGE,2024-11-01,,ACTIVE,74197857,34.44,SH-119895
P-00279,C-00215,Harborline,H2796-010-001,MA,GA,AGE,2024-07-01,,ACTIVE,61291817,33.36,HL-811572
P-00280,C-00216,Harborline,H3504003,MA,WA,AGE,2022-08-01,,ACTIVE,99847493,39.66,HL-130310
P-00281,C-00217,Bluepeak,23947WA9306446,ACA,WA,,2024-01-01,,ACTIVE,99847493,314.58,BP-419409
P-00282,C-00218,Harborline,R7916-012-003,MA,WV,AGE,2024-07-01,,ACTIVE,7150444,51.79,HL-323088
P-00283,C-00219,Meridian Care,76540TX9336169,ACA,TX,,2024-01-01,,ACTIVE,90949389,516.29,MC-552945
P-00284,C-00220,Cardinal Mutual,49117TX4580400,ACA,TX,,2026-01-01,,ACTIVE,90949389,472.34,CM-794447
P-00285,C-00221,Northwind Health,76542MO2911451,ACA,MO,,2025-01-01,2025-12-31,??,6831819,691.54,NW-682788
P-00286,C-00221,Summit Health Plans,93748MO6589940,ACA,MO,,2026-01-01,,ACTIVE,6831819,855.33,SH-185090
P-00287,C-00222,Harborline,91959MO6314548,ACA,MO,,2025-01-01,2025-12-31,TERMINATED,6831819,619.19,HL-505537
P-00288,C-00222,Bluepeak,23947MO0141455,ACA,MO,,2026-01-01,,ACTIVE,6831819,313.53,BP-585168
P-00289,C-00223,Meridian Care,H8433-006-002,MA,WI,AGE,2023-01-01,,ACTIVE,61291817,45.20,MC-303182
P-00290,C-00224,Meridian Care,H8433-014,MA,KY,AGE,2025-06-01,,ACTIVE,43339391,33.33,MC-387347
P-00291,C-00225,Bluepeak,H4593-007,MA,KY,AGE,2025-12-01,,ACTIVE,43339391,13.47,BP-445217
P-00292,C-00226,Northwind Health,H5040-002,MA,NC,AGE,2026-01-01,,ACTIVE,74197857,2.73,NW-495727
P-00293,C-00227,Meridian Care,B,MEDSUPP,ID,AGE,2026-03-01,,ACTIVE,77125617,93.47,MC-575436
P-00294,C-00227,Meridian Care,S3927-029,PDP,ID,AGE,2026-03-01,,ACTIVE,77125617,21.59,MC-456113
P-00295,C-00228,Cardinal Mutual,H8668-010,MA,MO,ESRD,2023-08-01,,ACTIVE,32244663,47.81,CM-667430
P-00296,C-00229,Meridian Care,S3927-020,PDP,PA,AGE,2026-11-01,,PENDING,1884412,59.25,MC-993395
P-00297,C-00230,Meridian Care,H8433-007,MA,PA,AGE,2024-07-01,,ACTIVE,1884412,32.79,MC-293194
P-00298,C-00231,Bluepeak,H4593-001-002,MA,LA,AGE,2024-12-01,2025-12-31,TERMINATED,11576383,55.49,BP-243910
P-00299,C-00231,Summit Health Plans,H9797-010,MA,LA,AGE,2026-01-01,,ACTIVE,11576383,37.37,SH-351815
P-00300,C-00232,Bluepeak,F,MEDSUPP,MN,AGE,2023-07-01,,ACTIVE,11576383,170.99,BP-155846
P-00301,C-00232,Bluepeak,S1771-028,PDP,MN,AGE,2023-07-01,,ACTIVE,11576383,25.71,BP-992865
P-00302,C-00233,Harborline,R3621-007,MA,NE,AGE,2024-07-01,,ACTIVE,33857966,17.98,HL-312861
P-00303,C-00234,Bluepeak,23947NE6276479,ACA,NE,,2026-01-01,,ACTIVE,33857966,483.61,BP-677295
P-00304,C-00235,Meridian Care,H3591-010,MA,AL,AGE,2023-05-01,,ACTIVE,1884412,41.10,MC-637700
P-00305,C-00236,Meridian Care,H3591-025,MA,AL,AGE,2025-03-01,2026-02-28,TERMINATED,1884412,24.53,MC-395536
P-00306,C-00236,Harborline,H2796-016,MA,AL,AGE,2026-03-01,,ACTIVE,1884412,53.58,HL-637549
P-00307,C-00237,Harborline,H2796-010,MA,CA,AGE,2022-02-01,,ACTIVE,78490893,0.79,HL-624078
P-00308,C-00238,Cardinal Mutual,H7252-018,MA,CA,AGE,2024-02-01,,ACTIVE,78490893,31.65,CM-297487
P-00309,C-00239,Summit Health Plans,93748ID8197571,ACA,ID,,2026-01-01,,ACTIVE,5265799,185.17,SH-295760
P-00310,C-00240,Bluepeak,H3266-014,MA,OR,AGE,2022-05-01,2025-04-30,TERMINATED,74197857,58.13,BP-797085
P-00311,C-00240,Summit Health Plans,H5371-019,MA,OR,AGE,2025-05-01,,ACTIVE,74197857,16.62,SH-626883
P-00312,C-00241,Summit Health Plans,H9797-029,MA,CO,AGE,2024-02-01,,ACTIVE,29898923,50.60,SH-868862
P-00313,C-00242,Summit Health Plans,H9797-009,MA,MO,AGE,2022-05-01,2023-10-31,TERMINATED,32244663,16.98,SH-630647
P-00314,C-00242,Northwind Health,H9830-013-003,MA,MO,AGE,2023-11-01,,ACTIVE,32244663,28.15,NW-882193
P-00315,C-00243,Bluepeak,S1771-006-003,PDP,WI,AGE,2022-07-01,,ACTIVE,61291817,17.71,BP-804005
P-00315,C-00243,Bluepeak,S1771-006-003,PDP,WI,AGE,2022-07-01,,ACTIVE,61291817,29.71,BP-804005
P-00316,C-00244,Meridian Care,76540WI8930492,ACA,WI,,2024-01-01,,ACTIVE,61291817,433.33,MC-563531
P-00317,C-00245,Bluepeak,23947AR3355203,ACA,AR,,2025-01-01,,ACTIVE,44524491,269.78,BP-116817
P-00318,C-00246,Summit Health Plans,H9797-008,MA,WI,DISABILITY,2026-11-01,,PENDING,44524491,17.51,SH-211028
P-00319,C-00247,Northwind Health,R8019-022,MA,MO,DISABILITY,2022-11-01,,ACTIVE,6831819,56.82,NW-239388
P-00320,C-00248,Summit Health Plans,H5371-010-002,MA,NY,DISABILITY,2026-01-01,,ACTIVE,97102525,16.54,SH-259038
P-00321,C-00249,Bluepeak,H4593-026,MA,NY,AGE,2023-10-01,,ACTIVE,97102525,56.30,BP-830100
P-00322,C-00250,Meridian Care,H3591-010-001,MA,UT,DISABILITY,2024-06-01,2025-09-30,TERMINATED,37231783,23.37,MC-704422
P-00323,C-00250,Cardinal Mutual,H7252-012-002,MA,UT,DISABILITY,2025-10-01,,ACTIVE,37231783,32.62,CM-496065
P-00324,C-00251,Harborline,H3504-003-003,MA,UT,AGE,2024-06-01,,ACTIVE,37231783,27.29,HL-243294
P-00325,C-00252,Cardinal Mutual,S2876-017,PDP,GA,AGE,2026-01-01,,ACTIVE,61291817,85.05,CM-765824
P-00326,C-00253,Harborline,91959GA0474058,ACA,GA,,2024-01-01,,ACTIVE,61291817,343.83,HL-374025
P-00327,C-00254,Summit Health Plans,H5371-019,MA,KY,AGE,2026-01-01,,ACTIVE,32244663,25.22,SH-869584
P-00328,C-00255,Meridian Care,H3591-006,MA,KY,AGE,2025-11-01,,ACTIVE,32244663,30.69,MC-295454
P-00328,C-00255,Meridian Care,H3591-006,MA,KY,AGE,2025-11-01,,ACTIVE,32244663,30.69,MC-295454
P-00329,C-00256,Harborline,H2796-016,MA,WI,AGE,2022-08-01,,ACTIVE,61291817,39.74,HL-805486
P-00330,C-00257,Harborline,H3504-022,MA,DE,AGE,2026-02-01,,ACTIVE,4356886,32.64,HL-496818
P-00331,C-00258,Meridian Care,F,MEDSUPP,WA,AGE,2022-01-01,,ACTIVE,99847493,95.44,MC-764563
P-00332,C-00258,Meridian Care,S9201-026,PDP,WA,AGE,2022-01-01,,ACTIVE,99847493,58.33,MC-810860
P-00333,C-00259,Meridian Care,H8433-006,MA,ME,AGE,2023-08-01,,ACTIVE,94702683,36.55,MC-221297
P-00334,C-00260,Northwind Health,H5040-021,MA,KY,AGE,2026-04-01,,ACTIVE,43339391,28.11,NW-495323
P-00335,C-00261,Cardinal Mutual,S1188-010,PDP,KY,AGE,2023-09-01,,ACTIVE,43339391,15.13,CM-718722
P-00336,C-00262,Harborline,S2040-020-003,PDP,WI,AGE,2025-03-01,,ACTIVE,61291817,57.45,HL-423896
P-00337,C-00263,Summit Health Plans,H5371-012,MA,ID,AGE,2022-11-01,2023-10-31,TERMINATED,77125617,32.06,SH-510059
P-00338,C-00263,Northwind Health,H9830-023,MA,ID,AGE,2023-11-01,,ACTIVE,77125617,15.98,NW-835165
P-00339,C-00264,Meridian Care,R5315-014-001,MA,CA,AGE,2023-12-01,,ACTIVE,78490893,55.66,MC-982544
P-00340,C-00265,Summit Health Plans,S8123-025,PDP,CA,AGE,2025-09-01,,ACTIVE,78490893,19.68,SH-915509
P-00340,C-00265,Summit Health Plans,S8123-025,PDP,CA,AGE,2025-09-01,,ACTIVE,78490893,19.68,SH-915509
P-00341,C-00266,Cardinal Mutual,H7252-011-001,MA,IL,AGE,2025-08-01,,ACTIVE,44524491,5.20,CM-848440
P-00342,C-00267,Summit Health Plans,G,MEDSUPP,IL,AGE,2022-12-01,,ACTIVE,44524491,91.74,SH-681667
P-00343,C-00267,Summit Health Plans,S8123-004,PDP,GA,AGE,2022-12-01,,ACTIVE,44524491,11.41,SH-235073
P-00344,C-00268,Summit Health Plans,H9797-023,MA,GA,DISABILITY,2024-08-01,,ACTIVE,61291817,8.11,SH-794804
P-00345,C-00269,Cardinal Mutual,H7252-021,MA,FL,AGE,2025-08-01,,ACTIVE,94702683,22.06,CM-763874
P-00346,C-00270,Northwind Health,A,MEDSUPP,FL,AGE,2024-11-01,,ACTIVE,94702683,223.29,NW-169163
P-00347,C-00270,Northwind Health,S7543-012,PDP,FL,AGE,2024-11-01,,ACTIVE,94702683,59.64,NW-915866
P-00348,C-00271,Northwind Health,H5040-012-002,MA,IA,AGE,2025-10-01,,ACTIVE,1884412,55.52,NW-927061
P-00349,C-00272,Bluepeak,23947VT2393607,ACA,VT,,2025-01-01,2025-12-31,TERMINATED,10583482,646.50,BP-695130
P-00350,C-00272,Cardinal Mutual,49117VT0886921,ACA,VT,,2026-01-01,,ACTIVE,10583482,635.16,CM-841870
P-00351,C-00273,Harborline,H2796-024,MA,VT,AGE,2026-02-01,,ACTIVE,10583482,19.66,HL-198181
P-00352,C-00274,Northwind Health,H9830-008,MA,VT,AGE,2025-12-01,,ACTIVE,10583482,54.16,NW-963359
P-00353,C-00275,Bluepeak,A,MEDSUPP,KY,AGE,2025-08-01,,ACTIVE,43339391,128.62,BP-404154
P-00354,C-00275,Bluepeak,S1771-007-002,PDP,KY,AGE,2025-08-01,,ACTIVE,43339391,5.36,BP-873876
P-00355,C-00276,Meridian Care,H3591-004,MA,KY,AGE,2023-11-01,,ACTIVE,43339391,35.29,MC-615947
P-00356,C-00277,Meridian Care,H3591-004-003,MA,NC,AGE,2022-09-01,2025-06-30,TERMINATED,74197857,15.52,MC-398739
P-00357,C-00277,Northwind Health,H9830-029,MA,NC,AGE,2025-07-01,,ACTIVE,74197857,2.58,NW-268099
P-00358,C-00278,Summit Health Plans,93748MI6523795,ACA,MI,,2025-01-01,,ACTIVE,61855700,322.25,SH-215063
P-00359,C-00279,Summit Health Plans,S5808-028-002,PDP,IL,AGE,2025-11-01,,ACTIVE,4356886,48.17,SH-835005
P-00360,C-00280,Northwind Health,H9830-023,MA,ID,AGE,2023-01-01,,ACTIVE,43339391,51.88,NW-342669
P-00361,C-00281,Northwind Health,76542ID4517199,ACA,ID,,2025-01-01,,ACTIVE,43339391,626.54,NW-394184
P-00362,C-00282,Summit Health Plans,G,MEDSUPP,SD,AGE,2025-08-01,,ACTIVE,77125617,198.53,SH-478083
P-00363,C-00282,Summit Health Plans,S8123-024,PDP,SD,AGE,2025-08-01,,ACTIVE,77125617,65.88,SH-349825
P-00364,C-00283,Summit Health Plans,G,MEDSUPP,WI,AGE,2023-10-01,,ACTIVE,61291817,104.35,SH-234041
P-00365,C-00283,Summit Health Plans,S8123-029-003,PDP,WI,AGE,2023-10-01,,ACTIVE,61291817,61.90,SH-483791
P-00366,C-00284,Meridian Care,N,MEDSUPP,WI,AGE,2026-05-01,,ACTIVE,61291817,220.25,MC-619072
P-00367,C-00284,Meridian Care,S9201-006,PDP,WI,AGE,2026-05-01,,ACTIVE,61291817,76.72,MC-887195
P-00368,C-00285,Bluepeak,H4593-006,MA,WI,AGE,2023-08-01,,ACTIVE,61291817,18.34,BP-147828
P-00369,C-00286,Harborline,H2796-027,MA,KY,AGE,2025-04-01,,ACTIVE,94702683,29.12,HL-329931
P-00370,C-00287,Bluepeak,H3266-003,MA,NY,AGE,2022-10-01,2026-01-31,TERMINATED,97102525,40.62,BP-290330
P-00371,C-00287,Summit Health Plans,H9797-007,MA,NY,AGE,2026-02-01,,ACTIVE,97102525,46.66,SH-614345
P-00372,C-00288,Summit Health Plans,H9797-004,MA,NY,AGE,2026-11-01,,chk w/ carrier,97102525,1.11,SH-900530
P-00373,C-94375,Bluepeak,H3266-021-003,MA,IA,AGE,2024-07-01,,ACTIVE,1884412,44.53,BP-229054
P-00374,C-00290,Meridian Care,S9201-016,PDP,IA,AGE,2023-03-01,,ACTIVE,1884412,32.78,MC-215485
P-00375,C-00291,Harborline,S2040-026,PDP,ID,AGE,2025-09-01,,ACTIVE,5265799,5.35,HL-255863
P-00376,C-00292,Meridian Care,76540ID4672054,ACA,ID,,2025-01-01,,ACTIVE,5265799,339.61,MC-194840
P-00377,C-00293,Meridian Care,76540ID6944833,ACA,ID,,2025-01-01,,ACTIVE,5265799,587.07,MC-244935
P-00378,C-00294,Cardinal Mutual,G,MEDSUPP,VA,AGE,2024-12-01,,ACTIVE,78490893,126.09,CM-162471
P-00379,C-00294,Cardinal Mutual,S2876-028,PDP,VA,AGE,2024-12-01,,ACTIVE,78490893,27.83,CM-409012
P-00380,C-00295,Summit Health Plans,S5808-001-003,PDP,VA,AGE,2025-07-01,,ACTIVE,78490893,29.06,SH-482986
P-00381,C-00296,Bluepeak,H3266-022,MA,NC,AGE,2024-09-01,,ACTIVE,74197857,37.21,BP-681074
P-00382,C-00297,Bluepeak,23947NE6717637,ACA,NE,,2026-01-01,,ACTIVE,33857966,223.39,BP-329540
P-00383,C-00298,Bluepeak,A,MEDSUPP,IL,AGE,2023-07-01,,CANCELLED,97102525,124.88,BP-168492
P-00384,C-00298,Bluepeak,S1771-007-001,PDP,IL,AGE,2023-07-01,,ACTIVE,97102525,38.05,BP-769399
P-00385,C-00299,Harborline,H2796-023,MA,IL,AGE,2023-01-01,,ACTIVE,97102525,55.27,HL-202110
P-00386,C-00300,Summit Health Plans,B,MEDSUPP,CO,AGE,2024-09-01,,ACTIVE,7150444,303.44,SH-648706
P-00387,C-00300,Summit Health Plans,S8123-015,PDP,CO,AGE,2024-09-01,,ACTIVE,7150444,26.49,SH-455488
P-00388,C-00301,Cardinal Mutual,49117SC1634202,ACA,SC,,2026-01-01,,ACTIVE,11576383,169.58,CM-249550
P-00389,C-00302,Bluepeak,23947SC1143565,ACA,SC,,2025-01-01,,ACTIVE,11576383,517.15,BP-704516
P-00390,C-00303,Harborline,H3504-009-002,MA,LA,AGE,2025-04-01,,ACTIVE,11576383,55.91,HL-144748
P-00391,C-00304,Meridian Care,H8433-025,MA,AR,DISABILITY,2022-06-01,,ACTIVE,44524491,35.48,MC-309160
P-00392,C-00305,Cardinal Mutual,H8668-009-001,MA,DC,AGE,2024-09-01,,ACTIVE,6831819,20.64,CM-766566
P-00393,C-00306,Cardinal Mutual,L,MEDSUPP,NC,AGE,2023-11-01,,ACTIVE,74197857,245.81,CM-661519
P-00394,C-00306,Cardinal Mutual,S1188-023,PDP,NC,AGE,2023-11-01,2026-09-16,ACTIVE,74197857,76.56,CM-471921
P-00395,C-00307,Northwind Health,S7543-021,PDP,CA,AGE,2025-11-01,,ACTIVE,78490893,78.61,NW-769952
P-00396,C-00308,Cardinal Mutual,H8668-027,MA,CO,AGE,2025-06-01,,ACTIVE,5265799,44.43,CM-546535
P-00397,C-00309,Cardinal Mutual,49117DC4781975,ACA,DC,,2025-01-01,2025-12-31,TERMINATED,6831819,723.43,CM-764909
P-00398,C-00309,Harborline,91959DC1664720,ACA,DC,,2026-01-01,,CANCELLED,6831819,264.84,HL-945089
P-00399,C-00310,Northwind Health,F,MEDSUPP,NC,AGE,2024-07-01,,ACTIVE,74197857,242.02,NW-532993
P-00400,C-00310,Northwind Health,S6930-001,PDP,NC,AGE,2024-07-01,,ACTIVE,74197857,66.38,NW-920192
P-00401,C-00311,Summit Health Plans,H9797-020-002,MA,TX,AGE,2022-11-01,,ACTIVE,90949389,52.79,SH-512423
P-00402,C-00312,Northwind Health,H5040-001,MA,NE,AGE,2022-06-01,,ACTIVE,33857966,50.63,NW-841947
P-00403,C-00313,Harborline,91959OR3251909,ACA,OR,,2024-01-01,,ACTIVE,74197857,851.78,HL-981282
P-00404,C-00314,Cardinal Mutual,H7252-014,MA,NE,AGE,2023-02-01,,ACTIVE,54100814,6.02,CM-610150
P-00405,C-00315,Bluepeak,R9348-007-001,MA,WI,AGE,2023-05-01,2024-07-31,TERMINATED,61291817,29.89,BP-220364
P-00406,C-00315,Harborline,H2796-003,MA,WI,AGE,2024-08-01,,ACTIVE,61291817,59.61,HL-825196
P-00407,C-00316,Summit Health Plans,N,MEDSUPP,CT,AGE,2026-03-01,,ACTIVE,29898923,144.28,SH-932673
P-00408,C-00316,Summit Health Plans,S8123-014-003,PDP,CT,AGE,2026-03-01,,ACTIVE,29898923,78.09,SH-544320
P-00409,C-00317,Meridian Care,S3927-013,PDP,CT,AGE,2026-05-01,,ACTIVE,29898923,9.90,MC-220219
P-00410,C-00318,Northwind Health,76542NY5345038,ACA,NY,,2024-01-01,,ACTIVE,6831819,164.28,NW-851622
P-00411,C-00319,Northwind Health,H5040-015,MA,WI,AGE,2024-08-01,,ACTIVE,61291817,14.01,NW-730645
P-00412,C-00320,Cardinal Mutual,H8668-024,MA,WI,AGE,2025-07-01,,ACTIVE,61291817,24.65,CM-388016
P-00413,C-00321,Cardinal Mutual,49117SC8276815,ACA,SC,,2025-01-01,2025-12-31,TERMINATED,11576383,309.13,CM-984028
P-00414,C-00321,Harborline,91959SC1723751,ACA,SC,,2026-01-01,,ACTIVE,11576383,188.38,HL-334896
P-00415,C-00322,Northwind Health,76542SC3207127,ACA,SC,,2024-01-01,,ACTIVE,11576383,633.49,NW-955792
P-00416,C-00323,Northwind Health,H5040-025,MA,SC,AGE,2025-02-01,2026-04-30,TERMINATED,11576383,47.85,NW-991450
P-00417,C-00452,Harborline,H3504-024,MA,TX,AGE,2026-05-01,,ACTIVE,1884412,39.15,HL-100417
P-00418,C-00324,Meridian Care,76540CT3454281,ACA,CT,,2026-01-01,,ACTIVE,29898923,252.25,MC-178794
P-00419,C-00325,Meridian Care,H3591-030,MA,CT,AGE,2024-09-01,2026-03-31,TERMINATED,29898923,10.65,MC-329412
P-00420,C-90209,Harborline,H2796-025,MA,CT,AGE,2026-04-01,,ACTIVE,29898923,32.78,HL-297083
P-00421,C-00326,Bluepeak,23947CT4475434,ACA,CT,,2025-01-01,,ACTIVE,29898923,187.46,BP-599374
P-00422,C-00327,Cardinal Mutual,49117CT8425356,ACA,CT,,2024-01-01,,ACTIVE,29898923,714.72,CM-632599
P-00423,C-00328,Bluepeak,G,MEDSUPP,WA,AGE,2022-08-01,,ACTIVE,99847493,107.41,BP-137421
P-00424,C-00328,Bluepeak,S2489-003,PDP,WA,AGE,2022-08-01,,ACTIVE,99847493,21.55,BP-388840
P-00425,C-00329,Meridian Care,H3591-006,MA,UT,AGE,2024-07-01,,ACTIVE,37231783,25.81,MC-814544
P-00426,C-00330,Northwind Health,G,MEDSUPP,MT,AGE,2024-07-01,,ACTIVE,97102525,95.69,NW-694822
P-00427,C-00330,Northwind Health,S6930-027,PDP,MT,AGE,2024-07-01,,ACTIVE,97102525,42.40,NW-650784
P-00428,C-00331,Meridian Care,H3591-005,MA,MT,AGE,2023-06-01,,ACTIVE,97102525,33.61,MC-997859
P-00429,C-00332,Summit Health Plans,S8123-010,PDP,CA,AGE,2024-02-01,,ACTIVE,43339391,36.22,SH-143096
P-00430,C-00333,Northwind Health,H5040-010-001,MA,UT,AGE,2023-07-01,,ACTIVE,90O49389,48.58,NW-229431
P-00431,C-00334,Northwind Health,H9830-008-002,MA,UT,AGE,2026-11-01,,PENDING,90949389,55.58,NW-767989
P-00432,C-00335,Summit Health Plans,93748UT5213281,ACA,UT,,2025-01-01,2025-12-31,TERMINATED,90949389,377.15,SH-691299
P-00433,C-00335,Cardinal Mutual,49117UT5410314,ACA,UT,,2026-01-01,,ACTIVE,90949389,332.42,CM-816514
P-00434,C-00336,Cardinal Mutual,49117CO9157519,ACA,CO,,2025-01-01,2024-10-24,TERMINATED,29898923,390.34,CM-494228
P-00435,C-00336,Summit Health Plans,93748CO1611322,ACA,CO,,2026-01-01,,ACTIVE,29898923,331.67,SH-652150
P-00436,C-00337,Harborline,S7304-005,PDP,CO,AGE,2025-04-01,,ACTIVE,29898923,53.06,HL-156136
P-00437,C-00338,Meridian Care,H8433-005,MA,PA,AGE,2024-09-01,2025-08-31,TERMINATED,1884412,18.31,MC-808502
P-00438,C-00338,Bluepeak,H4593-026,MA,PA,AGE,2025-09-01,,ACTIVE,1884412,39.72,BP-753959
P-00438,C-00338,Bluepeak,H4593-026,MA,PA,AGE,2025-09-01,,ACTIVE,1884412,39.72,BP-753959
P-00439,C-00339,Bluepeak,H3266-027,MA,PA,AGE,2026-11-01,,PENDING,1884412,50.19,BP-814416
P-00440,C-00340,Meridian Care,76540KY9171785,ACA,KY,,2027-01-01,,PENDING,43339391,412.60,MC-599288
P-00441,C-00341,Bluepeak,23947MI0469269,ACA,MI,,2025-01-01,,ACTIVE,13981052,521.48,BP-579285
P-00442,C-00342,Meridian Care,H3591-006,MA,NE,AGE,2023-11-01,,ACTIVE,33857966,53.73,MC-258757
P-00443,C-00343,Summit Health Plans,H5371-003,MA,IL,AGE,2025-02-01,,ACTIVE,44524491,3.68,SH-130955
P-00444,C-00344,Northwind Health,H9830-020,MA,IL,AGE,2022-08-01,,ACTIVE,44524491,51.71,NW-981516
P-00445,C-00345,Cardinal Mutual,49117NY4799782,ACA,NY,,2025-01-01,,ACTIVE,97102525,445.56,CM-310965
P-00446,C-00346,Meridian Care,H3591-019,MA,NY,AGE,2022-12-01,,ACTIVE,97102525,38.80,MC-625179
P-00447,C-00347,Bluepeak,H4593-028-003,MA,MN,AGE,2023-12-01,,ACTIVE,11576383,42.41,BP-740939
P-00448,C-00348,Meridian Care,H3591-008,MA,MN,AGE,2024-12-01,,ACTIVE,11576383,40.43,MC-176453
P-00449,C-00349,Bluepeak,H3266-022,MA,IL,AGE,2022-02-01,,ACTIVE,37231783,56.00,BP-873768
P-00450,C-00350,Summit Health Plans,H9797-026-003,MA,VT,AGE,2023-03-01,2024-04-30,TERMINATED,10583482,1.22,SH-854793
P-00451,C-00350,Bluepeak,H3266-006-001,MA,VT,AGE,2024-05-01,,ACTIVE,10583482,23.15,BP-145843
P-00452,C-00351,Summit Health Plans,H9797-017,MA,VT,AGE,2023-12-01,,ACTIVE,10583482,21.91,SH-434347
P-00453,C-00352,Northwind Health,H9830-027-002,MA,SD,AGE,2026-02-01,,ACTIVE,90949389,6.92,NW-162621
P-00454,C-00353,Northwind Health,76542SD3765620,ACA,SD,,2025-01-01,,ACTIVE,90949389,419.65,NW-497753
P-00455,C-00354,Cardinal Mutual,H8668-024,MA,SD,AGE,2024-04-01,,ACTIVE,90949389,55.53,CM-401380
P-00456,C-00355,Harborline,H2796-004,MA,MO,AGE,2023-06-01,,ACTIVE,32244663,25.14,HL-696053
P-00457,C-00356,Harborline,H2796-005-003,MA,CO,DISABILITY,2022-12-01,2024-07-31,TERMINATED,29898923,50.62,HL-787842
P-00458,C-00356,Northwind Health,H5040-022-001,MA,CO,DISABILITY,2024-08-01,,ACTIVE,29898923,41.51,NW-561697
P-00459,C-00357,Summit Health Plans,H5371-003,MA,DC,AGE,2023-09-01,,ACTIVE,6831819,52.58,SH-547191
P-00460,C-00358,Meridian Care,H8433-007,MA,AL,AGE,2025-10-01,,CANCELLED,1884412,31.03,MC-971080
P-00461,C-00359,Meridian Care,76540TX7014220,ACA,TX,,2026-01-01,,ACTIVE,99847493,856.43,MC-868654
P-00462,C-00360,Harborline,H3504-024,MA,TX,AGE,2025-02-01,,ACTIVE,99847493,33.58,HL-479459
P-00463,C-00361,Bluepeak,23947LA9019698,ACA,LA,,2025-01-01,2025-12-31,TERMINATED,11576383,471.05,BP-914165
P-00464,C-00361,Summit Health Plans,93748LA9810566,ACA,LA,,2026-01-01,,CANCELLED,11576383,331.06,SH-734960
P-00465,C-00362,Northwind Health,H5040-017,MA,MI,AGE,2024-04-01,,ACTIVE,13981052,43.36,NW-506967
P-00466,C-00363,Bluepeak,G,MEDSUPP,MN,AGE,2026-01-01,,ACTIVE,11576383,283.18,BP-959943
P-00467,C-00363,Bluepeak,S2489-005,PDP,MN,AGE,2026-01-01,,ACTIVE,11576383,6.27,BP-722385
P-00468,C-00364,Northwind Health,76542SC946455,ACA,SC,,2025-01-01,,ACTIVE,11576383,828.53,NW-650705
P-00469,C-00365,Bluepeak,H3266-008-002,MA,SC,AGE,2023-11-01,2025-07-31,TERMINATED,11576383,13.87,BP-402491
P-00470,C-00365,Cardinal Mutual,R9669-022,MA,SC,AGE,2025-08-01,,ACTIVE,11576383,22.82,CM-247852
P-00471,C-00366,Meridian Care,L,MEDSUPP,SC,AGE,2024-04-01,,ACTIVE,11576383,260.68,MC-232307
P-00472,C-00366,Meridian Care,S3927-030,PDP,SC,AGE,2024-04-01,,ACTIVE,11576383,22.95,MC-851043
P-00473,C-00367,Northwind Health,76542MO5488091,ACA,MO,,2026-01-01,,ACTIVE,32244663,355.42,NW-631691
P-00474,C-00368,Cardinal Mutual,H8668-016,MA,MO,AGE,2025-02-01,,ACTIVE,32244663,12.40,CM-608042
P-00475,C-00369,Harborline,S2040-029,PDP,NE,AGE,2025-05-01,,ACTIVE,54100814,54.16,HL-981529
P-00476,C-00370,Harborline,91959NE9116962,ACA,NE,,2026-01-01,,ACTIVE,54100814,780.40,HL-409767
P-00477,C-00371,Harborline,H3504-002,MA,FL,AGE,2022-02-01,,ACTIVE,94702683,46.06,HL-909289
P-00478,C-00372,Harborline,H2796-024,MA,MO,AGE,2026-01-01,,ACTIVE,29898923,1.72,HL-941390
P-00479,C-00373,Summit Health Plans,93748MO1064762,ACA,MO,,2025-01-01,2025-12-31,TERMINATED,29898923,214.50,SH-643842
P-00480,C-00373,Bluepeak,23947MO6074992,ACA,MO,,2026-01-01,,ACTIVE,29898923,851.85,BP-308079
P-00481,C-00374,Meridian Care,H3591-027-003,MA,VT,AGE,2025-05-01,,ACTIVE,10583482,30.95,MC-787106
P-00482,C-00375,Bluepeak,23947OH1603174,ACA,OH,,2026-01-01,,ACTIVE,1884412,662.65,BP-303721
P-00483,C-00376,Northwind Health,H9830-025,MA,MI,AGE,2024-06-01,,ACTIVE,13981052,44.77,NW-849290
P-00484,C-00377,Summit Health Plans,H9797-002,MA,KY,AGE,2024-02-01,,ACTIVE,32244663,40.42,SH-364266
P-00485,C-00378,Meridian Care,G,MEDSUPP,PA,AGE,2024-12-01,,ACTIVE,13981052,124.42,MC-546380
P-00486,C-00378,Meridian Care,S3927-005,PDP,PA,AGE,2024-12-01,,ACTIVE,13981052,7.23,MC-269966
P-00487,C-00379,Summit Health Plans,H9797-026-003,MA,DE,DISABILITY,2025-04-01,,ACTIVE,54100814,50.29,SH-849181
P-00488,C-00380,Cardinal Mutual,49117UT0164772,ACA,UT,,2025-01-01,2025-12-31,TERMINATED,90949389,566.40,CM-536525
P-00489,C-00380,Bluepeak,23947UT2522438,ACA,UT,,2026-01-01,,ACTIVE,90949389,766.68,BP-170304
P-00490,C-00381,Harborline,H3504-019,MA,UT,AGE,2023-01-01,,ACTIVE,90949389,59.74,HL-420602
P-00491,C-00382,Meridian Care,R5315-007,MA,UT,AGE,2023-06-01,,ACTIVE,37231783,13.77,MC-102800
P-00492,C-00383,Harborline,91959UT1305056,ACA,UT,,2024-01-01,,ACTIVE,37231783,218.40,HL-243628
P-00493,C-00384,Bluepeak,H3266-023,MA,MO,AGE,2025-10-01,,ACTIVE,32244663,20.52,BP-818660
P-00494,C-00385,Meridian Care,H3591-001-002,MA,MO,AGE,2022-12-01,2026-04-30,TERMINATED,32244663,48.02,MC-425468
P-00495,C-00385,Harborline,H3504-017,MA,MO,AGE,2026-05-01,,ACTIVE,32244663,1.06,HL-736249
P-00496,C-00386,Summit Health Plans,H9797-028,MA,WA,AGE,2022-02-01,,ACTIVE,99847493,10.78,SH-186847
P-00497,C-00387,Meridian Care,H3591-003,MA,WA,AGE,2022-01-01,,ACTIVE,99847493,15.80,MC-965125
P-00498,C-00388,Northwind Health,H5040-024,MA,OH,AGE,2024-06-01,,ACTIVE,1884412,7.07,NW-294677
P-00499,C-00389,Bluepeak,23947OH6283563,ACA,OH,,2025-01-01,2025-12-31,TERMINATED,1884412,753.38,BP-185222
P-00500,C-00389,Harborline,91959OH5163730,ACA,OH,,2026-01-01,,ACTIVE,1884412,400.46,HL-883714
P-00501,C-00390,Bluepeak,23947KS4576814,ACA,KS,,2025-01-01,2025-12-31,TERMINATED,13981052,411.12,BP-285715
P-00502,C-00390,Cardinal Mutual,49117KS4351239,ACA,KS,,2026-01-01,,ACTIVE,13981052,726.19,CM-377395
P-00503,C-00391,Meridian Care,H8433-003-003,MA,KS,AGE,2025-06-01,,ACTIVE,13981052,42.04,MC-910978
P-00504,C-95048,Harborline,H2796-006,MA,CO,AGE,2024-07-01,,ACTIVE,29898923,29.32,HL-421153
P-00505,C-00393,Cardinal Mutual,H8668-019,MA,LA,AGE,2024-09-01,2025-09-30,TERMINATED,32244663,2.33,CM-271993
P-00506,C-00393,Meridian Care,H3591-019,MA,KY,AGE,2025-10-01,,ACTIVE,32244663,11.43,MC-236200
P-00507,C-00394,Bluepeak,H4593-022-001,MA,KY,AGE,2024-08-01,,ACTIVE,32244663,45.49,BP-986747
P-00508,C-00395,Northwind Health,H5040-008,MA,KY,AGE,2024-11-01,,ACTIVE,4356886,49.85,NW-286814
P-00509,C-00396,Bluepeak,S1771-010,PDP,KY,AGE,2025-06-01,,ACTIVE,4356886,68.37,BP-808074
P-00510,C-00397,Cardinal Mutual,K,MEDSUPP,WA,AGE,2022-01-01,,ACTIVE,99847493,228.43,CM-908829
P-00511,C-00397,Cardinal Mutual,S2876-024-002,PDP,WA,AGE,2022-01-01,,ACTIVE,99847493,23.99,CM-732958
P-00512,C-00398,Cardinal Mutual,N,MEDSUPP,TX,AGE,2022-04-01,,ACTIVE,90949389,103.05,CM-227455
P-00513,C-00398,Cardinal Mutual,S2876-012,PDP,TX,AGE,2022-04-01,,ACTIVE,90949389,13.20,CM-728441
P-00514,C-00399,Northwind Health,H5040-021-003,MA,CT,AGE,2023-04-01,2024-08-31,??,29898923,40.42,NW-552041
P-00515,C-00399,Cardinal Mutual,H7252-030,MA,CT,AGE,2024-09-01,,ACTIVE,29898923,42.88,CM-696711
P-00516,C-00400,Meridian Care,H8433-004,MA,CT,AGE,2025-04-01,,ACTIVE,29898923,15.69,MC-698626
P-00517,C-00401,Harborline,91959PA3115755,ACA,AR,,2025-01-01,,ACTIVE,13981052,512.87,HL-625927
P-00518,C-00402,Cardinal Mutual,R5119-018,MA,UT,ESRD,2025-11-01,,ACTIVE,37231783,31.87,CM-598705
P-00519,C-00403,Summit Health Plans,F,MEDSUPP,IN,AGE,2025-12-01,,ACTIVE,4356886,189.62,SH-405998
P-00520,C-00403,Summit Health Plans,S8123-022,PDP,IN,AGE,2025-12-01,,ACTIVE,4356886,81.57,SH-131000
P-00521,C-00404,Summit Health Plans,H5371-018-001,MA,OH,AGE,2023-02-01,2024-04-30,TERMINATED,37231783,33.46,SH-469124
P-00522,C-00404,Bluepeak,H3266-011,MA,OH,AGE,2024-05-01,,ACTIVE,37231783,29.75,BP-760891
P-00523,C-00405,Northwind Health,H9830-014,MA,KY,AGE,2025-08-01,,ACTIVE,43339391,33.61,NW-298049
P-00524,C-00406,Northwind Health,76542KY9572822,ACA,KY,,2025-01-01,2025-12-31,TERMINATED,43339391,685.78,NW-123942
P-00525,C-00406,Cardinal Mutual,49117KY4193310,ACA,KY,,2026-01-01,,ACTIVE,43339391,368.18,CM-696960
P-00526,C-00407,Bluepeak,B,MEDSUPP,CA,AGE,2022-02-01,,CANCELLED,43339391,241.11,BP-581498
P-00527,C-00407,Bluepeak,S1771-008-003,PDP,CA,AGE,2022-02-01,,ACTIVE,43339391,33.97,BP-583819
P-00528,C-00408,Cardinal Mutual,H7252-010,MA,AR,AGE,2023-11-01,,ACTIVE,44524491,32.63,CM-968543
P-00529,C-00409,Meridian Care,S3927-029,PDP,SC,AGE,2023-10-01,,CANCELLED,11576383,85.53,MC-889056
P-00530,C-00410,Bluepeak,23947CT8754003,ACA,CT,,2024-01-01,,ACTIVE,29898923,528.05,BP-127200
P-00531,C-00411,Meridian Care,H8433-005-001,MA,CT,AGE,2023-05-01,,ACTIVE,29898923,47.86,MC-112652
P-00532,C-00412,Meridian Care,76540SC2837377,ACA,SC,,2025-01-01,,ACTIVE,11576383,838.43,MC-605468
P-00533,C-00413,Northwind Health,K,MEDSUPP,MN,AGE,2025-07-01,,ACTIVE,61855700,295.25,NW-203641
P-00534,C-00413,Northwind Health,S7543-009,PDP,MN,AGE,2025-07-01,,ACTIVE,61855700,18.01,NW-936677
P-00535,C-00414,Bluepeak,H3266-015,MA,KY,AGE,2023-02-01,,ACTIVE,32244663,8.05,BP-663015
P-00536,C-00415,Northwind Health,H5040-019,MA,KY,AGE,2024-04-01,,ACTIVE,32244663,52.01,NW-744259
P-00537,C-00416,Bluepeak,H3266-016-003,MA,IN,AGE,2026-01-01,,ACTIVE,4356886,13.36,BP-287480
P-00538,C-00417,Northwind Health,H5040-019,MA,IN,AGE,2024-09-01,,ACTIVE,4356886,55.04,NW-262107
P-00539,C-00418,Cardinal Mutual,49117MT9986296,ACA,MT,,2025-01-01,2025-12-31,TERMINATED,97102525,696.45,CM-917632
P-00540,C-00418,Harborline,91959MT3837345,ACA,MT,,2026-01-01,,ACTIVE,97102525,494.52,HL-594908
P-00541,C-00419,Meridian Care,H8433-010-003,MA,MT,AGE,2026-05-01,,ACTIVE,97102525,30.59,MC-124829
P-00542,C-00420,Cardinal Mutual,S2876-009-001,PDP,WV,AGE,2025-02-01,,ACTIVE,7150444,65.53,CM-559406
P-00543,C-00421,Harborline,R7916-018,MA,WV,AGE,2023-04-01,,ACTIVE,7150444,43.50,HL-957011
P-00544,C-00422,Meridian Care,H8433-014-003,MA,ID,AGE,2025-03-01,,ACTIVE,77125617,32.46,MC-945220
P-00545,C-00423,Northwind Health,H5040-026,MA,ID,AGE,2025-08-01,,ACTIVE,77125617,42.06,NW-987409
P-00546,C-00424,Harborline,G,MEDSUPP,NE,AGE,2025-01-01,,ACTIVE,33857966,294.37,HL-968454
P-00547,C-00424,Harborline,S2040008,PDP,NE,AGE,2025-01-01,,ACTIVE,33857966,57.81,HL-547898
P-00548,C-00425,Bluepeak,23947CO5175463,ACA,CO,,2024-01-01,,ACTIVE,29898923,388.00,BP-205797
P-00549,C-00426,Meridian Care,H8433-015,MA,GA,AGE,2024-05-01,2026-03-31,TERMINATED,10583482,32.70,MC-308286
P-00550,C-00426,Bluepeak,H4593-003,MA,GA,AGE,2026-04-01,,ACTIVE,10583482,14.34,BP-631316
P-00551,C-00427,Cardinal Mutual,H7252-012,MA,DE,AGE,2022-02-01,2023-01-31,TERMINATED,54100814,29.52,CM-425039
P-00552,C-00427,Northwind Health,H9830-008,MA,DE,AGE,2023-02-01,,ACTIVE,54100814,57.44,NW-188553
P-00553,C-00428,Bluepeak,23947GA7882149,ACA,GA,,2024-01-01,,ACTIVE,61855700,201.10,BP-164153
P-00554,C-00429,Harborline,H2796-024,MA,KY,AGE,2022-02-01,2023-02-28,TERMINATED,61291817,11.82,HL-527456
P-00555,C-00429,Northwind Health,H5040-006,MA,KY,AGE,2023-03-01,,CANCELLED,61291817,8.20,NW-115664
P-00556,C-00430,Summit Health Plans,93748KY7388951,ACA,KY,,2025-01-01,,ACTIVE,61291817,326.16,SH-998541
P-00557,C-00431,Summit Health Plans,H9797-024-002,MA,AR,AGE,2023-07-01,,ACTIVE,44524491,54.01,SH-415734
P-00558,C-00432,Cardinal Mutual,H7252-021,MA,SD,AGE,2025-01-01,,ACTIVE,77125617,47.28,CM-525362
P-00559,C-00433,Harborline,H2796-004,MA,WI,AGE,2026-03-01,,ACTIVE,61291817,18.60,HL-579653
P-00560,C-00434,Meridian Care,H3591-019,MA,WI,AGE,2022-02-01,2024-01-31,XFER,61291817,43.46,MC-650549
P-00561,C-00434,Northwind Health,H5040-023,MA,WI,AGE,2024-02-01,,ACTIVE,61291817,43.48,NW-274853
P-00562,C-00435,Bluepeak,H3266-007-002,MA,IL,AGE,2023-09-01,,ACTIVE,97102525,50.22,BP-722838
P-00563,C-00436,Bluepeak,H3266-025,MA,WA,AGE,2025-08-01,,ACTIVE,99847493,26.82,BP-111292
P-00564,C-00437,Harborline,91959WA2094878,ACA,WA,,2025-01-01,,ACTIVE,99847493,859.43,HL-878999
P-00565,C-00438,Bluepeak,H3266-014,MA,KY,AGE,2025-03-01,,ACTIVE,32244663,4.64,BP-769054
P-00566,C-00439,Cardinal Mutual,R5119-002,MA,MO,AGE,2025-03-01,2026-04-30,N/A,29898923,49.28,CM-213034
P-00567,C-00439,Meridian Care,H3591-025,MA,MO,AGE,2026-05-01,,ACTIVE,29898923,19.54,MC-478222
P-00568,C-00440,Northwind Health,H9830-012,MA,KY,AGE,2024-03-01,,ACTIVE,43339391,55.95,NW-460762
P-00569,C-00441,Summit Health Plans,H5371-004,MA,KY,AGE,2025-04-01,,ACTIVE,94702683,59.14,SH-194825
P-00570,C-00442,Summit Health Plans,H9797-007-003,MA,NY,AGE,2023-07-01,,ACTIVE,6831819,7.64,SH-194940
P-00571,C-00443,Harborline,H2796-008,MA,ID,AGE,2025-07-01,,ACTIVE,43339391,18.50,HL-561746
P-00572,C-00444,Meridian Care,H8433-014,MA,ID,AGE,2024-01-01,2025-08-31,TERMINATED,43339391,30.32,MC-482221
P-00573,C-00444,Bluepeak,H4593-023,MA,ID,AGE,2025-09-01,,ACTIVE,43339391,11.01,BP-437287
P-00574,C-00445,Cardinal Mutual,H7252-001,MA,NY,AGE,2025-02-01,,ACTIVE,10583482,45.87,CM-570253
P-00575,C-00446,Meridian Care,H8433-011,MA,NY,AGE,2023-02-01,,ACTIVE,10583482,19.05,MC-697538
P-00576,C-00447,Northwind Health,76542IL1191407,ACA,IL,,2026-01-01,,ACTIVE,7150444,233.39,NW-655506
P-00577,C-00448,Bluepeak,H4593-023,MA,FL,AGE,2023-10-01,,ACTIVE,54100814,35.25,BP-364255
P-00578,C-00449,Northwind Health,H9830-001,MA,NC,AGE,2022-01-01,2025-09-30,TERMINATED,74197857,46.53,NW-690730
P-00579,C-00449,Cardinal Mutual,H7252-021,MA,NC,AGE,2025-10-01,,ACTIVE,74197857,50.86,CM-622401
P-00580,C-00450,Bluepeak,R9348-016,MA,NY,AGE,2025-08-01,,ACTIVE,10583482,15.82,BP-732819
P-00581,C-00451,Bluepeak,23947TX4017327,ACA,TX,,2025-01-01,,ACTIVE,37231783,793.25,BP-297488
P-00582,C-00452,Harborline,S7304-021-001,PDP,TX,AGE,2023-07-01,,ACTIVE,37231783,74.84,HL-523874
P-00583,C-00453,Harborline,G,MEDSUPP,CA,AGE,2025-06-01,,ACTIVE,78490893,265.07,HL-129321
P-00584,C-00453,Harborline,S7304-007-002,PDP,CA,AGE,2025-06-01,,ACTIVE,78490893,62.63,HL-663886
P-00585,C-00454,Bluepeak,R9348-002,MA,CA,AGE,2024-08-01,,ACTIVE,78490893,31.25,BP-316037
P-00586,C-00455,Cardinal Mutual,R5119-007,MA,CA,AGE,2026-11-01,,??,78490893,53.52,CM-872416
P-00587,C-00456,Cardinal Mutual,H7252-024-002,MA,CO,AGE,2026-03-01,,ACTIVE,7150444,21.01,CM-813981
P-00588,C-00457,Meridian Care,H8433-015-003,MA,PA,AGE,2026-01-01,,ACTIVE,13981052,11.69,MC-563495
P-00589,C-00458,Harborline,H2796-011-001,MA,PA,AGE,2022-10-01,2026-09-25,ACTIVE,13981052,53.90,HL-856213
P-00590,C-00459,Meridian Care,76540KY1092722,ACA,KY,,2024-01-01,,ACTIVE,4356886,687.29,MC-643211
P-00591,C-00460,Northwind Health,H9830-030,MA,KY,ESRD,2025-01-01,,ACTIVE,4356886,46.81,NW-776111
P-00592,C-00461,Meridian Care,H8433-005,MA,PA,AGE,2023-12-01,,ACTIVE,13981052,3.48,MC-582273
P-00593,C-00462,Cardinal Mutual,49117PA7065567,ACA,PA,,2025-01-01,2025-12-31,XFER,13981052,697.52,CM-582954
P-00594,C-00462,Summit Health Plans,93748PA7447286,ACA,PA,,2026-01-01,,ACTIVE,13981052,659.13,SH-586032
P-00595,C-00463,Summit Health Plans,L,MEDSUPP,NE,AGE,2022-07-01,,ACTIVE,6831819,188.40,SH-973346
P-00596,C-00463,Summit Health Plans,S8123-002,PDP,NE,AGE,2022-07-01,,ACTIVE,6831819,37.67,SH-327727
P-00597,C-00464,Bluepeak,H4593-022,MA,NY,AGE,2023-04-01,2026-02-28,TERMINATED,10583482,7.95,BP-925189
P-00598,C-00464,Northwind Health,H9830-028-001,MA,NY,AGE,2026-03-01,,ACTIVE,10583482,7.36,NW-428512
P-00599,C-00465,Cardinal Mutual,G,MEDSUPP,GA,AGE,2025-04-01,,ACTIVE,61291817,274.04,CM-679150
P-00600,C-00465,Cardinal Mutual,S2876-023,PDP,GA,AGE,2025-04-01,,ACTIVE,61291817,45.86,CM-218867
P-00601,C-00466,Cardinal Mutual,49117KY9812846,ACA,KY,,2025-01-01,,ACTIVE,32244663,899.61,CM-290666
P-00602,C-00467,Bluepeak,H4593-017,MA,KY,AGE,2025-10-01,,ACTIVE,4356886,22.95,BP-645712
P-00603,C-00468,Cardinal Mutual,H8668-023,MA,MI,AGE,2024-01-01,2025-06-30,TERMINATED,61855700,30.73,CM-451938
P-00604,C-00468,Harborline,H3504-014,MA,MI,AGE,2025-07-01,,ACTIVE,61855700,57.94,HL-458747
P-00605,C-00469,Bluepeak,H4593-025-003,MA,MI,AGE,2022-05-01,,ACTIVE,61855700,7.15,BP-179074
P-00606,C-00470,Northwind Health,76542DE2327250,ACA,DE,,2024-01-01,,ACTIVE,54100814,411.51,NW-882304
P-00607,C-00471,Bluepeak,H4593-009-001,MA,IL,AGE,2025-11-01,,CANCELLED,97102525,11.78,BP-668326
P-00608,C-00472,Bluepeak,H3266-029-002,MA,AK,AGE,2026-01-01,,ACTIVE,61291817,4.94,BP-749954
P-00609,C-00473,Summit Health Plans,H5371-015-002,MA,OR,AGE,2023-03-01,,ACTIVE,74197857,37.81,SH-440124
P-00610,C-00474,Bluepeak,H4593-016,MA,MO,AGE,2026-03-01,,ACTIVE,32244663,32.13,BP-266006
P-00611,C-00475,Cardinal Mutual,R5119-026-001,MA,MO,AGE,2025-10-01,,ACTIVE,32244663,17.72,CM-536569
P-00612,C-00476,Cardinal Mutual,H7252-011,MA,MO,DISABILITY,2022-05-01,,ACTIVE,32244663,56.38,CM-344777
P-00613,C-00477,Cardinal Mutual,S2876-003,PDP,IL,AGE,2022-07-01,,ACTIVE,44524491,85.43,CM-585164
P-00614,C-00478,Harborline,B,MEDSUPP,IL,AGE,2023-09-01,,ACTIVE,44524491,248.12,HL-689171
P-00615,C-00478,Harborline,S7304-016-002,PDP,IL,AGE,2023-09-01,,ACTIVE,44524491,56.47,HL-734148
P-00616,C-00479,Cardinal Mutual,H8668-018,MA,GA,AGE,2023-12-01,,ACTIVE,61291817,12.85,CM-722691
P-00617,C-00480,Harborline,H3504-018,MA,GA,AGE,2024-07-01,,ACTIVE,61291817,2.08,HL-759439
P-00618,C-00481,Summit Health Plans,93748IL0660711,ACA,IL,,2025-01-01,2025-12-31,N/A,44524491,820.70,SH-158572
P-00619,C-00481,Bluepeak,23947IL8332850,ACA,IL,,2026-01-01,,ACTIVE,44524491,233.72,BP-171192
P-00620,C-00482,Harborline,91959IL1361617,ACA,IL,,2025-01-01,,ACTIVE,44524491,690.85,HL-460262
P-00621,C-00483,Bluepeak,H4593-017,MA,MN,AGE,2023-03-01,,ACTIVE,61855700,26.17,BP-438637
P-00622,C-00484,Bluepeak,H4593-030-003,MA,IL,AGE,2023-12-01,2026-03-31,TERMINATED,44524491,51.41,BP-880406
P-00623,C-00484,Meridian Care,H8433-006-002,MA,IL,AGE,2026-04-01,,ACTIVE,44524491,16.51,MC-890806
P-00624,C-00485,Meridian Care,H8433-012,MA,CT,AGE,2026-04-01,,ACTIVE,29898923,37.99,MC-157008
P-00625,C-00486,Cardinal Mutual,H8668-026,MA,CT,AGE,2022-11-01,2026-03-31,TERMINATED,29898923,54.64,CM-999006
P-00626,C-00486,Bluepeak,H4593-028,MA,CT,AGE,2026-04-01,,ACTIVE,29898923,2.55,BP-749358
P-00627,C-00487,Harborline,S2040-004,PDP,IN,AGE,2023-07-01,,ACTIVE,4356886,9.97,HL-599651
P-00628,C-00488,Summit Health Plans,93748DE8048449,ACA,DE,,2026-01-01,,ACTIVE,4356886,232.94,SH-866964
P-00629,C-00489,Harborline,G,MEDSUPP,DE,AGE,2023-01-01,,ACTIVE,4356886,309.95,HL-385173
P-00630,C-00489,Harborline,S2040-008,PDP,DE,AGE,2023-01-01,,ACTIVE,4356886,78.39,HL-949717
P-00631,C-00490,Meridian Care,H8433-012,MA,AR,AGE,2023-09-01,,ACTIVE,44524491,38.29,MC-464314
P-00632,C-00491,Summit Health Plans,H9797-027,MA,PA,AGE,2023-10-01,,ACTIVE,1884412,16.86,SH-964745
P-00633,C-00492,Cardinal Mutual,N,MEDSUPP,OR,AGE,2025-07-01,,ACTIVE,74197857,279.07,CM-468191
P-00634,C-00492,Cardinal Mutual,S1188-008,PDP,OR,AGE,2025-07-01,,ACTIVE,74197857,79.32,CM-263264
P-00635,C-00493,Cardinal Mutual,H8668-022,MA,ID,AGE,2023-05-01,,ACTIVE,77125617,33.01,CM-111081
P-00636,C-00494,Meridian Care,H8433-002,MA,MI,AGE,2025-02-01,2026-03-31,TERMINATED,13981052,39.93,MC-895921
P-00637,C-00494,Northwind Health,H5040-008-001,MA,MI,AGE,2026-04-01,,ACTIVE,13981052,59.33,NW-970978
P-00638,C-00495,Cardinal Mutual,H8668-026,MA,MO,AGE,2022-12-01,,ACTIVE,32244663,43.88,CM-785456
P-00639,C-00496,Harborline,91959MO2730427,ACA,MO,,2025-01-01,,ACTIVE,32244663,202.18,HL-404387
P-00640,C-00497,Bluepeak,23947NY6320306,ACA,NY,,2026-01-01,,ACTIVE,6831819,207.50,BP-416960
P-00641,C-00498,Northwind Health,76542NY1703520,ACA,NY,,2026-01-01,,ACTIVE,6831819,365.52,NW-245967
P-00642,C-00499,Harborline,L,MEDSUPP,DE,AGE,2025-07-01,,ACTIVE,54100814,221.50,HL-631747
P-00643,C-00499,Harborline,S2040-004,PDP,DE,AGE,2025-07-01,,ACTIVE,54100814,8.95,HL-269864
P-00644,C-00500,Summit Health Plans,93748DE4412519,ACA,DE,,2025-01-01,,ACTIVE,54100814,776.36,SH-170064
P-00645,C-00501,Cardinal Mutual,H8668-016-002,MA,NE,AGE,2023-04-01,,ACTIVE,33857966,17.54,CM-203858
P-00646,C-00502,Harborline,H3504-002,MA,NE,AGE,2025-05-01,,ACTIVE,33857966,35.37,HL-144993
P-00647,C-00503,Northwind Health,K,MEDSUPP,CA,AGE,2025-03-01,,ACTIVE,78490893,111.73,NW-688971
P-00648,C-00503,Northwind Health,S7543-012-001,PDP,CA,AGE,2025-03-01,,ACTIVE,78490893,50.44,NW-512370
P-00649,C-00504,Harborline,H3504-018,MA,CA,AGE,2024-07-01,,ACTIVE,78490893,42.35,HL-746307
P-00650,C-00505,Meridian Care,H3591-026,MA,MO,AGE,2025-07-01,,ACTIVE,29898923,56.38,MC-409345
P-00651,C-00506,Cardinal Mutual,H8668-018,MA,MO,AGE,2023-04-01,,ACTIVE,29898923,27.96,CM-253448
P-00652,C-00507,Cardinal Mutual,H7252-005,MA,IL,AGE,2026-11-01,,PENDING,39159004,14.83,CM-228887
P-00653,C-00508,Summit Health Plans,R2827-030,MA,TX,AGE,2023-03-01,,ACTIVE,99847493,45.27,SH-470725
P-00654,C-00509,Bluepeak,23947TX2883035,ACA,TX,,2025-01-01,2025-12-31,TERMINATED,99847493,652.36,BP-313008
P-00655,C-00509,Meridian Care,76540TX0292604,ACA,TX,,2026-01-01,,ACTIVE,99847493,360.23,MC-195606
P-00656,C-00510,Meridian Care,N,MEDSUPP,TX,AGE,2023-04-01,,ACTIVE,99847493,232.60,MC-707794
P-00657,C-00510,Meridian Care,S3927-015,PDP,TX,AGE,2023-04-01,,ACTIVE,99847493,39.96,MC-343459
P-00658,C-00511,Summit Health Plans,H9797-020,MA,OR,AGE,2024-05-01,,ACTIVE,74197857,57.25,SH-816469
P-00659,C-00512,Summit Health Plans,H9797-016,MA,IL,AGE,2024-01-01,,ACTIVE,74197857,35.74,SH-859356
P-00660,C-00513,Summit Health Plans,H5371-015-001,MA,CO,AGE,2022-06-01,,ACTIVE,7150444,12.20,SH-407393
P-00661,C-00514,Northwind Health,H5040-025-001,MA,LA,AGE,2023-04-01,,ACTIVE,7150444,37.89,NW-680322
P-00662,C-00515,Summit Health Plans,H5371-006,MA,FL,AGE,2023-12-01,,ACTIVE,54100814,58.18,SH-215213
P-00663,C-00516,Bluepeak,H4593-026,MA,IL,AGE,2024-03-01,,ACTIVE,97102525,2.98,BP-316943
P-00664,C-00517,Cardinal Mutual,49117IL5025077,ACA,IL,,2025-01-01,,ACTIVE,97102525,639.71,CM-125035
P-00665,C-00518,Cardinal Mutual,49117ID4101891,ACA,ID,,2025-01-01,,ACTIVE,61855700,336.53,CM-117173
P-00666,C-00519,Harborline,H2796-030,MA,MO,AGE,2023-07-01,,ACTIVE,32244663,39.27,HL-171046
P-00667,C-00520,Bluepeak,23947MO8742456,ACA,MO,,2026-01-01,,ACTIVE,6831819,636.62,BP-125312
P-00668,C-00521,Cardinal Mutual,S2876-024,PDP,VA,AGE,2026-04-01,,ACTIVE,78490893,48.76,CM-250944
P-00669,C-00522,Northwind Health,H5040-008,MA,AK,AGE,2022-09-01,2024-06-30,TERMINATED,61291817,38.36,NW-273648
P-00670,C-00522,Summit Health Plans,H5371-020-002,MA,AK,AGE,2024-07-01,,ACTIVE,61291817,59.63,SH-490192
P-00671,C-00523,Cardinal Mutual,N,MEDSUPP,AK,AGE,2024-04-01,,ACTIVE,61291817,197.52,CM-633552
P-00672,C-00523,Cardinal Mutual,S2876-002,PDP,AK,AGE,2024-04-01,,ACTIVE,61291817,54.20,CM-940615
P-00673,C-00524,Harborline,H3504-005,MA,CO,AGE,2026-02-01,,ACTIVE,5265799,33.93,HL-596159
P-00674,C-00525,Northwind Health,H5040-005-003,MA,NE,AGE,2022-06-01,,ACTIVE,6831819,44.26,NW-549359
P-00675,C-00526,Bluepeak,H3266-004,MA,NC,DISABILITY,2022-01-01,,ACTIVE,74197857,21.89,BP-722193
P-00676,C-00527,Harborline,S7304-014,PDP,IL,AGE,2023-08-01,,ACTIVE,37231783,43.52,HL-932839
P-00677,C-00528,Meridian Care,H3591-030,MA,IL,AGE,2023-04-01,,ACTIVE,37231783,52.78,MC-800731
P-00678,C-00529,Harborline,R3621-001,MA,KS,AGE,2024-04-01,2026-01-31,TERMINATED,54100814,13.44,HL-362773
P-00679,C-00529,Summit Health Plans,H5371-005,MA,KS,AGE,2026-02-01,,ACTIVE,54100814,3.44,SH-247158
P-00680,C-00530,Bluepeak,H3266-017,MA,KS,AGE,2023-02-01,,ACTIVE,54100814,32.00,BP-654418
P-00681,C-00531,Summit Health Plans,N,MEDSUPP,OH,AGE,2025-03-01,,ACTIVE,37231783,193.27,SH-975353
P-00682,C-00531,Summit Health Plans,S8123-009,PDP,OH,AGE,2025-03-01,,ACTIVE,37231783,54.19,SH-783728
P-00683,C-00532,Meridian Care,H3591-018,MA,ME,ESRD,2026-02-01,,ACTIVE,94702683,54.17,MC-679190
P-00684,C-00533,Cardinal Mutual,H8668-004,MA,CO,AGE,2025-04-01,,ACTIVE,5265799,23.65,CM-424526
P-00685,C-00534,Northwind Health,S6930-026,PDP,ID,AGE,2023-11-01,,ACTIVE,77125617,36.01,NW-671793
P-00686,C-00535,Meridian Care,H3591-024,MA,DE,AGE,2025-04-01,,ACTIVE,54100814,18.57,MC-975048
P-00687,C-00536,Summit Health Plans,H5371-016,MA,VT,AGE,2024-10-01,,ACTIVE,10583482,45.34,SH-678399
P-00688,C-00537,Harborline,91959VT0653284,ACA,VT,,2025-01-01,,ACTIVE,10583482,289.68,HL-157580
P-00689,C-00538,Northwind Health,H9830-011-002,MA,CA,AGE,2026-04-01,,ACTIVE,43339391,10.13,NW-291489
P-00690,C-00539,Harborline,N,MEDSUPP,AK,AGE,2025-07-01,,ACTIVE,61291817,107.05,HL-243541
P-00691,C-00539,Harborline,S2040-004-003,PDP,AK,AGE,2025-07-01,,ACTIVE,61291817,83.14,HL-144590
P-00692,C-00540,Meridian Care,G,MEDSUPP,AK,AGE,2025-11-01,,ACTIVE,61291817,145.49,MC-873704
P-00693,C-00540,Meridian Care,S9201-014,PDP,AK,AGE,2025-11-01,,ACTIVE,61291817,5.86,MC-814511
P-00694,C-00541,Meridian Care,R1053-013,MA,MO,AGE,2023-05-01,,ACTIVE,29898923,48.39,MC-300450
P-00695,C-00542,Northwind Health,H9830-007,MA,MD,AGE,2023-02-01,2025-11-30,TERMINATED,77125617,36.62,NW-251397
P-00696,C-00542,Harborline,H3504-014,MA,MD,AGE,2025-12-01,,ACTIVE,78508051,31.02,HL-791557
P-00697,C-00543,Harborline,H3504-005,MA,ID,AGE,2024-10-01,,ACTIVE,43339391,23.21,HL-392896
P-00698,C-00544,Cardinal Mutual,H7252-004-003,MA,CO,AGE,2025-06-01,,ACTIVE,7150444,21.92,CM-856277
P-00699,C-00545,Summit Health Plans,H9797-005,MA,CO,AGE,2025-01-01,,ACTIVE,7150444,1.60,SH-443279
P-00700,C-00546,Bluepeak,H3266-016-002,MA,LA,AGE,2023-01-01,,ACTIVE,7150444,19.75,BP-658352
P-00701,C-00547,Meridian Care,H3591-012-001,MA,LA,AGE,2024-05-01,,ACTIVE,7150444,7.93,MC-138394
P-00702,C-00548,Cardinal Mutual,H7252-030-003,MA,KY,AGE,2024-06-01,,ACTIVE,4356886,47.15,CM-391158
P-00703,C-00549,Bluepeak,S1771008-001,PDP,LA,AGE,2026-11-01,,PENDING,7150444,27.03,BP-133020
P-00704,C-00550,Bluepeak,H4593-003-001,MA,LA,AGE,2024-11-01,,ACTIVE,7150444,12.59,BP-535214
P-00705,C-00551,Cardinal Mutual,H7252-030,MA,IL,AGE,2025-04-01,,ACTIVE,7150444,1.64,CM-305803
P-00706,C-00552,Bluepeak,H4593-008,MA,IL,AGE,2024-10-01,,ACTIVE,7150444,4.15,BP-633112
P-00707,C-00553,Northwind Health,H5040-024,MA,GA,AGE,2024-05-01,,ACTIVE,10583482,26.36,NW-583287
P-00708,C-00554,Northwind Health,L,MEDSUPP,GA,AGE,2024-07-01,,ACTIVE,10583482,266.62,NW-779002
P-00709,C-00554,Northwind Health,S7543-024,PDP,GA,AGE,2024-07-01,,ACTIVE,10583482,29.53,NW-470500
P-00710,C-00555,Bluepeak,23947CA9670135,ACA,CA,,2025-01-01,2025-12-31,TERMINATED,78490893,857.80,BP-599938
P-00711,C-00555,Cardinal Mutual,49117CA8239948,ACA,CA,,2026-01-01,,ACTIVE,78490893,834.48,CM-905292
P-00712,C-00556,Harborline,H3504-017-003,MA,CA,AGE,2024-01-01,,ACTIVE,78490893,12.28,HL-524865
P-00713,C-00557,Cardinal Mutual,R5119-020,MA,MO,AGE,2023-04-01,,ACTIVE,33857966,29.08,CM-924729
P-00714,C-00558,Meridian Care,H3591-013,MA,OH,AGE,2024-01-01,,ACTIVE,37231783,21.93,MC-353993
P-00715,C-00559,Harborline,H3504-010-001,MA,CA,AGE,2023-02-01,2024-04-30,TERMINATED,43339391,51.74,HL-508819
P-00716,C-00559,Bluepeak,H3266-025,MA,CA,AGE,2024-05-01,,ACTIVE,43339391,23.80,BP-144374
P-00717,C-00560,Northwind Health,N,MEDSUPP,CA,AGE,2024-09-01,2026-09-09,ACTIVE,78490893,125.70,NW-486265
P-00718,C-00560,Northwind Health,S7543-027-003,PDP,CA,AGE,2024-09-01,,ACTIVE,78490893,50.12,NW-447656
P-00719,C-00561,Harborline,B,MEDSUPP,CA,AGE,2024-10-01,,ACTIVE,78490893,193.24,HL-843312
P-00720,C-00561,Harborline,S2040-026-003,PDP,CA,AGE,2024-10-01,,ACTIVE,78490893,28.16,HL-945097
P-00721,C-00562,Northwind Health,H9830-025,MA,NC,AGE,2025-11-01,,ACTIVE,74197857,26.82,NW-508253
P-00722,C-00563,Bluepeak,23947NC3501464,ACA,NC,,2024-01-01,,ACTIVE,74197857,184.82,BP-950067
P-00723,C-00564,Summit Health Plans,H9797-010-001,MA,MO,AGE,2023-12-01,,ACTIVE,33857966,49.45,SH-174357
P-00723,C-00564,Summit Health Plans,H9797-010-001,MA,MO,AGE,2023-12-01,,ACTIVE,33857966,49.45,SH-174357
P-00724,C-00565,Meridian Care,S9201-003-001,PDP,MO,AGE,2022-11-01,,ACTIVE,33857966,44.34,MC-573213
P-00725,C-00566,Northwind Health,H5040-002,MA,NE,AGE,2024-10-01,2025-10-31,TERMINATED,6831819,15.80,NW-158077
P-00726,C-00566,Meridian Care,H8433-029,MA,NE,AGE,2025-11-01,,CANCELLED,6831819,49.76,MC-192672
P-00727,C-00567,Summit Health Plans,H5371-010,MA,CA,AGE,2026-01-01,,ACTIVE,78490893,3.30,SH-221455
P-00728,C-00568,Meridian Care,F,MEDSUPP,PA,AGE,2022-07-01,,ACTIVE,13981052,237.95,MC-824679
P-00729,C-00568,Meridian Care,S9201-017,PDP,PA,AGE,2022-07-01,,ACTIVE,13981052,65.33,MC-691881
P-00730,C-00569,Summit Health Plans,S8123-019-003,PDP,ID,AGE,2026-11-01,,PENDING,77125617,67.93,SH-767709
P-00731,C-00570,Cardinal Mutual,H7252-014,MA,ID,AGE,2023-03-01,,ACTIVE,77125617,50.97,CM-833665
P-00732,C-00571,Summit Health Plans,G,MEDSUPP,VT,AGE,2025-07-01,,ACTIVE,10583482,183.29,SH-968235
P-00733,C-00571,Summit Health Plans,S8123-029-002,PDP,VT,AGE,2025-07-01,,ACTIVE,10583482,24.30,SH-249376
P-00734,C-00572,Cardinal Mutual,49117VT9907149,ACA,VT,,2024-01-01,2026-09-07,ACTIVE,10583482,620.18,CM-670950
P-00735,C-00573,Bluepeak,23947LA0250535,ACA,LA,,2025-01-01,2025-12-31,TERMINATED,7150444,886.35,BP-605339
P-00736,C-00573,Summit Health Plans,93748LA1648408,ACA,LA,,2026-01-01,,ACTIVE,7150444,340.99,SH-903724
P-00737,C-00574,Harborline,91959LA3221911,ACA,LA,,2024-01-01,,ACTIVE,7150444,500.02,HL-518036
P-00738,C-00575,Bluepeak,S2489-027-003,PDP,IA,AGE,2026-04-01,,ACTIVE,1884412,59.86,BP-963565
P-00739,C-00576,Meridian Care,H8433-015-002,MA,TX,AGE,2023-12-01,2025-06-30,TERMINATED,99847493,49.05,MC-395175
P-00740,C-00576,Cardinal Mutual,H7252-024-002,MA,TX,AGE,2025-07-01,,ACTIVE,99847493,33.03,CM-900028
P-00741,C-00577,Meridian Care,76540TX8255969,ACA,TX,,2024-01-01,,ACTIVE,99847493,771.46,MC-503149
P-00742,C-00578,Bluepeak,23947IL3400178,ACA,IL,,2024-01-01,,ACTIVE,97102525,744.89,BP-343388
P-00743,C-00579,Cardinal Mutual,H8668-005,MA,OH,AGE,2023-05-01,,ACTIVE,1884412,38.31,CM-619829
P-00744,C-00580,Harborline,H2796-015,MA,NE,AGE,2024-04-01,,ACTIVE,33857966,16.78,HL-815179
P-00745,C-00581,Summit Health Plans,A,MEDSUPP,NE,AGE,2024-08-01,,ACTIVE,33857966,149.76,SH-207309
P-00746,C-00581,Summit Health Plans,S8123-017,PDP,NE,AGE,2024-08-01,,ACTIVE,33857966,73.79,SH-279956
P-00747,C-00582,Northwind Health,L,MEDSUPP,SC,AGE,2025-12-01,,ACTIVE,10583482,282.87,NW-671052
P-00748,C-00582,Northwind Health,S6930-013,PDP,SC,AGE,2025-12-01,,ACTIVE,10583482,24.49,NW-575606
P-00749,C-00583,Meridian Care,H8433-030-002,MA,ID,AGE,2025-08-01,,ACTIVE,77125617,8.59,MC-820106
P-00750,C-00584,Harborline,H2796-005,MA,CA,AGE,2024-11-01,,ACTIVE,78490893,3.09,HL-992204
P-00751,C-00585,Northwind Health,H5040-029-001,MA,TX,AGE,2026-04-01,,ACTIVE,99847493,44.56,NW-521164
P-00752,C-00586,Summit Health Plans,H9797-027,MA,VA,AGE,2024-04-01,,ACTIVE,78490893,10.60,SH-435666
P-00753,C-00587,Cardinal Mutual,R9669-006-003,MA,MO,AGE,2026-02-01,,ACTIVE,33857966,22.90,CM-668087
P-00754,C-00588,Cardinal Mutual,49117MO7729025,ACA,MO,,2026-01-01,,ACTIVE,33857966,666.51,CM-305633
P-00754,C-00588,Cardinal Mutual,49117MO7729025,ACA,MO,,2026-01-01,,ACTIVE,33857966,678.51,CM-305633
P-00755,C-00589,Summit Health Plans,H5371-006,MA,RI,AGE,2022-12-01,,ACTIVE,11576383,28.12,SH-507976
P-00756,C-00590,Harborline,H3504-025,MA,MO,AGE,2024-12-01,,ACTIVE,33857966,55.71,HL-401260
P-00756,C-00590,Harborline,H3504-025,MA,MO,AGE,2024-12-01,,ACTIVE,33857966,55.71,HL-401260
P-00757,C-00591,Harborline,R3621-027-001,MA,MO,AGE,2025-10-01,,ACTIVE,33857966,29.83,HL-320395
P-00758,C-00592,Harborline,H2796-010,MA,KS,AGE,2025-10-01,,ACTIVE,13981052,7.13,HL-136901
P-00759,C-00593,Bluepeak,H3266-014,MA,KS,AGE,2024-02-01,,ACTIVE,13981052,4.78,BP-440215
P-00760,C-00594,Bluepeak,H4593-003,MA,TX,AGE,2024-09-01,,ACTIVE,90949389,56.78,BP-548903
P-00761,C-00595,Harborline,F,MEDSUPP,TX,DISABILITY,2023-02-01,,ACTIVE,90949389,247.45,HL-135430
P-00762,C-00595,Harborline,S7304-018,PDP,CA,DISABILITY,2023-02-01,,ACTIVE,90949389,34.84,HL-815123
P-00763,C-00596,Summit Health Plans,H5371-007,MA,TX,AGE,2022-09-01,2025-07-31,TERMINATED,90949389,5.70,SH-651370
P-00764,C-00596,Bluepeak,H4593-024,MA,TX,AGE,2025-08-01,,ACTIVE,90949389,10.95,BP-299673
P-00765,C-00597,Summit Health Plans,H9797-026,MA,IA,AGE,2025-04-01,,ACTIVE,1884412,14.80,SH-467093
P-00766,C-00598,Northwind Health,H9830-004,MA,IA,AGE,2024-02-01,,ACTIVE,1884412,52.87,NW-591543
P-00767,C-00599,Meridian Care,K,MEDSUPP,OR,AGE,2022-07-01,,ACTIVE,74197857,197.13,MC-789173
P-00768,C-00599,Meridian Care,S9201-021,PDP,OR,AGE,2022-07-01,,ACTIVE,74197857,54.67,MC-347749
P-00769,C-00600,Summit Health Plans,93748OR9062440,ACA,OR,,2024-01-01,,ACTIVE,74197857,416.32,SH-435757
P-00770,C-00601,Cardinal Mutual,B,MEDSUPP,MI,AGE,2022-12-01,,ACTIVE,13981052,280.79,CM-560110
P-00771,C-00601,Cardinal Mutual,S1188-015-003,PDP,MI,AGE,2022-12-01,,ACTIVE,13981052,16.44,CM-269963
P-00772,C-00602,Harborline,K,MEDSUPP,MO,AGE,2026-03-01,,ACTIVE,6831819,107.78,HL-674598
P-00773,C-00602,Harborline,S2040-009-001,PDP,MO,AGE,2026-03-01,,ACTIVE,6831819,85.10,HL-736045
P-00774,C-00603,Harborline,H2796-027,MA,MO,AGE,2022-02-01,2024-06-30,TERMINATED,6831819,46.91,HL-996727
P-00775,C-00603,Meridian Care,H8433-027-001,MA,MO,AGE,2024-07-01,,ACTIVE,6831819,13.35,MC-320254
P-00776,C-00604,Harborline,91959NC8579549,ACA,NC,,2025-01-01,2025-12-31,TERMINATED,74197857,402.77,HL-159442
P-00777,C-00604,Meridian Care,76540NC3293914,ACA,NC,,2026-01-01,,ACTIVE,74197857,156.43,MC-704555
P-00778,C-00605,Meridian Care,H3591-002,MA,NC,AGE,2025-08-01,,ACTIVE,74197857,9.43,MC-735266
P-00779,C-00606,Cardinal Mutual,H7252-022,MA,CO,AGE,2023-01-01,,ACTIVE,5265799,14.65,CM-577462
P-00780,C-00607,Summit Health Plans,H5371-012,MA,SD,AGE,2026-05-01,,ACTIVE,90949389,59.11,SH-498978
P-00781,C-00608,Summit Health Plans,H5371-010,MA,SD,AGE,2025-12-01,,ACTIVE,90949389,10.67,SH-322311
P-00782,C-00609,Northwind Health,S7543-005,PDP,CO,AGE,2025-02-01,,ACTIVE,29898923,51.10,NW-656843
P-00783,C-00610,Meridian Care,H8433-020,MA,CO,AGE,2026-02-01,,ACTIVE,29898923,5.31,MC-488904
P-00784,C-00611,Northwind Health,76542NE0740271,ACA,NE,,2024-01-01,2026-09-13,ACTIVE,33857966,877.37,NW-162283
P-00785,C-00612,Northwind Health,H5040-011,MA,SD,AGE,2024-07-01,,ACTIVE,90949389,57.69,NW-163755
P-00786,C-00613,Harborline,N,MEDSUPP,SD,AGE,2024-08-01,,ACTIVE,90949389,221.27,HL-283480
P-00787,C-00613,Harborline,S2040-001-001,PDP,SD,AGE,2024-08-01,,ACTIVE,90949389,76.28,HL-290553
P-00788,C-00614,Bluepeak,23947SC3361577,ACA,SC,,2025-01-01,,ACTIVE,10583482,677.66,BP-264190
P-00789,C-00615,Northwind Health,H5040-025,MA,SC,AGE,2024-04-01,,ACTIVE,10583482,5.55,NW-933726
P-00790,C-00616,Meridian Care,H3591-002,MA,WA,AGE,2023-04-01,2025-12-31,TERMINATED,99847493,20.93,MC-740216
P-00791,C-00616,Summit Health Plans,H5371-021-003,MA,WA,AGE,2026-01-01,,ACTIVE,99847493,48.98,SH-961627
P-00792,C-00617,Summit Health Plans,S5808-025-001,PDP,VA,AGE,2024-07-01,,ACTIVE,78490893,57.80,SH-558116
P-00793,C-00618,Bluepeak,H3266-004,MA,KY,AGE,2024-10-01,2025-09-30,TERMINATED,61291817,44.70,BP-938007
P-00794,C-00618,Northwind Health,H9830-029,MA,KY,AGE,2025-10-01,,ACTIVE,61291817,12.00,NW-217395
P-00795,C-00619,Northwind Health,H9830-017,MA,KY,AGE,2022-11-01,,ACTIVE,61291817,42.03,NW-873267
P-00796,C-00620,Cardinal Mutual,G,MEDSUPP,NE,AGE,2026-05-01,,ACTIVE,33857966,302.32,CM-800431
P-00797,C-00620,Cardinal Mutual,S2876-022-001,PDP,NE,AGE,2026-05-01,,ACTIVE,33857966,49.30,CM-929909
P-00798,C-00621,Northwind Health,H9830-029,MA,NE,AGE,2024-04-01,,ACTIVE,33857966,45.20,NW-773528
P-00799,C-00622,Bluepeak,H3266-001,MA,UT,AGE,2024-11-01,,ACTIVE,97102525,21.76,BP-575067
P-00800,C-00623,Summit Health Plans,93748KS4079515,ACA,KS,,2025-01-01,,ACTIVE,13981052,682.97,SH-388586
P-00801,C-00624,Northwind Health,R5304010,MA,NY,AGE,2022-05-01,2025-07-31,TERMINATED,10583482,6.05,NW-324869
P-00802,C-00624,Bluepeak,R9348-012,MA,NY,AGE,2025-08-01,,ACTIVE,10583482,54.16,BP-892189
P-00803,C-00625,Harborline,H3504-004,MA,AR,AGE,2022-11-01,2024-09-30,TERMINATED,44524491,50.48,HL-202090
P-00804,C-00625,Summit Health Plans,H9797-023,MA,AR,AGE,2024-10-01,,ACTIVE,44524491,23.68,SH-386890
P-00805,C-00626,Meridian Care,76540AR8124192,ACA,AR,,2025-01-01,2025-12-31,TERMINATED,44524491,235.63,MC-909919
P-00806,C-00626,Summit Health Plans,93748AR2126969,ACA,AR,,2026-01-01,,ACTIVE,44524491,489.07,SH-723427
P-00807,C-00627,Harborline,H2796-023,MA,MO,AGE,2025-05-01,2026-04-30,TERMINATED,33857966,47.65,HL-515055
P-00808,C-00627,Meridian Care,H8433-019,MA,MO,AGE,2026-05-01,,ACTIVE,33857966,25.58,MC-822142
P-00809,C-00628,Northwind Health,G,MEDSUPP,MO,AGE,2023-11-01,,ACTIVE,33857966,245.47,NW-182424
P-00810,C-00628,Northwind Health,S7543008,PDP,MO,AGE,2023-11-01,,ACTIVE,33857966,69.69,NW-317203
P-00811,C-00629,Summit Health Plans,93748MO0936359,ACA,MO,,2025-01-01,2025-12-31,TERMINATED,6831819,646.74,SH-609092
P-00812,C-00629,Northwind Health,76542MO0824629,ACA,MO,,2026-01-01,,CANCELLED,6831819,182.47,NW-722977
P-00813,C-00630,Cardinal Mutual,H8668-014-002,MA,MO,AGE,2023-09-01,,ACTIVE,6831819,29.83,CM-613832
P-00814,C-00631,Summit Health Plans,93748DC0484716,ACA,DC,,2025-01-01,2025-12-31,TERMINATED,6831819,707.25,SH-237212
P-00815,C-00631,Bluepeak,23947DC6199679,ACA,DC,,2026-01-01,,ACTIVE,6831819,488.28,BP-937738
P-00816,C-00632,Harborline,91959CA5822087,ACA,CA,,2025-01-01,2025-12-31,TERMINATED,78O90893,450.02,HL-156307
P-00817,C-00632,Northwind Health,76542CA7138632,ACA,CA,,2026-01-01,,ACTIVE,78490893,360.06,NW-997135
P-00818,C-99760,Harborline,S2040-003,PDP,CA,AGE,2022-12-01,,ACTIVE,78490893,66.03,HL-993163
P-00819,C-00634,Cardinal Mutual,H8668-015,MA,MO,AGE,2025-05-01,2026-04-30,TERMINATED,29898923,11.05,CM-853169
P-00820,C-00634,Summit Health Plans,H5371-003,MA,MO,AGE,2026-05-01,,ACTIVE,29898923,12.06,SH-865929
P-00821,C-00635,Bluepeak,H4593-017,MA,IL,AGE,2023-08-01,,ACTIVE,97102525,26.56,BP-365518
P-00822,C-00636,Bluepeak,H3266-010-003,MA,IL,AGE,2022-08-01,,ACTIVE,97102525,44.01,BP-744640
P-00823,C-00637,Harborline,G,MEDSUPP,KY,AGE,2024-07-01,,ACTIVE,43339391,304.64,HL-669273
P-00824,C-00637,Harborline,S7304-008-001,PDP,KY,AGE,2024-07-01,,ACTIVE,43339391,11.83,HL-367313
P-00825,C-00638,Summit Health Plans,H9797-027,MA,MD,AGE,2024-07-01,,ACTIVE,77125617,34.81,SH-462115
P-00826,C-00639,Summit Health Plans,H5371-028-002,MA,CT,AGE,2023-05-01,2025-12-31,See notes,29898923,44.14,SH-871061
P-00827,C-00639,Cardinal Mutual,R5119-019,MA,CT,AGE,2026-01-01,,ACTIVE,29898923,43.22,CM-639484
P-00828,C-00640,Harborline,91959ID6322362,ACA,ID,,2024-01-01,,ACTIVE,77125617,454.80,HL-138198
P-00829,C-00641,Bluepeak,R9348-023-001,MA,NE,AGE,2026-05-01,,ACTIVE,54100814,47.35,BP-684104
P-00830,C-00642,Northwind Health,H9830-007,MA,MT,AGE,2026-04-01,,ACTIVE,97102525,30.52,NW-502355
P-00831,C-00643,Northwind Health,H5040-015,MA,KS,AGE,2022-07-01,2023-08-31,TERMINATED,13981052,33.11,NW-291238
P-00832,C-00643,Bluepeak,H3266-011,MA,KS,AGE,2023-09-01,,ACTIVE,13981052,48.19,BP-497608
P-00833,C-00644,Harborline,H3504-025,MA,OR,AGE,2024-05-01,2025-12-31,TERMINATED,74197857,50.67,HL-592236
P-00834,C-00644,Northwind Health,H9830-025,MA,OR,AGE,2026-01-01,,ACTIVE,74197857,46.01,NW-897136
P-00835,C-00645,Meridian Care,76540OR9520534,ACA,OR,,2026-01-01,,ACTIVE,74197857,890.03,MC-752036
P-00836,C-00646,Summit Health Plans,H9797-023,MA,UT,AGE,2022-05-01,,ACTIVE,97102525,48.71,SH-348247
P-00837,C-00647,Cardinal Mutual,H8668-004,MA,DE,AGE,2026-03-01,,ACTIVE,4356886,37.72,CM-610297
P-00838,C-00648,Cardinal Mutual,N,MEDSUPP,DE,AGE,2023-07-01,,ACTIVE,4356886,148.00,CM-270623
P-00839,C-00648,Cardinal Mutual,S2876-017-002,PDP,DE,AGE,2023-07-01,,ACTIVE,4356886,17.19,CM-571103
P-00840,C-00649,Northwind Health,76542NJ5351268,ACA,NJ,,2025-01-01,2025-12-31,TERMINATED,77125617,720.31,NW-917367
P-00841,C-00649,Meridian Care,76540NJ2120959,ACA,NJ,,2026-01-01,,ACTIVE,77125617,153.78,MC-985964
P-00842,C-00650,Summit Health Plans,R2827-001,MA,IA,AGE,2025-02-01,,ACTIVE,1884412,4.78,SH-193280
P-00843,C-00651,Bluepeak,23947IA1511450,ACA,IA,,2025-01-01,,ACTIVE,1884412,328.58,BP-540071
P-00844,C-00652,Meridian Care,S3927-008,PDP,VA,AGE,2022-06-01,,ACTIVE,78490893,77.18,MC-155826
P-00845,C-00653,Meridian Care,76540IA1453304,ACA,IA,,2026-01-01,,ACTIVE,1884412,810.83,MC-701885
P-00846,C-00654,Summit Health Plans,93748IA8756078,ACA,IA,,2024-01-01,,ACTIVE,1884412,763.84,SH-533276
P-00847,C-00655,Summit Health Plans,H9797-002-003,MA,IA,AGE,2026-04-01,,ACTIVE,1884412,21.12,SH-448431
P-00848,C-00656,Summit Health Plans,S8123-015,PDP,OH,AGE,2024-08-01,,ACTIVE,1884412,36.74,SH-716862
P-00849,C-00657,Meridian Care,H8433-020,MA,ME,AGE,2023-06-01,,ACTIVE,94702683,27.48,MC-469559
P-00850,C-00658,Northwind Health,76542SC0713118,ACA,SC,,2025-01-01,,ACTIVE,11576383,796.68,NW-759495
P-00851,C-00659,Meridian Care,R1053-011,MA,DE,AGE,2024-04-01,,ACTIVE,54100814,21.95,MC-832569
P-00852,C-00660,Bluepeak,23947CA7007520,ACA,CA,,2024-01-01,,ACTIVE,43339391,216.55,BP-182774
P-00853,C-00661,Cardinal Mutual,H8668-020,MA,CA,AGE,2026-01-01,,ACTIVE,43339391,45.11,CM-151922
P-00854,C-00662,Northwind Health,H9830-003,MA,NJ,AGE,2024-04-01,,ACTIVE,77125617,5.89,NW-669126
P-00855,C-00663,Cardinal Mutual,G,MEDSUPP,NJ,AGE,2024-06-01,,ACTIVE,77125617,100.89,CM-162206
P-00856,C-00663,Cardinal Mutual,S2876-019,PDP,NJ,AGE,2024-06-01,,CANCELLED,77125617,7.13,CM-775414
P-00857,C-00664,Meridian Care,H3591-001,MA,VA,AGE,2025-02-01,,ACTIVE,78490893,32.16,MC-614616
P-00858,C-00665,Meridian Care,H3591-008,MA,CA,AGE,2025-09-01,,ACTIVE,78490893,18.13,MC-422662
P-00859,C-00666,Northwind Health,H5040-003,MA,CA,AGE,2023-04-01,,ACTIVE,78490893,31.45,NW-511652
P-00860,C-00667,Cardinal Mutual,H8668-022-001,MA,FL,AGE,2022-11-01,,ACTIVE,9934332,14.67,CM-936071
P-00861,C-00668,Bluepeak,H4593-006,MA,FL,AGE,2022-06-01,2025-03-31,TERMINATED,94702683,15.48,BP-552407
P-00862,C-00668,Harborline,H2796-003,MA,FL,AGE,2025-04-01,,ACTIVE,94702683,28.88,HL-649907
P-00863,C-00669,Northwind Health,76542UT8441169,ACA,UT,,2025-01-01,2025-12-31,TERMINATED,90949389,722.16,NW-321706
P-00864,C-00669,Meridian Care,76540UT6231534,ACA,UT,,2026-01-01,,ACTIVE,90949389,585.57,MC-676966
P-00865,C-00670,Bluepeak,23947UT1580352,ACA,UT,,2025-01-01,,ACTIVE,90949389,650.32,BP-683021
P-00866,C-00671,Bluepeak,23947TX8531555,ACA,TX,,2026-01-01,,ACTIVE,99847493,778.61,BP-280751
P-00867,C-00672,Northwind Health,N,MEDSUPP,CT,AGE,2023-05-01,,ACTIVE,29898923,181.33,NW-610944
P-00868,C-00672,Northwind Health,S7543-024,PDP,CT,AGE,2023-05-01,,ACTIVE,29898923,26.57,NW-885704
P-00869,C-00673,Bluepeak,H4593-002-003,MA,DE,AGE,2024-08-01,2025-12-31,TERMINATED,54100814,10.70,BP-627788
P-00870,C-00673,Northwind Health,H5040-014,MA,DE,AGE,2026-01-01,,ACTIVE,54100814,20.76,NW-515102
P-00871,C-00674,Harborline,H2796-028,MA,DE,AGE,2024-07-01,,ACTIVE,4356886,13.03,HL-710313
P-00872,C-00675,Bluepeak,23947AK1988359,ACA,AK,,2024-01-01,,ACTIVE,61291817,700.23,BP-610497
P-00873,C-00676,Cardinal Mutual,F,MEDSUPP,AK,AGE,2026-04-01,,ACTIVE,61291817,208.51,CM-163380
P-00874,C-00676,Cardinal Mutual,S2876-025,PDP,AK,AGE,2026-04-01,,CANCELLED,61291817,46.73,CM-415100
P-00875,C-00677,Harborline,H2796-030-002,MA,MO,AGE,2022-06-01,,ACTIVE,32244663,28.14,HL-786341
P-00876,C-00678,Meridian Care,76540NJ1645611,ACA,NJ,,2026-01-01,,ACTIVE,77125617,684.20,MC-254684
P-00877,C-00679,Northwind Health,H5040-008,MA,NJ,AGE,2025-07-01,,ACTIVE,77125617,21.35,NW-312134
P-00878,C-00680,Summit Health Plans,93748NJ8380357,ACA,NJ,,2026-01-01,,ACTIVE,77125617,681.71,SH-129349
P-00879,C-00681,Harborline,K,MEDSUPP,KS,AGE,2024-07-01,,ACTIVE,54100814,216.70,HL-863503
P-00880,C-00681,Harborline,S7304-026,PDP,KS,AGE,2024-07-01,,ACTIVE,54100814,15.41,HL-551839
P-00881,C-00682,Harborline,91959CO8523590,ACA,CO,,2026-01-01,,ACTIVE,29898923,264.73,HL-954344
P-00882,C-00683,Harborline,H3504-021,MA,UT,AGE,2024-01-01,2025-03-31,TERMINATED,97102525,44.60,HL-711866
P-00883,C-00683,Bluepeak,H4593-014,MA,UT,AGE,2025-04-01,,ACTIVE,97102525,9.53,BP-415618
P-00884,C-00684,Summit Health Plans,H9797-012,MA,KS,AGE,2022-06-01,,ACTIVE,13981052,53.89,SH-392930
P-00885,C-00685,Bluepeak,H3266-015,MA,KS,AGE,2025-12-01,,ACTIVE,13981052,10.81,BP-705347
P-00886,C-00686,Cardinal Mutual,H7252-010,MA,SC,DISABILITY,2022-02-01,,ACTIVE,78490893,15.26,CM-435322
P-00887,C-00687,Bluepeak,H3266-023,MA,VA,AGE,2022-10-01,,ACTIVE,78490893,12.62,BP-643264
P-00888,C-00688,Summit Health Plans,R2827-028-002,MA,IL,AGE,2024-10-01,,ACTIVE,97102525,38.80,SH-824765
P-00889,C-00689,Cardinal Mutual,H7252-027,MA,IL,AGE,2025-03-01,,ACTIVE,97102525,16.37,CM-499646
P-00890,C-00690,Harborline,H2796-005,MA,CO,AGE,2024-07-01,2025-09-30,TERMINATED,5265799,17.18,HL-327216
P-00891,C-00690,Bluepeak,H4593-021,MA,CO,AGE,2025-10-01,,ACTIVE,5265799,8.69,BP-891026
P-00892,C-00691,Meridian Care,G,MEDSUPP,MI,AGE,2023-12-01,,ACTIVE,13981052,217.66,MC-354010
P-00893,C-00691,Meridian Care,S3927-028,PDP,MI,AGE,2023-12-01,,ACTIVE,13981052,45.08,MC-169907
P-00894,C-00692,Summit Health Plans,S8123-008,PDP,GA,AGE,2025-03-01,,ACTIVE,10583482,82.58,SH-788758
P-00895,C-00693,Summit Health Plans,H5371-019,MA,CA,AGE,2022-02-01,,CANCELLED,78490893,17.32,SH-719639
P-00896,C-00694,Northwind Health,76542CA8005422,ACA,CA,,2025-01-01,2025-12-31,TERMINATED,78490893,150.69,NW-950608
P-00897,C-00694,Harborline,91959CA0304676,ACA,CA,,2026-01-01,,ACTIVE,78490893,482.42,HL-276923
P-00898,C-00695,Summit Health Plans,H5371-016-001,MA,IL,AGE,2022-03-01,2026-02-28,??,97102525,39.63,SH-342561
P-00899,C-00695,Northwind Health,R5304-005,MA,IL,AGE,2026-03-01,,ACTIVE,97102525,35.86,NW-783707
P-00900,C-00696,Summit Health Plans,H5371-011,MA,IL,AGE,2026-11-01,,PENDING,97102525,25.29,SH-297526
P-00901,C-00697,Northwind Health,H9830-013-003,MA,UT,AGE,2025-10-01,,ACTIVE,90949389,25.08,NW-424205
P-00902,C-00698,Northwind Health,H5040-016-002,MA,UT,AGE,2022-03-01,,ACTIVE,90949389,16.31,NW-139463
P-00903,C-00699,Harborline,H3504-014-001,MA,NE,AGE,2025-08-01,,ACTIVE,54100814,55.24,HL-316394
P-00904,C-00700,Harborline,H3504-020,MA,KS,AGE,2025-10-01,,ACTIVE,13O81052,9.93,HL-514734
P-00905,C-00701,Meridian Care,H3591-019-001,MA,KS,AGE,2024-10-01,,ACTIVE,13981052,26.88,MC-624816
P-00906,C-00702,Harborline,H3504-007,MA,PA,AGE,2024-07-01,,ACTIVE,18O4412,23.51,HL-760914
P-00907,C-00703,Summit Health Plans,H9797-029,MA,PA,AGE,2022-10-01,2024-11-30,TERMINATED,1884412,29.14,SH-211816
P-00908,C-00703,Bluepeak,H3266-028-002,MA,PA,AGE,2024-12-01,,ACTIVE,1884412,32.23,BP-473543
P-00909,C-00704,Harborline,H,MEDSUPP,PA,AGE,2025-10-01,,ACTIVE,1884412,187.76,HL-298340
P-00910,C-00704,Harborline,S7304-013-002,PDP,PA,AGE,2025-10-01,,ACTIVE,1884412,41.25,HL-188753
P-00911,C-00705,Meridian Care,H8433-023-001,MA,ME,AGE,2023-02-01,,ACTIVE,39032271,47.46,MC-535877
P-00912,C-00706,Harborline,H2796-002,MA,ME,AGE,2024-05-01,,ACTIVE,94702683,24.74,HL-317935
P-00913,C-00707,Harborline,91959TX2675681,ACA,TX,,2025-01-01,,ACTIVE,99847493,410.79,HL-310807
P-00914,C-00708,Cardinal Mutual,49117TX9623694,ACA,TX,,2025-01-01,,ACTIVE,99847493,291.30,CM-325995
P-00915,C-00709,Harborline,H2796-006,MA,IL,AGE,2023-11-01,,ACTIVE,4356886,22.77,HL-772928
P-00916,C-00710,Meridian Care,76540AK2211404,ACA,AK,,2025-01-01,,ACTIVE,61291817,211.16,MC-233227
P-00917,C-00711,Cardinal Mutual,S1188-030-003,PDP,MI,DISABILITY,2023-09-01,,ACTIVE,13981052,48.20,CM-152477
P-00918,C-00712,Summit Health Plans,F,MEDSUPP,MI,AGE,2022-03-01,,ACTIVE,13981052,216.24,SH-513351
P-00919,C-00712,Summit Health Plans,S8123-023,PDP,MI,AGE,2022-03-01,,ACTIVE,13981052,46.73,SH-631767
P-00920,C-00713,Meridian Care,H3591-028,MA,KY,AGE,2022-04-01,,ACTIVE,94702683,39.70,MC-405500
P-00921,C-00714,Cardinal Mutual,H7252-008,MA,KY,AGE,2022-10-01,,ACTIVE,94702683,45.67,CM-576476
P-00922,C-00715,Cardinal Mutual,H8668-017,MA,IL,AGE,2023-08-01,,ACTIVE,97102525,49.08,CM-708290
P-00923,C-00716,Summit Health Plans,H5371-006,MA,IN,AGE,2022-11-01,,ACTIVE,4356886,37.05,SH-622199
P-00924,C-00717,Cardinal Mutual,H8668-011-003,MA,MO,DISABILITY,2022-05-01,,ACTIVE,6831819,54.46,CM-835189
P-00925,C-00718,Northwind Health,H5040-021-001,MA,CA,AGE,2023-10-01,,ACTIVE,78490893,44.09,NW-897214
P-00926,C-00719,Cardinal Mutual,A,MEDSUPP,WA,AGE,2023-09-01,2026-09-05,ACTIVE,99847493,226.69,CM-661811
P-00927,C-00719,Cardinal Mutual,S2876-010,PDP,WA,AGE,2023-09-01,,ACTIVE,99847493,6.38,CM-209032
P-00928,C-00720,Meridian Care,H8433-017,MA,WA,AGE,2024-05-01,,ACTIVE,99847493,26.81,MC-913630
P-00929,C-00721,Harborline,H3504-018-001,MA,IL,AGE,2022-12-01,2023-11-30,chk w/ carrier,44524491,17.77,HL-934496
P-00930,C-00721,Northwind Health,H5040-003,MA,IL,AGE,2023-12-01,,ACTIVE,44524491,38.58,NW-744871
P-00931,C-00722,Northwind Health,H5040-018-001,MA,PA,AGE,2025-10-01,,ACTIVE,1884412,27.57,NW-302785
P-00932,C-00723,Summit Health Plans,H5371-006-002,MA,PA,AGE,2026-05-01,,ACTIVE,1884412,37.46,SH-893023
P-00933,C-00724,Bluepeak,K,MEDSUPP,FL,AGE,2022-07-01,,ACTIVE,94702683,270.92,BP-419504
P-00934,C-00724,Bluepeak,S2489-001,PDP,FL,AGE,2022-07-01,,ACTIVE,94702683,17.18,BP-299095
P-00935,C-00725,Cardinal Mutual,H8668-025,MA,KY,AGE,2024-08-01,,ACTIVE,43339391,51.53,CM-858489
P-00936,C-00726,Harborline,91959KY4150050,ACA,KY,,2026-01-01,,ACTIVE,43339391,248.38,HL-751343
P-00937,C-00727,Harborline,H2796-020,MA,MO,AGE,2024-01-01,,ACTIVE,32244663,28.99,HL-702665
P-00938,C-00728,Summit Health Plans,G,MEDSUPP,MO,AGE,2025-02-01,,ACTIVE,32244663,235.83,SH-381141
P-00939,C-00728,Summit Health Plans,S5808-025,PDP,MO,AGE,2025-02-01,,ACTIVE,32244663,72.50,SH-543601
P-00940,C-00729,Bluepeak,S1771-004,PDP,KS,AGE,2024-09-01,,ACTIVE,13981052,72.33,BP-584487
P-00941,C-00730,Bluepeak,H4593-006,MA,MI,AGE,2023-09-01,,ACTIVE,13981052,32.64,BP-246319
P-00942,C-00731,Summit Health Plans,93748MI3005495,ACA,MI,,2024-01-01,,ACTIVE,13981052,504.62,SH-660612
P-00943,C-00732,Northwind Health,76542LA5534468,ACA,LA,,2025-01-01,2025-12-31,TERMINATED,11576383,782.37,NW-419942
P-00943,C-00732,Northwind Health,76542LA5534468,ACA,LA,,2025-01-01,2025-12-31,TERMINATED,11576383,782.37,NW-419942
P-00944,C-00732,Meridian Care,76540LA9245340,ACA,LA,,2026-01-01,,ACTIVE,11576383,460.58,MC-748915
P-00945,C-00733,Summit Health Plans,H9797-030,MA,NE,AGE,2026-02-01,,ACTIVE,54100814,29.28,SH-506221
P-00946,C-00734,Bluepeak,H4593-002,MA,ID,AGE,2025-05-01,,ACTIVE,5265799,18.91,BP-384566
P-00947,C-00735,Harborline,R7916-005,MA,ID,AGE,2022-08-01,2025-03-31,TERMINATED,5265799,25.83,HL-546137
P-00948,C-00735,Bluepeak,H4593-004,MA,ID,AGE,2025-04-01,,ACTIVE,5265799,49.88,BP-108298
P-00949,C-00736,Cardinal Mutual,49117FL5093126,ACA,FL,,2025-01-01,2025-12-31,TERMINATED,94702683,859.34,CM-402591
P-00950,C-00736,Harborline,91959FL624725,ACA,FL,,2026-01-01,,ACTIVE,94702683,442.07,HL-729965
P-00951,C-00737,Northwind Health,76542FL2301496,ACA,FL,,2025-01-01,,ACTIVE,94702683,526.79,NW-449193
P-00952,C-00738,Summit Health Plans,H5371-018,MA,AK,DISABILITY,2025-11-01,,ACTIVE,61291817,26.60,SH-279274
P-00953,C-00739,Harborline,H2796-012,MA,AK,AGE,2022-04-01,,ACTIVE,61291817,25.27,HL-728397
P-00954,C-00740,Harborline,R3621-016-002,MA,CT,AGE,2023-05-01,,ACTIVE,29898923,41.82,HL-660270
P-00955,C-00741,Bluepeak,L,MEDSUPP,RI,AGE,2023-11-01,,ACTIVE,94702683,268.03,BP-598302
P-00956,C-00741,Bluepeak,S1771-006-002,PDP,FL,AGE,2023-11-01,,ACTIVE,94702683,56.76,BP-817510
P-00957,C-00742,Harborline,91959FL3798801,ACA,FL,,2024-01-01,,CANCELLED,94702683,782.59,HL-951619
P-00958,C-00743,Northwind Health,76542TX8039487,ACA,TX,,2025-01-01,,ACTIVE,99847493,730.24,NW-878365
P-00959,C-00744,Summit Health Plans,R6573-023,MA,TX,AGE,2025-04-01,,ACTIVE,99847493,3.02,SH-217614
P-00960,C-00745,Summit Health Plans,93748SC6871926,ACA,SC,,2026-01-01,,ACTIVE,10583482,834.28,SH-404621
P-00961,C-00746,Northwind Health,R5304015-001,MA,NY,AGE,2025-12-01,,ACTIVE,97102525,47.82,NW-585239
P-00962,C-00747,Northwind Health,H5040-014,MA,NY,AGE,2026-04-01,,ACTIVE,97102525,40.66,NW-897493
P-00963,C-00748,Summit Health Plans,H9797-024,MA,TX,AGE,2023-10-01,,ACTIVE,90949389,50.56,SH-788590
P-00964,C-00749,Harborline,91959TX5295273,ACA,TX,,2025-01-01,2025-12-31,TERMINATED,90949389,343.73,HL-687489
P-00965,C-00749,Summit Health Plans,93748TX7096065,ACA,TX,,2026-01-01,,ACTIVE,90949389,422.27,SH-331746
P-00966,C-00750,Meridian Care,76540OR6619682,ACA,OR,,2025-01-01,2025-12-31,TERMINATED,74197857,176.18,MC-882372
P-00967,C-00750,Northwind Health,76542OR2044480,ACA,OR,,2026-01-01,,ACTIVE,74197857,466.05,NW-925506
P-00968,C-00751,Harborline,H3504-007,MA,NC,AGE,2023-07-01,,ACTIVE,74197857,58.54,HL-583433
P-00969,C-00752,Cardinal Mutual,49117CA1323150,ACA,CA,,2025-01-01,2025-12-31,TERMINATED,78490893,434.46,CM-823734
P-00970,C-00752,Harborline,91959CA8550625,ACA,CA,,2026-01-01,,ACTIVE,78490893,675.52,HL-695958
P-00971,C-00753,Summit Health Plans,S5808-012,PDP,CA,AGE,2023-04-01,,ACTIVE,78490893,61.80,SH-928221
P-00972,C-00754,Bluepeak,H3266-003-002,MA,ID,AGE,2023-07-01,,ACTIVE,5265799,57.73,BP-816133
P-00973,C-00755,Bluepeak,H,MEDSUPP,NC,AGE,2022-01-01,,ACTIVE,74197857,160.12,BP-108674
P-00974,C-00755,Bluepeak,S1771-007-002,PDP,NC,AGE,2022-01-01,,ACTIVE,74197857,74.17,BP-240845
P-00975,C-00756,Cardinal Mutual,H7252-019,MA,NC,AGE,2025-01-01,2025-12-31,TERMINATED,74197857,14.22,CM-281543
P-00976,C-00756,Meridian Care,H8433-020,MA,NC,AGE,2026-01-01,,ACTIVE,74197857,41.70,MC-576414
P-00977,C-00757,Harborline,H2796-017,MA,NE,AGE,2023-01-01,,ACTIVE,6831819,40.42,HL-315531
P-00978,C-00758,Northwind Health,H9830-005,MA,MN,AGE,2025-05-01,2026-04-30,TERMINATED,61855700,28.56,NW-377356
P-00979,C-00758,Harborline,H2796-021,MA,MN,AGE,2026-05-01,,ACTIVE,61855700,13.95,HL-343944
P-00980,C-00759,Meridian Care,G,MEDSUPP,IL,AGE,2026-02-01,,ACTIVE,37231783,109.49,MC-751568
P-00981,C-00759,Meridian Care,S3927-004,PDP,IL,AGE,2026-02-01,,ACTIVE,37231783,28.66,MC-251202
P-00982,C-00760,Bluepeak,23947IL6539332,ACA,IL,,2025-01-01,,ACTIVE,37231783,485.22,BP-702235
P-00983,C-00761,Meridian Care,76540GA3590071,ACA,GA,,2026-01-01,,ACTIVE,61291817,375.95,MC-539579
P-00984,C-00762,Meridian Care,H3591-002-001,MA,GA,AGE,2025-12-01,,ACTIVE,61291817,48.70,MC-451504
P-00985,C-00763,Northwind Health,H5040-007-002,MA,VA,AGE,2022-01-01,2026-09-10,ACTIVE,78490893,2.83,NW-786134
P-00986,C-00764,Northwind Health,76542MT6540556,ACA,MT,,2025-01-01,2025-12-31,TERMINATED,97102525,799.61,NW-249458
P-00987,C-00764,Harborline,91959MT2012432,ACA,MT,,2026-01-01,,ACTIVE,97102525,182.70,HL-943332
P-00988,C-00765,Harborline,G,MEDSUPP,NE,AGE,2022-12-01,,ACTIVE,6831819,120.42,HL-779420
P-00989,C-00765,Harborline,S2040-011,PDP,NE,AGE,2022-12-01,,ACTIVE,6831819,34.66,HL-325101
P-00990,C-00766,Summit Health Plans,H9797-022,MA,CO,DISABILITY,2025-06-01,,ACTIVE,29898923,10.97,SH-383480
P-00991,C-00767,Cardinal Mutual,H8668-009,MA,CO,AGE,2024-11-01,,ACTIVE,29898923,39.23,CM-683010
P-00992,C-00768,Cardinal Mutual,S1188-003-003,PDP,UT,AGE,2025-03-01,,ACTIVE,90949389,76.62,CM-415386
P-00993,C-00769,Summit Health Plans,H5371-011-003,MA,WA,AGE,2024-05-01,2025-04-30,TERMINATED,99847493,22.47,SH-552663
P-00994,C-00769,Bluepeak,H4593-006,MA,WA,AGE,2025-05-01,2026-09-23,ACTIVE,99847493,5.40,BP-274587
P-00995,C-00770,Northwind Health,S7543-004-003,PDP,NE,AGE,2025-04-01,,ACTIVE,54100814,46.30,NW-224896
P-00996,C-00771,Meridian Care,H3591-028,MA,DE,AGE,2024-11-01,,ACTIVE,4356886,44.86,MC-545914
P-00997,C-00772,Meridian Care,S3927-023,PDP,CT,AGE,2022-06-01,,ACTIVE,29898923,47.45,MC-445742
P-00998,C-00773,Harborline,91959OH4012665,ACA,OH,,2025-01-01,2025-12-31,TERMINATED,1884412,514.03,HL-532928
P-00999,C-00773,Summit Health Plans,93748OH0502835,ACA,OH,,2026-01-01,,ACTIVE,1884412,735.20,SH-437276
P-01000,C-00774,Northwind Health,76542NE0982476,ACA,NE,,2025-01-01,2025-12-31,TERMINATED,33857966,871.59,NW-244649
P-01001,C-00774,Cardinal Mutual,49117NE0268971,ACA,NE,,2026-01-01,,ACTIVE,33857966,332.55,CM-840651
P-01002,C-00775,Bluepeak,H4593-014,MA,NC,AGE,2024-06-01,,ACTIVE,74197857,25.52,BP-267530
P-01003,C-00776,Meridian Care,F,MEDSUPP,NC,AGE,2026-03-01,,ACTIVE,74197857,203.36,MC-691880
P-01004,C-00776,Meridian Care,S3927-004-003,PDP,NC,AGE,2026-03-01,,ACTIVE,74197857,10.19,MC-163787
P-01005,C-00777,Harborline,G,MEDSUPP,OH,AGE,2024-11-01,,ACTIVE,37231783,130.99,HL-130791
P-01006,C-00777,Harborline,S7304-018,PDP,OH,AGE,2024-11-01,,ACTIVE,37231783,66.31,HL-112088
P-01007,C-00778,Harborline,91959OH5235440,ACA,OH,,2026-01-01,,ACTIVE,37231783,650.47,HL-860643
P-01008,C-00779,Harborline,S7304-003,PDP,PA,AGE,2023-04-01,,ACTIVE,13981052,85.47,HL-529740
P-01009,C-00780,Summit Health Plans,S8123-028,PDP,MT,AGE,2022-05-01,,ACTIVE,97102525,77.41,SH-635441
P-01010,C-00781,Harborline,N,MEDSUPP,TX,AGE,2024-07-01,,ACTIVE,37231783,158.64,HL-422541
P-01011,C-00781,Harborline,S7304-029-003,PDP,TX,AGE,2024-07-01,,ACTIVE,37231783,66.99,HL-674288
P-01012,C-00782,Cardinal Mutual,49117TX4240908,ACA,TX,,2025-01-01,2025-12-31,TERMINATED,37231783,616.98,CM-271575
P-01013,C-00782,Harborline,91959TX4308018,ACA,TX,,2026-01-01,,ACTIVE,37231783,375.53,HL-118027
P-01014,C-00783,Meridian Care,R1053-024,MA,KY,AGE,2023-10-01,,ACTIVE,43339391,5.30,MC-653894
P-01015,C-00784,Meridian Care,H3591-023-001,MA,MO,AGE,2026-04-01,,ACTIVE,29898923,32.88,MC-153433
P-01016,C-00785,Northwind Health,H5040-001,MA,UT,AGE,2022-04-01,,ACTIVE,37231783,17.19,NW-412280
P-01017,C-00786,Meridian Care,H8433-027,MA,CO,AGE,2025-02-01,,ACTIVE,5265799,42.91,MC-444621
P-01018,C-00787,Cardinal Mutual,R9669-015,MA,CO,AGE,2024-03-01,,ACTIVE,5265799,9.17,CM-535685
P-01019,C-00788,Bluepeak,23947CO2177321,ACA,CO,,2025-01-01,,ACTIVE,5265799,415.81,BP-809724
P-01020,C-00789,Summit Health Plans,H5371-022-003,MA,NE,AGE,2023-11-01,2025-12-31,TERMINATED,33857966,24.01,SH-303585
P-01021,C-00789,Bluepeak,H4593-006,MA,NE,AGE,2026-01-01,,ACTIVE,33857966,9.95,BP-509681
P-01022,C-00790,Harborline,H2796-027-001,MA,NE,ESRD,2023-04-01,,ACTIVE,33857966,33.30,HL-412676
P-01023,C-00791,Harborline,H2796-010-001,MA,CA,AGE,2024-11-01,,ACTIVE,78490893,8.77,HL-874467
P-01024,C-00792,Cardinal Mutual,49117IL7990504,ACA,IL,,2025-01-01,2025-12-31,TERMINATED,37231783,628.05,CM-900745
P-01025,C-00792,Meridian Care,76540IL6511820,ACA,IL,,2026-01-01,,ACTIVE,37231783,531.15,MC-523918
P-01026,C-00793,Summit Health Plans,H9797-005,MA,ME,AGE,2023-04-01,,ACTIVE,94702683,44.72,SH-907852
P-01027,C-00794,Harborline,H3504-025,MA,MO,AGE,2023-07-01,,ACTIVE,32244663,22.95,HL-543391
P-01028,C-00795,Northwind Health,76542MO0458294,ACA,MO,,2025-01-01,2025-12-31,TERMINATED,32244663,753.83,NW-313463
P-01029,C-00795,Bluepeak,23947MO8389283,ACA,MO,,2026-01-01,,ACTIVE,32244663,757.97,BP-228453
P-01030,C-00796,Meridian Care,H8433-002,MA,VA,AGE,2023-09-01,,ACTIVE,78490893,13.27,MC-689952
P-01031,C-00797,Northwind Health,H5040-024,MA,NE,AGE,2022-10-01,2026-03-31,TERMINATED,6831819,44.93,NW-520360
P-01032,C-00797,Summit Health Plans,H5371-020,MA,NE,AGE,2026-04-01,,ACTIVE,6831819,10.27,SH-328472
P-01033,C-00798,Bluepeak,H4593-029-002,MA,WV,AGE,2026-02-01,,ACTIVE,7150444,26.81,BP-725141
P-01034,C-00799,Bluepeak,H4593-008,MA,WV,AGE,2025-09-01,,ACTIVE,7150444,43.16,BP-372285
P-01035,C-00800,Cardinal Mutual,H7252-025,MA,UT,AGE,2024-02-01,,ACTIVE,97102525,24.12,CM-265270
P-01036,C-00801,Summit Health Plans,G,MEDSUPP,SC,AGE,2025-01-01,,ACTIVE,10583482,121.34,SH-379069
P-01037,C-00801,Summit Health Plans,S8123-016-002,PDP,SC,AGE,2025-01-01,,ACTIVE,10583482,17.68,SH-163491
P-01038,C-00802,Bluepeak,H4593-009-002,MA,SC,AGE,2025-02-01,,ACTIVE,10583482,22.90,BP-495035
P-01039,C-00803,Meridian Care,R1053-005-003,MA,FL,AGE,2023-09-01,2024-11-30,TERMINATED,94702683,37.84,MC-834752
P-01040,C-00803,Bluepeak,H4593-029-001,MA,FL,AGE,2024-12-01,,ACTIVE,94702683,46.90,BP-223598
P-01041,C-00804,Cardinal Mutual,49117FL0998239,ACA,FL,,2025-01-01,2025-12-31,XFER,94702683,314.41,CM-970784
P-01042,C-00804,Summit Health Plans,93748FL7042761,ACA,FL,,2026-01-01,,ACTIVE,94702683,743.18,SH-514326
P-01043,C-00805,Bluepeak,H4593-019,MA,UT,AGE,2022-02-01,,ACTIVE,97102525,14.07,BP-723925
P-01044,C-00806,Bluepeak,H3266-012,MA,MT,AGE,2022-03-01,,ACTIVE,97102525,4.86,BP-219036
P-01045,C-00807,Summit Health Plans,H9797-012-003,MA,FL,AGE,2024-08-01,2025-09-30,TERMINATED,54100814,46.22,SH-882888
P-01046,C-00807,Meridian Care,H8433003-002,MA,FL,AGE,2025-10-01,,ACTIVE,54100814,13.24,MC-707951
P-01047,C-00808,Summit Health Plans,H9797-013-001,MA,FL,AGE,2023-08-01,,ACTIVE,54100814,14.93,SH-724214
P-01048,C-00809,Bluepeak,H3266-009,MA,AR,AGE,2023-09-01,,ACTIVE,44524491,31.38,BP-207883
P-01049,C-00810,Harborline,H3504-007-001,MA,ID,AGE,2025-08-01,,ACTIVE,77125617,58.96,HL-909388
P-01050,C-00811,Meridian Care,H3591-019,MA,CO,AGE,2025-05-01,,ACTIVE,5265799,14.77,MC-871703
P-01051,C-00812,Summit Health Plans,H5371-014-002,MA,CO,AGE,2023-11-01,,ACTIVE,5265799,22.52,SH-160114
P-01052,C-00813,Summit Health Plans,G,MEDSUPP,NE,AGE,2025-07-01,,ACTIVE,6831819,208.75,SH-419966
P-01053,C-00813,Summit Health Plans,S8123-024,PDP,NE,AGE,2025-07-01,,ACTIVE,6831819,66.15,SH-184046
P-01054,C-00814,Bluepeak,H4593-008-001,MA,CA,AGE,2026-11-01,,PENDING,78490893,22.40,BP-191424
P-01055,C-00815,Bluepeak,23947MO6877137,ACA,MO,,2024-01-01,,ACTIVE,33857966,672.32,BP-100258
P-01056,C-00816,Bluepeak,G,MEDSUPP,DC,AGE,2022-12-01,,ACTIVE,6831819,187.60,BP-976980
P-01057,C-00816,Bluepeak,S2489-019,PDP,DC,AGE,2022-12-01,,ACTIVE,68O1819,41.40,BP-500893
P-01058,C-00817,Harborline,H3504-001,MA,DC,AGE,2026-02-01,,ACTIVE,6831819,1.20,HL-700249
P-01059,C-00818,Meridian Care,G,MEDSUPP,KY,AGE,2023-01-01,,ACTIVE,94702683,217.49,MC-465917
P-01060,C-00818,Meridian Care,S9201-030-002,PDP,KY,AGE,2023-01-01,,ACTIVE,94702683,37.21,MC-582100
P-01061,C-00819,Northwind Health,H5040-003,MA,MO,AGE,2023-10-01,,ACTIVE,32244663,40.50,NW-749826
P-01062,C-00820,Harborline,91959MO4472951,ACA,MO,,2025-01-01,2025-12-31,TERMINATED,33857966,500.38,HL-181547
P-01063,C-00820,Summit Health Plans,93748MO2822234,ACA,MO,,2026-01-01,,ACTIVE,33857966,437.07,SH-381719
P-01064,C-00821,Meridian Care,L,MEDSUPP,LA,AGE,2023-06-01,,ACTIVE,7150444,146.67,MC-307471
P-01065,C-00821,Meridian Care,S3927-003,PDP,LA,AGE,2023-06-01,,ACTIVE,7150444,6.98,MC-103368
P-01066,C-00822,Bluepeak,23947LA1532938,ACA,LA,,2025-01-01,,ACTIVE,7150444,662.24,BP-861384
P-01067,C-00823,Meridian Care,76540KY7169593,ACA,KY,,2025-01-01,2025-12-31,TERMINATED,94702683,215.41,MC-419527
P-01068,C-00823,Cardinal Mutual,49117KY6888141,ACA,KY,,2026-01-01,,ACTIVE,94702683,273.02,CM-407861
P-01069,C-00824,Meridian Care,H3591-002,MA,MO,AGE,2023-12-01,2025-08-31,TERMINATED,32244663,12.21,MC-574807
P-01070,C-00824,Cardinal Mutual,H7252-001,MA,MO,AGE,2025-09-01,,ACTIVE,32244663,42.35,CM-423030
P-01071,C-00825,Summit Health Plans,H5371-016-001,MA,MO,AGE,2024-04-01,,ACTIVE,32244663,52.80,SH-561406
P-01072,C-00826,Harborline,R3621-013,MA,KY,AGE,2024-09-01,,ACTIVE,4356886,38.56,HL-887931
P-01073,C-00827,Meridian Care,76540NE5413216,ACA,NE,,2025-01-01,,ACTIVE,33857966,178.71,MC-984832
P-01074,C-00828,Meridian Care,H3591-025,MA,MO,AGE,2025-01-01,,ACTIVE,33857966,41.69,MC-980075
P-01075,C-00829,Bluepeak,E,MEDSUPP,NC,AGE,2022-02-01,,ACTIVE,74197857,265.49,BP-820333
P-01076,C-00829,Bluepeak,S2489-029,PDP,NC,AGE,2022-02-01,,ACTIVE,74197857,19.27,BP-807339
P-01077,C-00830,Harborline,H3504-022,MA,NE,DISABILITY,2024-10-01,,ACTIVE,6831819,20.09,HL-951153
P-01078,C-00831,Northwind Health,H9830-029,MA,MD,AGE,2026-04-01,,ACTIVE,77125617,47.58,NW-857819
P-01079,C-00832,Northwind Health,H5040-017,MA,MD,AGE,2024-06-01,,ACTIVE,77125617,52.47,NW-168776
P-01080,C-00833,Harborline,S2040-014-002,PDP,UT,AGE,2025-05-01,,ACTIVE,97102525,23.40,HL-854169
P-01081,C-00834,Bluepeak,23947UT0260986,ACA,UT,,2025-01-01,,ACTIVE,97102525,880.68,BP-134701
P-01082,C-00835,Meridian Care,H3591-006,MA,AL,AGE,2024-10-01,,ACTIVE,1884412,0.89,MC-871526
P-01083,C-00836,Bluepeak,S1771-019,PDP,AL,AGE,2022-01-01,,ACTIVE,1884412,78.94,BP-524745
P-01084,C-00837,Meridian Care,76540ME5173064,ACA,ME,,2027-01-01,,PENDING,94702683,205.08,MC-469025
P-01085,C-00838,Northwind Health,H9830-016,MA,ME,AGE,2024-11-01,2025-11-30,TERMINATED,94702683,20.37,NW-642921
P-01086,C-00838,Cardinal Mutual,H8668-014,MA,ME,AGE,2025-12-01,,ACTIVE,94702683,12.47,CM-307183
P-01087,C-00839,Summit Health Plans,H9797-001-002,MA,KY,AGE,2025-03-01,,ACTIVE,94702683,31.44,SH-537206
P-01088,C-00840,Summit Health Plans,L,MEDSUPP,OR,AGE,2024-12-01,,ACTIVE,74197857,252.34,SH-572844
P-01089,C-00840,Summit Health Plans,S8123-030,PDP,OR,AGE,2024-12-01,,ACTIVE,74197857,76.07,SH-112957
P-01090,C-00841,Harborline,H3504-030-003,MA,CO,AGE,2022-05-01,,ACTIVE,5265799,32.67,HL-253924
P-01091,C-00842,Summit Health Plans,H5371-027,MA,DE,AGE,2025-02-01,,ACTIVE,54100814,54.99,SH-502385
P-01092,C-00843,Summit Health Plans,93748DE2538924,ACA,DE,,2025-01-01,,ACTIVE,54100814,222.89,SH-643781
P-01093,C-00844,Northwind Health,G,MEDSUPP,KY,AGE,2022-09-01,,ACTIVE,94702683,245.27,NW-790887
P-01094,C-00844,Northwind Health,S7543-015,PDP,KY,AGE,2022-09-01,,ACTIVE,94702683,71.92,NW-528909
P-01094,C-00844,Northwind Health,S7543-015,PDP,KY,AGE,2022-09-01,,ACTIVE,94702683,83.92,NW-528909
P-01095,C-00845,Cardinal Mutual,G,MEDSUPP,TX,AGE,2023-09-01,,ACTIVE,90949389,94.17,CM-154347
P-01096,C-00845,Cardinal Mutual,S2876-007,PDP,TX,AGE,2023-09-01,,ACTIVE,90949389,32.78,CM-176833
P-01097,C-00846,Meridian Care,76540LA9795019,ACA,LA,,2026-01-01,,ACTIVE,11576383,243.03,MC-719484
P-01098,C-00847,Harborline,H2796-023,MA,TX,AGE,2022-09-01,2024-10-31,TERMINATED,90949389,38.53,HL-533626
P-01099,C-00847,Cardinal Mutual,H7252-026,MA,TX,AGE,2024-11-01,,ACTIVE,90949389,38.60,CM-760471
P-01100,C-00848,Harborline,H2796-011,MA,NJ,AGE,2023-11-01,,ACTIVE,77125617,37.01,HL-373229
P-01101,C-00849,Bluepeak,R9348-006,MA,SD,AGE,2026-01-01,,ACTIVE,92646676,6.67,BP-943340
P-01102,C-00850,Bluepeak,R9348-029,MA,IL,AGE,2024-02-01,2025-11-30,TERMINATED,4356886,31.30,BP-396206
P-01103,C-00850,Summit Health Plans,R6573-011-001,MA,IL,AGE,2025-12-01,,ACTIVE,4356886,59.05,SH-537805
P-01104,C-00851,Meridian Care,H3591-003,MA,AK,AGE,2026-11-01,,PENDING,61291817,16.35,MC-813817
P-01105,C-00852,Harborline,H3504-022,MA,VA,AGE,2022-10-01,2023-10-31,TERMINATED,78490893,0.57,HL-599173
P-01106,C-00852,Summit Health Plans,H5371-010,MA,VA,AGE,2023-11-01,,ACTIVE,78490893,39.34,SH-861695
P-01107,C-00853,Summit Health Plans,H5371-008,MA,NY,AGE,2025-09-01,,ACTIVE,10583482,1.11,SH-244564
P-01108,C-00854,Cardinal Mutual,H8668-002-001,MA,NY,AGE,2025-08-01,,ACTIVE,10583482,10.58,CM-866439
P-01109,C-00855,Northwind Health,G,MEDSUPP,NY,AGE,2026-04-01,2026-09-09,ACTIVE,10583482,209.54,NW-241825
P-01110,C-00855,Northwind Health,S6930-006-002,PDP,NY,AGE,2026-04-01,,ACTIVE,10583482,37.77,NW-904669
P-01111,C-00856,Summit Health Plans,G,MEDSUPP,SC,AGE,2025-05-01,,ACTIVE,11576383,104.36,SH-434519
P-01112,C-00856,Summit Health Plans,S8123-023-003,PDP,SC,AGE,2025-05-01,,ACTIVE,11576383,51.74,SH-445377
P-01113,C-00857,Bluepeak,R9085-005,MA,SC,AGE,2025-05-01,,ACTIVE,11576383,10.10,BP-617287
P-01114,C-00858,Cardinal Mutual,G,MEDSUPP,SC,AGE,2023-07-01,,ACTIVE,11576383,228.14,CM-525831
P-01115,C-00858,Cardinal Mutual,S2876-026-001,PDP,SC,AGE,2023-07-01,,ACTIVE,11576383,15.30,CM-483749
P-01116,C-00859,Northwind Health,H9830-015-002,MA,LA,DISABILITY,2022-12-01,2024-07-31,TERMINATED,11576383,46.46,NW-378237
P-01117,C-00859,Bluepeak,H3266-007,MA,LA,DISABILITY,2024-08-01,,ACTIVE,11576383,7.95,BP-813041
P-01118,C-00860,Northwind Health,76542LA9607800,ACA,LA,,2025-01-01,2025-12-31,TERMINATED,11576383,254.79,NW-895314
P-01119,C-00860,Meridian Care,76540LA9656609,ACA,LA,,2026-01-01,,ACTIVE,11576383,846.67,MC-517186
P-01120,C-00861,Meridian Care,H3591-018,MA,KS,AGE,2022-12-01,2024-06-30,??,54100814,21.73,MC-356230
P-01121,C-00861,Northwind Health,H5040-001,MA,KS,AGE,2024-07-01,,ACTIVE,54100814,49.43,NW-477362
P-01122,C-00862,Bluepeak,H3266-013,MA,ID,AGE,2023-04-01,2023-03-31,TERMINATED,61855700,50.57,BP-722580
P-01123,C-00862,Harborline,H2796-020-002,MA,ID,AGE,2026-04-01,,ACTIVE,61855700,58.09,HL-267199
P-01124,C-00863,Meridian Care,S9201-029-003,PDP,KS,AGE,2026-11-01,,??,54100814,6.48,MC-938541
P-01125,C-00864,Bluepeak,H3266-021,MA,NE,AGE,2025-12-01,,ACTIVE,6831819,59.36,BP-916927
P-01126,C-00865,Cardinal Mutual,49117PA5011987,ACA,PA,,2025-01-01,,ACTIVE,1884412,776.71,CM-129650
P-01127,C-00866,Bluepeak,H3266-016-003,MA,PA,DISABILITY,2025-11-01,,ACTIVE,1884412,30.05,BP-630935
P-01128,C-00867,Cardinal Mutual,49117WV3202942,ACA,WV,,2025-01-01,2025-12-31,TERMINATED,7150444,816.31,CM-794534
P-01129,C-00867,Harborline,91959WV6770277,ACA,WV,,2026-01-01,,ACTIVE,7150444,493.89,HL-531618
P-01130,C-00868,Northwind Health,N,MEDSUPP,WV,AGE,2025-03-01,,ACTIVE,7150444,286.19,NW-840363
P-01131,C-00868,Northwind Health,S7543-019,PDP,WV,AGE,2025-03-01,,ACTIVE,7150444,56.60,NW-953402
P-01132,C-00869,Meridian Care,H3591-011,MA,IN,AGE,2026-04-01,,ACTIVE,4356886,50.45,MC-402321
P-01133,C-00870,Cardinal Mutual,H7252-030,MA,MO,AGE,2025-09-01,,ACTIVE,6831819,10.54,CM-314989
P-01134,C-00871,Summit Health Plans,N,MEDSUPP,UT,AGE,2025-03-01,,ACTIVE,90949389,218.25,SH-125691
P-01135,C-00871,Summit Health Plans,S8123-017,PDP,UT,AGE,2025-03-01,,ACTIVE,90949389,75.18,SH-820055
P-01136,C-00872,Northwind Health,G,MEDSUPP,TX,AGE,2022-09-01,,ACTIVE,37231783,227.19,NW-438324
P-01137,C-00872,Northwind Health,S6930-024,PDP,TX,AGE,2022-09-01,,ACTIVE,37231783,78.66,NW-817628
P-01138,C-00873,Summit Health Plans,H9797-010,MA,LA,AGE,2023-10-01,,ACTIVE,7150444,55.97,SH-160282
P-01139,C-00874,Bluepeak,H4593-024,MA,OR,AGE,2024-09-01,,ACTIVE,74197857,5.20,BP-574622
P-01140,C-00875,Northwind Health,H5040-019-003,MA,KY,AGE,2023-06-01,2026-04-30,TERMINATED,94702683,35.49,NW-768960
P-01141,C-00875,Bluepeak,R9085-028,MA,KY,AGE,2026-05-01,,ACTIVE,94702683,47.17,BP-610634
P-01142,C-00876,Cardinal Mutual,H7252-019-003,MA,KY,AGE,2026-01-01,,ACTIVE,94702683,26.36,CM-622469
P-01143,C-00877,Harborline,H3504-007-001,MA,NE,AGE,2024-10-01,2025-11-30,See notes,33857966,25.57,HL-261024
P-01144,C-00877,Northwind Health,H9830-022-003,MA,NE,AGE,2025-12-01,,ACTIVE,33857966,37.66,NW-594052
P-01145,C-00878,Northwind Health,76542NE5180176,ACA,NE,,2025-01-01,2025-12-31,TERMINATED,33857966,237.41,NW-638428
P-01146,C-00878,Summit Health Plans,93748NE4484630,ACA,NE,,2026-01-01,,ACTIVE,33857966,835.08,SH-856688
P-01147,C-00879,Meridian Care,R1053-015,MA,AK,AGE,2024-12-01,2026-02-28,TERMINATED,61291817,34.40,MC-979381
P-01148,C-00879,Cardinal Mutual,H7252-004,MA,AK,AGE,2026-03-01,,ACTIVE,61291817,36.32,CM-301819
P-01149,C-00880,Harborline,H3504-020,MA,AK,AGE,2026-05-01,,ACTIVE,61291817,44.95,HL-722560
P-01150,C-00881,Harborline,A,MEDSUPP,IL,AGE,2026-05-01,,CANCELLED,7150444,295.68,HL-768742
P-01151,C-00881,Harborline,S7304-026,PDP,IL,AGE,2026-05-01,,ACTIVE,7150444,81.35,HL-568323
P-01152,C-00882,Northwind Health,H9830-016,MA,IL,AGE,2024-09-01,,ACTIVE,7150444,49.35,NW-160899
P-01153,C-00883,Bluepeak,R9348-006,MA,NE,AGE,2022-10-01,,ACTIVE,33857966,9.38,BP-762277
P-01154,C-00884,Northwind Health,H5040-008,MA,IN,AGE,2022-03-01,,ACTIVE,4356886,39.40,NW-917192
P-01155,C-00885,Summit Health Plans,H9797-011,MA,MO,AGE,2024-03-01,2026-03-31,N/A,33857966,29.02,SH-824059
P-01156,C-00885,Cardinal Mutual,H8668-008,MA,MO,AGE,2026-04-01,,ACTIVE,33857966,8.31,CM-903148
P-01157,C-00886,Harborline,N,MEDSUPP,CA,AGE,2025-10-01,,ACTIVE,43339391,104.65,HL-426295
P-01158,C-00886,Harborline,S2040-004,PDP,CA,AGE,2025-10-01,,ACTIVE,43339391,17.50,HL-426488
P-01159,C-00887,Cardinal Mutual,H7252-021-001,MA,MI,AGE,2025-04-01,,ACTIVE,13981052,24.78,CM-943366
P-01160,C-00888,Harborline,L,MEDSUPP,SC,AGE,2025-04-01,,ACTIVE,11576383,161.64,HL-895221
P-01161,C-00888,Harborline,S2040-028,PDP,SC,AGE,2025-04-01,,ACTIVE,11576383,24.50,HL-472314
P-01161,C-00888,Harborline,S2040-028,PDP,SC,AGE,2025-04-01,,ACTIVE,11576383,24.50,HL-472314
P-01162,C-00889,Bluepeak,H4593-013-002,MA,MI,AGE,2025-06-01,,ACTIVE,61855700,30.54,BP-172322
P-01163,C-00890,Northwind Health,S6930-018,PDP,MI,AGE,2025-11-01,,CANCELLED,61855700,51.43,NW-781890
P-01164,C-00891,Meridian Care,H3591-023,MA,IL,AGE,2023-08-01,2025-03-31,TERMINATED,44524491,48.39,MC-367539
P-01165,C-00891,Summit Health Plans,H5371-010,MA,IL,AGE,2025-04-01,,ACTIVE,44524491,2.11,SH-871693
P-01166,C-00892,Cardinal Mutual,H8668-014,MA,MO,AGE,2024-01-01,2026-02-28,TERMINATED,33857966,33.90,CM-556662
P-01167,C-00892,Northwind Health,H9830-030-002,MA,MO,AGE,2026-03-01,,ACTIVE,33857966,19.70,NW-391383
P-01168,C-00893,Cardinal Mutual,L,MEDSUPP,TX,AGE,2022-07-01,,ACTIVE,99847493,291.28,CM-175672
P-01169,C-00893,Cardinal Mutual,S2876-009,PDP,TX,AGE,2022-07-01,,ACTIVE,99847493,71.12,CM-226141
P-01170,C-00894,Cardinal Mutual,49117KS5153455,ACA,KS,,2025-01-01,,ACTIVE,13981052,333.64,CM-948302
P-01171,C-00895,Northwind Health,H5040-007,MA,TX,AGE,2024-05-01,,ACTIVE,99847493,44.85,NW-439084
P-01172,C-00896,Bluepeak,H3266-013-002,MA,NY,AGE,2024-07-01,,ACTIVE,97102525,59.90,BP-874831
P-01173,C-00897,Northwind Health,H9830-008-002,MA,NY,AGE,2025-09-01,,ACTIVE,97102525,36.11,NW-619618
P-01174,C-00898,Cardinal Mutual,S2876-006,PDP,CO,AGE,2025-04-01,,ACTIVE,7150444,22.02,CM-939057
P-01175,C-00899,Cardinal Mutual,49117GA5053168,ACA,GA,,2025-01-01,2025-12-31,TERMINATED,61855700,318.91,CM-446731
P-01176,C-00899,Summit Health Plans,93748GA0887163,ACA,GA,,2026-01-01,,ACTIVE,61855700,682.86,SH-773515
P-01177,C-00900,Bluepeak,H3266-021,MA,GA,AGE,2026-11-01,,PENDING,61855700,56.63,BP-451416
P-01178,C-00901,Cardinal Mutual,H7252-005-003,MA,ID,AGE,2024-02-01,,ACTIVE,43339391,11.11,CM-994310
P-01179,C-00902,Summit Health Plans,H9797-012-003,MA,CO,AGE,2024-11-01,,ACTIVE,29898923,14.87,SH-642138
P-01180,C-00903,Harborline,N,MEDSUPP,CO,AGE,2024-08-01,,ACTIVE,29898923,289.69,HL-564223
P-01181,C-00903,Harborline,S2040-006,PDP,CO,AGE,2024-08-01,,ACTIVE,29898923,48.20,HL-712001
P-01182,C-00904,Cardinal Mutual,H7252-013,MA,WV,AGE,2023-11-01,,ACTIVE,7150444,33.11,CM-488944
P-01183,C-00905,Harborline,H3504-030,MA,MO,AGE,2023-12-01,2025-04-30,TERMINATED,33857966,32.26,HL-555398
P-01184,C-00905,Cardinal Mutual,H8668-005,MA,MO,AGE,2025-05-01,,ACTIVE,33857966,51.92,CM-903075
P-01185,C-00906,Harborline,S7304-017,PDP,SC,AGE,2025-07-01,,ACTIVE,10583482,75.31,HL-358317
P-01186,C-00907,Meridian Care,H3591016-001,MA,KY,AGE,2024-09-01,2025-11-30,TERMINATED,4356886,17.05,MC-597008
P-01187,C-00907,Bluepeak,H4593-025-003,MA,KY,AGE,2025-12-01,,ACTIVE,4356886,0.33,BP-200053
P-01188,C-00908,Harborline,H2796-013,MA,VT,AGE,2025-06-01,,ACTIVE,10583482,57.55,HL-410942
P-01189,C-00909,Harborline,91959CA8483015,ACA,CA,,2026-01-01,,ACTIVE,78490893,254.75,HL-800207
P-01190,C-00910,Harborline,R3621-019-002,MA,UT,AGE,2022-11-01,,ACTIVE,97102525,49.28,HL-385326
P-01191,C-00911,Cardinal Mutual,L,MEDSUPP,TX,AGE,2022-05-01,,ACTIVE,99847493,286.77,CM-327027
P-01192,C-00911,Cardinal Mutual,S1188-004-002,PDP,TX,AGE,2022-05-01,,ACTIVE,99847493,70.61,CM-110928
P-01193,C-00912,Bluepeak,H3266-017-001,MA,MO,AGE,2024-09-01,,ACTIVE,33857966,26.96,BP-417051
P-01194,C-00913,Cardinal Mutual,H7252-019-001,MA,CO,AGE,2026-03-01,,ACTIVE,29898923,55.85,CM-424468
P-01195,C-00914,Summit Health Plans,S8123-010,PDP,OH,AGE,2024-07-01,,ACTIVE,1884412,75.23,SH-296631
P-01196,C-00915,Northwind Health,H5040-011-002,MA,OH,AGE,2024-01-01,,ACTIVE,1884412,4.21,NW-530927
P-01197,C-00916,Summit Health Plans,R2827-017,MA,ID,AGE,2025-02-01,,ACTIVE,43339391,43.06,SH-476321
P-01198,C-00917,Meridian Care,H8433-013,MA,VA,AGE,2024-05-01,,ACTIVE,78490893,10.91,MC-897359
P-01199,C-00918,Harborline,91959VA1866156,ACA,VA,,2026-01-01,,ACTIVE,78490893,441.61,HL-105341
P-01200,C-00919,Harborline,H2796-001,MA,VA,AGE,2025-08-01,,ACTIVE,78490893,38.64,HL-527445
P-01201,C-00920,Summit Health Plans,H9797-002-002,MA,AK,AGE,2025-02-01,,ACTIVE,61291817,59.49,SH-887804
P-01202,C-00921,Northwind Health,H5040-020,MA,CT,AGE,2023-12-01,,ACTIVE,29898923,38.04,NW-649653
P-01203,C-00922,Cardinal Mutual,H7252-018,MA,IL,AGE,2026-04-01,,ACTIVE,4356886,2.98,CM-283800
P-01204,C-00923,Meridian Care,H3591-011,MA,AR,AGE,2026-05-01,,ACTIVE,44524491,27.19,MC-679390
P-01205,C-00924,Summit Health Plans,H5371-003,MA,SC,AGE,2026-11-01,,PENDING,11576383,59.62,SH-150825
P-01206,C-00925,Bluepeak,F,MEDSUPP,NY,AGE,2022-04-01,,ACTIVE,6831819,162.07,BP-765864
P-01207,C-00925,Bluepeak,S2489-016-002,PDP,NY,AGE,2022-04-01,,ACTIVE,6831819,70.28,BP-745886
P-01208,C-00926,Summit Health Plans,93748UT4730909,ACA,UT,,2024-01-01,,ACTIVE,97102525,391.41,SH-352065
P-01209,C-00927,Meridian Care,76540CO5553158,ACA,CO,,2024-01-01,,ACTIVE,29898923,598.27,MC-358579
P-01210,C-00928,Bluepeak,R9085-012,MA,IL,AGE,2025-07-01,,ACTIVE,37231783,14.85,BP-333036
P-01211,C-00929,Northwind Health,H5040-029,MA,MO,AGE,2023-08-01,,ACTIVE,6831819,9.76,NW-476630
P-01212,C-00930,Harborline,H3504-004-001,MA,MO,AGE,2026-04-01,2026-09-11,ACTIVE,33857966,55.00,HL-713457
P-01213,C-00931,Cardinal Mutual,H8668-023-002,MA,MO,AGE,2022-07-01,,ACTIVE,33857966,58.81,CM-809901
P-01214,C-00932,Meridian Care,H3591-010,MA,SD,AGE,2026-01-01,,ACTIVE,77125617,27.15,MC-495150
P-01215,C-00933,Bluepeak,23947MO1751710,ACA,MO,,2025-01-01,2025-12-31,TERMINATED,32244663,255.22,BP-802629
P-01216,C-00933,Summit Health Plans,93748MO8371046,ACA,MO,,2026-01-01,,ACTIVE,32244663,710.86,SH-541157
P-01217,C-00934,Bluepeak,H3266-016,MA,DC,AGE,2022-10-01,2024-05-31,TERMINATED,6831819,51.28,BP-673670
P-01218,C-00934,Summit Health Plans,H5371-021,MA,DC,AGE,2024-06-01,,ACTIVE,6831819,35.02,SH-314431
P-01219,C-00935,Harborline,H2796-015-001,MA,FL,AGE,2025-03-01,,ACTIVE,94702683,27.57,HL-910453
P-01220,C-00936,Cardinal Mutual,H7252-016,MA,FL,AGE,2022-09-01,,ACTIVE,94702683,53.99,CM-680642
P-01221,C-00937,Bluepeak,S1771-003,PDP,ID,AGE,2024-05-01,,ACTIVE,43339391,28.67,BP-611549
P-01222,C-00938,Summit Health Plans,H9797-006,MA,ID,AGE,2024-10-01,2026-04-30,TERMINATED,43339391,22.82,SH-953693
P-01223,C-00938,Meridian Care,H3591-001,MA,ID,AGE,2026-05-01,,ACTIVE,43339391,25.13,MC-526556
P-01224,C-00939,Northwind Health,R5304-009,MA,DC,AGE,2025-09-01,,ACTIVE,6831819,56.10,NW-382371
P-01225,C-00940,Northwind Health,H5040-015-003,MA,NC,AGE,2025-12-01,,ACTIVE,74197857,1.98,NW-313502
P-01226,C-00941,Cardinal Mutual,H8668-001,MA,NC,AGE,2025-07-01,,ACTIVE,74197857,32.39,CM-306706
P-01227,C-00942,Bluepeak,S1771-022,PDP,AR,AGE,2026-01-01,,ACTIVE,44524491,67.42,BP-124055
P-01228,C-00943,Harborline,B,MEDSUPP,UT,AGE,2024-03-01,,ACTIVE,97102525,107.03,HL-219248
P-01229,C-00943,Harborline,S2040-009,PDP,UT,AGE,2024-03-01,,ACTIVE,97102525,65.55,HL-900690
P-01230,C-00944,Meridian Care,76540MO1006874,ACA,MO,,2026-01-01,,ACTIVE,33857966,858.95,MC-151157
P-01231,C-00945,Harborline,H2796-007,MA,UT,AGE,2024-07-01,,ACTIVE,90949389,3.44,HL-754799
P-01232,C-00946,Northwind Health,H9830-014-002,MA,ID,AGE,2025-09-01,,ACTIVE,5265799,42.38,NW-542913
P-01233,C-00947,Summit Health Plans,H5371-012,MA,ID,AGE,2023-10-01,,ACTIVE,5265799,52.72,SH-665306
P-01234,C-00948,Northwind Health,H9830-030,MA,NE,AGE,2024-12-01,,ACTIVE,33857966,34.84,NW-548535
P-01235,C-00949,Harborline,H2796-006,MA,NE,AGE,2023-03-01,2024-10-31,TERMINATED,33857966,26.20,HL-231891
P-01236,C-00949,Meridian Care,H8433-004,MA,NE,AGE,2024-11-01,,ACTIVE,33857966,19.54,MC-104632
P-01237,C-00950,Bluepeak,L,MEDSUPP,KY,AGE,2023-09-01,,ACTIVE,32244663,303.80,BP-628434
P-01238,C-00950,Bluepeak,S2489-001,PDP,KY,AGE,2023-09-01,,ACTIVE,32244663,15.07,BP-109038
P-01239,C-00951,Summit Health Plans,H5371-004,MA,KY,AGE,2024-07-01,2024-05-10,TERMINATED,32244663,30.81,SH-482483
P-01240,C-00951,Meridian Care,H8433-013,MA,KY,AGE,2025-08-01,,ACTIVE,32244663,37.29,MC-526476
P-01241,C-00952,Northwind Health,R5304-020-002,MA,WA,AGE,2026-11-01,,See notes,99847493,57.62,NW-113930
P-01242,C-00953,Cardinal Mutual,H7252-013-001,MA,WA,DISABILITY,2024-02-01,,ACTIVE,99847493,28.56,CM-687753
P-01243,C-00954,Northwind Health,H9830-021,MA,MD,AGE,2024-07-01,2026-03-31,TERMINATED,77125617,31.73,NW-994502
P-01244,C-00954,Cardinal Mutual,H7252-029,MA,MD,AGE,2026-04-01,,ACTIVE,77125617,17.01,CM-196069
P-01245,C-00955,Northwind Health,H5040-001,MA,MD,AGE,2022-01-01,,ACTIVE,77125617,44.73,NW-510122
P-01246,C-00956,Summit Health Plans,H9797-030,MA,OR,AGE,2024-01-01,,ACTIVE,74197857,4.76,SH-159626
P-01247,C-00957,Summit Health Plans,93748OR1911898,ACA,OR,,2025-01-01,,ACTIVE,74197857,154.65,SH-948866
P-01248,C-00958,Cardinal Mutual,S2876-006-002,PDP,GA,AGE,2025-07-01,,ACTIVE,10583482,9.05,CM-636708
P-01249,C-00959,Harborline,91959IA3695819,ACA,IA,,2024-01-01,,ACTIVE,1884412,246.53,HL-968439
P-01250,C-00960,Northwind Health,H5040-016-002,MA,IA,ESRD,2024-12-01,,ACTIVE,1884412,33.43,NW-869074
P-01251,C-00961,Northwind Health,S6930-029,PDP,AR,AGE,2022-02-01,,ACTIVE,44524491,31.45,NW-582229
P-01252,C-00962,Summit Health Plans,R6573-015,MA,AR,AGE,2022-12-01,,ACTIVE,44524491,23.87,SH-708992
P-01253,C-00963,Summit Health Plans,93748KY8321592,ACA,KY,,2025-01-01,,ACTIVE,94702683,648.31,SH-410783
P-01254,C-00964,Summit Health Plans,H9797-019,MA,KY,AGE,2023-01-01,,ACTIVE,94702683,28.87,SH-515741
P-01255,C-00965,Summit Health Plans,93748OR3080895,ACA,OR,,2026-01-01,,ACTIVE,74197857,493.26,SH-382874
P-01256,C-00966,Meridian Care,H3591-019,MA,MD,AGE,2024-12-01,,ACTIVE,77125617,1.88,MC-521003
P-01257,C-00967,Harborline,B,MEDSUPP,MN,AGE,2022-09-01,,ACTIVE,11576383,237.85,HL-481136
P-01258,C-00967,Harborline,S7304-001-003,PDP,MN,AGE,2022-09-01,,ACTIVE,11576383,58.51,HL-618854
P-01259,C-00968,Meridian Care,G,MEDSUPP,IL,AGE,2023-10-01,,ACTIVE,44524491,181.97,MC-499315
P-01260,C-00968,Meridian Care,S3927-012,PDP,IL,AGE,2023-10-01,,ACTIVE,44524491,89.23,MC-308275
P-01261,C-00969,Cardinal Mutual,49117SD8296726,ACA,SD,,2024-01-01,,ACTIVE,90949389,432.89,CM-555267
P-01262,C-00970,Meridian Care,H3591-022,MA,SD,AGE,2026-02-01,,ACTIVE,90949389,53.15,MC-364054
P-01263,C-00971,Harborline,H2796-019,MA,ME,AGE,2025-08-01,,ACTIVE,94702683,3.74,HL-830797
P-01264,C-00972,Harborline,S2040-010-001,PDP,ME,AGE,2022-08-01,,ACTIVE,94702683,61.27,HL-124284
P-01265,C-00973,Bluepeak,H3266-028,MA,GA,AGE,2022-10-01,,ACTIVE,10583482,13.66,BP-520589
P-01266,C-00974,Bluepeak,H3266-012,MA,GA,AGE,2024-10-01,,ACTIVE,10583482,23.96,BP-458845
P-01267,C-00975,Cardinal Mutual,G,MEDSUPP,GA,AGE,2025-09-01,,ACTIVE,10583482,226.93,CM-242304
P-01268,C-00975,Cardinal Mutual,S1188-014,PDP,GA,AGE,2025-09-01,,ACTIVE,10583482,79.65,CM-309501
P-01269,C-00976,Summit Health Plans,H9797-019,MA,MO,AGE,2022-08-01,,ACTIVE,32244663,50.90,SH-162086
P-01270,C-00977,Bluepeak,H4593-009,MA,MO,DISABILITY,2022-09-01,2025-10-31,TERMINATED,33857966,18.77,BP-967995
P-01271,C-00977,Meridian Care,H3591-010,MA,MO,DISABILITY,2025-11-01,,ACTIVE,33857966,41.13,MC-460874
P-01272,C-00978,Cardinal Mutual,H8668-013,MA,MO,AGE,2024-12-01,,CANCELLED,33857966,38.22,CM-293782
P-01273,C-00979,Cardinal Mutual,H7252-011,MA,IL,AGE,2024-07-01,,ACTIVE,37231783,1.29,CM-527819
P-01274,C-00980,Summit Health Plans,H9797-006-003,MA,IL,AGE,2025-11-01,,ACTIVE,37231783,8.02,SH-722543
P-01275,C-00981,Summit Health Plans,93748KY8620884,ACA,KY,,2024-01-01,,ACTIVE,94702683,741.42,SH-610996
P-01276,C-00982,Northwind Health,H9830-021,MA,MO,AGE,2024-12-01,2026-03-31,See notes,32244663,28.36,NW-157975
P-01277,C-00982,Harborline,R7916-015,MA,MO,AGE,2026-04-01,,ACTIVE,32244663,32.48,HL-149525
P-01278,C-00983,Northwind Health,H5040-015,MA,AR,AGE,2022-07-01,2023-08-31,TERMINATED,44524491,14.13,NW-175152
P-01279,C-00983,Bluepeak,H3266-013-001,MA,AR,AGE,2023-09-01,,ACTIVE,44524491,4.92,BP-205434
P-01280,C-00984,Summit Health Plans,H5371-008,MA,KS,AGE,2024-11-01,,ACTIVE,13981052,31.16,SH-729389
P-01281,C-00985,Northwind Health,S6930-004,PDP,MO,AGE,2026-03-01,,ACTIVE,32244663,34.54,NW-327217
P-01282,C-00986,Northwind Health,R8019-003-002,MA,MO,DISABILITY,2023-10-01,,ACTIVE,32244663,19.35,NW-560524
P-01283,C-00987,Cardinal Mutual,H8668-024-003,MA,DE,AGE,2023-02-01,,ACTIVE,54100814,23.46,CM-963150
P-01284,C-00988,Cardinal Mutual,H8668-006,MA,MT,AGE,2026-04-01,,ACTIVE,97102525,51.29,CM-803534
P-01285,C-00989,Summit Health Plans,93748MT6656899,ACA,MT,,2025-01-01,2025-12-31,TERMINATED,97102525,847.12,SH-872928
P-01286,C-00989,Cardinal Mutual,49117MT3476389,ACA,MT,,2026-01-01,,ACTIVE,97102525,694.81,CM-374655
P-01287,C-00990,Bluepeak,S2489-013,PDP,MT,ESRD,2023-06-01,,ACTIVE,97102525,42.19,BP-823617
P-01288,C-00991,Bluepeak,H3266-016,MA,MN,AGE,2024-05-01,,ACTIVE,11576383,10.16,BP-643785
P-01289,C-00992,Cardinal Mutual,R5119-006,MA,DE,AGE,2025-04-01,,ACTIVE,4356886,11.04,CM-211626
P-01290,C-00993,Northwind Health,H9830-027,MA,CO,AGE,2023-01-01,,ACTIVE,5265799,28.86,NW-570424
P-01291,C-00994,Northwind Health,H5040-016,MA,NE,AGE,2025-09-01,,ACTIVE,54100814,6.29,NW-546712
P-01292,C-00995,Harborline,91959MN4492282,ACA,MN,,2026-01-01,,ACTIVE,11576383,198.01,HL-890954
P-01293,C-00996,Summit Health Plans,S5808-005,PDP,MN,AGE,2025-12-01,,ACTIVE,11576383,83.94,SH-991930
P-01294,C-00997,Bluepeak,H4593-023,MA,FL,AGE,2025-10-01,,CANCELLED,54100814,44.40,BP-514360
P-01295,C-00998,Summit Health Plans,H5371-025,MA,FL,AGE,2022-01-01,2025-06-30,TERMINATED,54100814,50.93,SH-148382
P-01296,C-00998,Meridian Care,H8433-012,MA,FL,AGE,2025-07-01,,ACTIVE,54100814,47.45,MC-664531
P-01297,C-00999,Cardinal Mutual,H8668-001,MA,OH,AGE,2025-04-01,,ACTIVE,1884412,39.17,CM-826045
P-01298,C-01000,Bluepeak,23947OH2879823,ACA,OH,,2025-01-01,,ACTIVE,1884412,373.78,BP-870677
P-01299,C-01001,Harborline,H3504-001,MA,CO,AGE,2025-09-01,,ACTIVE,5265799,57.15,HL-730113
P-01300,C-01002,Northwind Health,76542CO1979968,ACA,CO,,2025-01-01,2025-12-31,TERMINATED,5265799,824.69,NW-546480
P-01301,C-01002,Bluepeak,23947CO5643235,ACA,CO,,2026-01-01,,ACTIVE,5265799,695.95,BP-387272
P-01302,C-01003,Meridian Care,H8433-013-001,MA,TX,AGE,2022-05-01,,ACTIVE,37231783,26.17,MC-746450
P-01303,C-01004,Cardinal Mutual,H7252-027,MA,TX,AGE,2024-11-01,,ACTIVE,37231783,5.35,CM-755477
P-01304,C-01005,Bluepeak,H3266-004-002,MA,AK,AGE,2025-03-01,,ACTIVE,61291817,43.15,BP-499768
P-01305,C-01006,Northwind Health,R5304-025,MA,TX,AGE,2023-10-01,,ACTIVE,37231783,45.82,NW-764379
P-01306,C-01007,Cardinal Mutual,H7252-026-002,MA,TX,AGE,2024-07-01,,ACTIVE,37231783,45.01,CM-648440
P-01307,C-01008,Harborline,91959DE4778183,ACA,DE,,2025-01-01,2025-12-31,TERMINATED,4356886,676.86,HL-799360
P-01308,C-01008,Summit Health Plans,93748DE8662828,ACA,DE,,2026-01-01,,ACTIVE,4356886,718.37,SH-550572
P-01309,C-01009,Summit Health Plans,N,MEDSUPP,NE,AGE,2026-04-01,,ACTIVE,33857966,236.81,SH-207614
P-01310,C-01009,Summit Health Plans,S8123-027,PDP,NE,AGE,2026-04-01,,ACTIVE,33857966,63.73,SH-539176
P-01311,C-01010,Harborline,91959KS4374817,ACA,KS,,2026-01-01,,ACTIVE,54100814,887.90,HL-858334
P-01312,C-01011,Northwind Health,76542KS4668073,ACA,KS,,2025-01-01,,ACTIVE,54100814,574.94,NW-896360
P-01313,C-01012,Harborline,H3504-002,MA,IL,AGE,2024-05-01,2024-03-07,TERMINATED,44524491,55.90,HL-352410
P-01314,C-01012,Meridian Care,H8433-014,MA,IL,AGE,2025-06-01,,ACTIVE,44524491,14.12,MC-892272
P-01315,C-01013,Bluepeak,23947IL8678884,ACA,IL,,2025-01-01,2025-12-31,TERMINATED,44524491,526.86,BP-700802
P-01316,C-01013,Harborline,91959IL6831747,ACA,IL,,2026-01-01,,ACTIVE,44524491,883.06,HL-154285
P-01317,C-01014,Meridian Care,H8433-025,MA,KY,AGE,2022-10-01,,ACTIVE,61291817,38.89,MC-151141
P-01318,C-01015,Bluepeak,N,MEDSUPP,VA,AGE,2025-08-01,,ACTIVE,78490893,162.85,BP-488794
P-01319,C-01015,Bluepeak,S1771-003,PDP,VA,AGE,2025-08-01,,ACTIVE,78490893,83.11,BP-848750
P-01320,C-01016,Summit Health Plans,H5371-027,MA,VA,AGE,2024-07-01,,ACTIVE,78490893,40.62,SH-377837
P-01321,C-01017,Meridian Care,76540RI7712415,ACA,RI,,2025-01-01,,ACTIVE,11576383,482.59,MC-965942
P-01322,C-01018,Bluepeak,H4593-026-003,MA,KY,AGE,2026-11-01,,PENDING,94702683,2.64,BP-774601
P-01323,C-01019,Meridian Care,G,MEDSUPP,NE,AGE,2023-01-01,,ACTIVE,33857966,224.87,MC-550717
P-01324,C-91675,Meridian Care,S9201-028,PDP,NE,AGE,2023-01-01,,ACTIVE,33857966,11.03,MC-372869
P-01325,C-01020,Northwind Health,H9830-026,MA,DE,AGE,2024-12-01,,ACTIVE,4356886,22.66,NW-521310
P-01326,C-01021,Meridian Care,F,MEDSUPP,OR,AGE,2022-02-01,,ACTIVE,74197857,133.63,MC-486777
P-01327,C-01021,Meridian Care,S3927-001,PDP,OR,AGE,2022-02-01,,ACTIVE,74197857,16.10,MC-389644
P-01328,C-01022,Harborline,91959OR0291069,ACA,OR,,2025-01-01,,ACTIVE,74197857,563.59,HL-391755
P-01329,C-01023,Northwind Health,H9830-006,MA,CA,AGE,2025-11-01,,ACTIVE,43339391,21.39,NW-577319
P-01330,C-01024,Harborline,S2040-030-001,PDP,KS,AGE,2024-07-01,,ACTIVE,13981052,65.04,HL-180063
P-01331,C-01025,Harborline,R3621-026,MA,CA,AGE,2023-09-01,,ACTIVE,43339391,47.29,HL-647896
P-01332,C-01026,Meridian Care,H3591-018,MA,ID,AGE,2025-03-01,,ACTIVE,77125617,5.32,MC-958914
P-01333,C-01027,Meridian Care,H8433-005-003,MA,ID,AGE,2022-04-01,2026-04-30,TERMINATED,77125617,38.68,MC-302576
P-01334,C-01027,Harborline,H3504-024,MA,ID,AGE,2026-05-01,,ACTIVE,77125617,32.89,HL-192401
P-01335,C-01028,Harborline,B,MEDSUPP,FL,AGE,2025-10-01,,ACTIVE,94702683,269.90,HL-417801
P-01335,C-01028,Harborline,B,MEDSUPP,FL,AGE,2025-10-01,,ACTIVE,94702683,281.90,HL-417801
P-01336,C-01028,Harborline,S7304-011,PDP,FL,AGE,2025-10-01,,ACTIVE,94702683,79.81,HL-526536
P-01337,C-01029,Northwind Health,H9830-021,MA,ME,AGE,2025-04-01,2026-03-31,TERMINATED,94702683,31.17,NW-823540
P-01338,C-01029,Meridian Care,H3591-006-003,MA,ME,AGE,2026-04-01,,ACTIVE,94702683,54.40,MC-362205
P-01339,C-01030,Bluepeak,23947ME2549213,ACA,ME,,2026-01-01,,ACTIVE,94702683,259.73,BP-763559
P-01340,C-01031,Bluepeak,H3266-002,MA,SC,AGE,2024-08-01,,ACTIVE,11576383,57.62,BP-311012
P-01341,C-01032,Northwind Health,H5040-023,MA,AL,AGE,2025-10-01,,ACTIVE,1884412,12.07,NW-762440
P-01342,C-01033,Harborline,G,MEDSUPP,CA,AGE,2022-02-01,,ACTIVE,78490893,297.93,HL-627094
P-01343,C-01033,Harborline,S7304-014,PDP,CA,AGE,2022-02-01,,ACTIVE,78490893,69.24,HL-821221
P-01344,C-01034,Northwind Health,N,MEDSUPP,AK,AGE,2023-04-01,,ACTIVE,61291817,217.58,NW-791013
P-01345,C-01034,Northwind Health,S6930-021,PDP,AK,AGE,2023-04-01,2026-09-22,ACTIVE,61291817,25.96,NW-244758
P-01346,C-01035,Harborline,91959AK8086524,ACA,AK,,2027-01-01,,PENDING,61291817,513.19,HL-797732
P-01347,C-01036,Summit Health Plans,H9797-010,MA,NC,AGE,2024-06-01,,ACTIVE,74197857,36.08,SH-234370
P-01348,C-01037,Meridian Care,H8433-013,MA,NC,AGE,2026-01-01,,ACTIVE,74197857,56.42,MC-792929
P-01349,C-01038,Cardinal Mutual,H8668-016,MA,MO,AGE,2023-10-01,,ACTIVE,33857966,33.54,CM-770185
P-01350,C-01039,Meridian Care,H3591-030,MA,SD,AGE,2025-08-01,,ACTIVE,90949389,41.20,MC-834024
P-01351,C-01040,Cardinal Mutual,H8668-020,MA,SD,AGE,2024-08-01,,ACTIVE,66419307,33.28,CM-472865
P-01352,C-01041,Meridian Care,S3927-021,PDP,OR,AGE,2026-01-01,,ACTIVE,74197857,30.43,MC-280933
P-01353,C-01042,Bluepeak,H4593-003,MA,IA,AGE,2022-01-01,,CANCELLED,1884412,27.33,BP-329820
P-01354,C-01043,Northwind Health,R8019-028,MA,IA,AGE,2024-02-01,,ACTIVE,1884412,21.89,NW-884060
P-01355,C-01044,Harborline,H2796-018,MA,AR,AGE,2022-06-01,2026-09-12,ACTIVE,44524491,20.14,HL-120562
P-01356,C-01045,Northwind Health,H5040-022,MA,MO,AGE,2026-02-01,,ACTIVE,32244663,46.08,NW-830823
P-01357,C-01046,Meridian Care,H8433-009,MA,CO,AGE,2023-04-01,2025-07-31,TERMINATED,5265799,36.04,MC-566554
P-01358,C-01046,Cardinal Mutual,H8668-019,MA,CO,AGE,2025-08-01,,ACTIVE,5265799,3.00,CM-604793
P-01359,C-01047,Bluepeak,H3266-025,MA,CO,AGE,2022-12-01,,ACTIVE,5265799,50.17,BP-156380
P-01360,C-01048,Northwind Health,H9830-005,MA,CA,AGE,2023-04-01,2025-12-31,TERMINATED,78490893,14.16,NW-469515
P-01361,C-01048,Cardinal Mutual,H8668-013,MA,CA,AGE,2026-01-01,,ACTIVE,78490893,20.85,CM-208907
P-01362,C-01049,Harborline,H3504-027,MA,NE,AGE,2026-03-01,,ACTIVE,6831819,39.96,HL-479715
P-01363,C-01050,Meridian Care,H8433-024-002,MA,ID,AGE,2025-05-01,,ACTIVE,5265799,56.81,MC-357485
P-01364,C-01051,Cardinal Mutual,F,MEDSUPP,ID,AGE,2022-05-01,,ACTIVE,5265799,291.77,CM-810729
P-01365,C-01051,Cardinal Mutual,S1188-015-001,PDP,ID,AGE,2022-05-01,,ACTIVE,5265799,10.77,CM-501832
P-01366,C-01052,Meridian Care,H3591-026,MA,NE,AGE,2024-02-01,,ACTIVE,33857966,35.09,MC-610454
P-01367,C-01053,Bluepeak,R9348-002-002,MA,NE,AGE,2023-11-01,2025-01-31,TERMINATED,33857966,49.44,BP-590833
P-01368,C-01053,Cardinal Mutual,H8668-020,MA,NE,AGE,2025-02-01,,ACTIVE,33857966,18.57,CM-553208
P-01369,C-01054,Bluepeak,S2489-017,PDP,CA,AGE,2026-05-01,,ACTIVE,43339391,33.52,BP-991080
P-01370,C-01055,Meridian Care,H3591-026,MA,UT,AGE,2023-05-01,,ACTIVE,97102525,30.93,MC-186621
P-01371,C-01056,Harborline,S2040-017,PDP,NE,AGE,2023-06-01,,CANCELLED,33857966,20.98,HL-936021
P-01372,C-01057,Cardinal Mutual,H7252006-003,MA,KY,AGE,2025-07-01,,ACTIVE,43339391,2.28,CM-178119
P-01373,C-01058,Meridian Care,R5315-014-002,MA,KY,AGE,2022-11-01,,ACTIVE,43339391,8.88,MC-669862
P-01374,C-01059,Northwind Health,76542MO6979925,ACA,MO,,2025-01-01,2025-12-31,TERMINATED,32244663,393.19,NW-198366
P-01375,C-01059,Summit Health Plans,93748MO2470977,ACA,MO,,2026-01-01,,ACTIVE,32244663,204.78,SH-395634
P-01376,C-01060,Northwind Health,B,MEDSUPP,UT,AGE,2023-08-01,,ACTIVE,90949389,290.82,NW-187361
P-01377,C-01060,Northwind Health,S6930-023,PDP,UT,AGE,2023-08-01,,ACTIVE,90949389,42.79,NW-738819
P-01378,C-01061,Cardinal Mutual,A,MEDSUPP,VA,AGE,2023-01-01,,ACTIVE,78490893,136.59,CM-707730
P-01379,C-01061,Cardinal Mutual,S1188-015,PDP,VA,AGE,2023-01-01,,ACTIVE,78490893,50.42,CM-283659
P-01380,C-01062,Harborline,A,MEDSUPP,MO,AGE,2026-03-01,,ACTIVE,6831819,93.42,HL-248441
P-01381,C-01062,Harborline,S2040-007,PDP,MO,AGE,2026-03-01,,ACTIVE,6831819,65.30,HL-671721
P-01382,C-01063,Northwind Health,76542TX8053365,ACA,TX,,2025-01-01,,ACTIVE,90949389,558.28,NW-454494
P-01383,C-01064,Summit Health Plans,H9797-030,MA,CA,AGE,2025-05-01,,ACTIVE,78490893,18.06,SH-455335
P-01384,C-01065,Bluepeak,23947CA0547915,ACA,CA,,2024-01-01,,ACTIVE,78490893,602.72,BP-530760
P-01385,C-01066,Summit Health Plans,93748KY3889949,ACA,KY,,2025-01-01,,ACTIVE,32244663,877.81,SH-719285
P-01386,C-01067,Cardinal Mutual,49117KY6773160,ACA,KY,,2026-01-01,,ACTIVE,32244663,749.66,CM-587365
P-01387,C-01068,Meridian Care,H8433-029,MA,TX,AGE,2024-03-01,2026-01-31,??,99847493,21.62,MC-456815
P-01388,C-01068,Northwind Health,H9830-029,MA,TX,AGE,2026-02-01,,CANCELLED,99847493,43.69,NW-145287
P-01389,C-01069,Northwind Health,H9830-013-002,MA,PA,AGE,2024-03-01,2026-03-31,TERMINATED,13981052,25.12,NW-571413
P-01390,C-01069,Cardinal Mutual,H8668-014,MA,PA,AGE,2026-04-01,,ACTIVE,13981052,27.96,CM-583744
P-01391,C-01070,Cardinal Mutual,R9669-030,MA,UT,AGE,2022-01-01,2025-03-31,TERMINATED,90949389,53.24,CM-852697
P-01392,C-01070,Summit Health Plans,H5371-026-001,MA,UT,AGE,2025-04-01,,ACTIVE,90949389,44.88,SH-599497
P-01393,C-01071,Cardinal Mutual,H7252-005,MA,UT,AGE,2022-04-01,,ACTIVE,37231783,45.37,CM-726077
P-01394,C-01072,Harborline,H3504-027,MA,UT,AGE,2025-02-01,2026-02-28,TERMINATED,37231783,58.02,HL-128867
P-01395,C-01072,Summit Health Plans,R2827-023,MA,UT,AGE,2026-03-01,,ACTIVE,37231783,18.56,SH-813085
P-01396,C-01073,Harborline,H3504-008,MA,VA,AGE,2023-10-01,,ACTIVE,78490893,8.73,HL-222104
P-01397,C-01074,Meridian Care,S3927-001,PDP,AR,AGE,2024-10-01,,ACTIVE,44524491,34.56,MC-144085
P-01398,C-01075,Summit Health Plans,H5371-019,MA,AR,AGE,2025-02-01,,ACTIVE,44524491,42.96,SH-914466
P-01399,C-01076,Summit Health Plans,H9797-011-001,MA,UT,AGE,2024-11-01,,ACTIVE,97102525,6.43,SH-835663
P-01400,C-01077,Cardinal Mutual,H7252-022,MA,UT,AGE,2022-05-01,,ACTIVE,97102525,57.03,CM-171461
P-01401,C-01078,Summit Health Plans,H5371-017-003,MA,CT,AGE,2024-06-01,2026-04-30,XFER,29898923,40.42,SH-248644
P-01402,C-01078,Bluepeak,H4593-014-003,MA,CT,AGE,2026-05-01,,ACTIVE,29898923,4.01,BP-934269
P-01403,C-01079,Summit Health Plans,H9797-020,MA,CT,AGE,2024-08-01,,ACTIVE,29898923,10.57,SH-467418
P-01404,C-01080,Summit Health Plans,H5371-030,MA,MO,AGE,2022-11-01,,ACTIVE,33857966,26.43,SH-949927
P-01405,C-01081,Cardinal Mutual,H7252-017,MA,OR,AGE,2025-05-01,,ACTIVE,74197857,44.68,CM-349282
P-01406,C-01082,Summit Health Plans,L,MEDSUPP,NY,AGE,2024-06-01,,ACTIVE,97102525,143.99,SH-732921
P-01407,C-01082,Summit Health Plans,S8123-012,PDP,NY,AGE,2024-06-01,,ACTIVE,97102525,83.07,SH-215676
P-01408,C-01083,Northwind Health,R8019-016-003,MA,VA,AGE,2023-07-01,,ACTIVE,78490893,18.68,NW-601095
P-01409,C-01084,Meridian Care,H3591-023-001,MA,OH,AGE,2022-07-01,,ACTIVE,1884412,9.31,MC-888678
P-01410,C-01085,Meridian Care,N,MEDSUPP,MT,AGE,2024-10-01,,ACTIVE,97102525,236.92,MC-940042
P-01411,C-01085,Meridian Care,S9201-019,PDP,MT,AGE,2024-10-01,,ACTIVE,97102525,44.70,MC-974579
P-01412,C-01086,Northwind Health,H5040-019-003,MA,MT,AGE,2022-01-01,,ACTIVE,97102525,3.10,NW-837328
P-01413,C-01087,Meridian Care,H8433-012,MA,LA,AGE,2025-03-01,2026-02-28,TERMINATED,7150444,21.92,MC-698636
P-01414,C-01087,Bluepeak,R9085-019-001,MA,LA,AGE,2026-03-01,,ACTIVE,7150444,1.57,BP-390640
P-01415,C-01088,Northwind Health,76542GA3713050,ACA,GA,,2026-01-01,,ACTIVE,61291817,472.79,NW-120650
P-01416,C-01089,Bluepeak,H4593-012-001,MA,GA,AGE,2024-11-01,2025-12-31,TERMINATED,61291817,3.67,BP-439944
P-01417,C-01089,Northwind Health,H5040-011-001,MA,GA,AGE,2026-01-01,,ACTIVE,61291817,7.85,NW-958630
P-01418,C-01090,Harborline,91959GA2548215,ACA,GA,,2024-01-01,,ACTIVE,61855700,349.63,HL-779089
P-01419,C-01091,Bluepeak,H3266-023,MA,GA,AGE,2024-02-01,,ACTIVE,61855700,18.28,BP-864648
P-01420,C-01092,Cardinal Mutual,H7252-028,MA,TX,AGE,2026-03-01,,ACTIVE,37231783,6.09,CM-803962
P-01421,C-01093,Cardinal Mutual,H8668-007,MA,ID,AGE,2025-12-01,,ACTIVE,43339391,56.18,CM-326253
P-01422,C-01094,Summit Health Plans,H9797-002,MA,ID,ESRD,2024-10-01,,ACTIVE,43339391,23.02,SH-938072
P-01423,C-01095,Summit Health Plans,H5371-016,MA,CA,AGE,2024-02-01,,ACTIVE,43339391,14.42,SH-649459
P-01424,C-01096,Cardinal Mutual,A,MEDSUPP,CA,DISABILITY,2023-07-01,,ACTIVE,43339391,163.16,CM-862473
P-01425,C-01096,Cardinal Mutual,S1188-018,PDP,CA,DISABILITY,2023-07-01,,ACTIVE,43339391,41.36,CM-152131
P-01426,C-01097,Harborline,H3504-025,MA,UT,AGE,2024-05-01,,ACTIVE,37231783,40.25,HL-205881
P-01427,C-01098,Cardinal Mutual,H7252-008,MA,LA,AGE,2024-10-01,2026-02-28,TERMINATED,7150444,38.47,CM-837679
P-01428,C-01098,Summit Health Plans,H9797-022,MA,LA,AGE,2026-03-01,,ACTIVE,7150444,16.38,SH-204251
P-01429,C-01099,Harborline,H2796-011,MA,LA,AGE,2023-12-01,,ACTIVE,7150444,24.23,HL-718506
P-01430,C-01100,Summit Health Plans,93748UT8024716,ACA,UT,,2026-01-01,,ACTIVE,90949389,327.08,SH-424907
P-01431,C-01101,Meridian Care,S3927-011-002,PDP,ID,AGE,2025-09-01,,ACTIVE,5265799,49.47,MC-533389
P-01432,C-01102,Harborline,H3504-028,MA,PA,AGE,2022-03-01,,ACTIVE,1884412,8.36,HL-293412
P-01433,C-01103,Northwind Health,76542PA4402249,ACA,PA,,2025-01-01,2025-12-31,TERMINATED,1884412,284.07,NW-641676
P-01434,C-01103,Harborline,91959PA8503380,ACA,PA,,2026-01-01,,ACTIVE,1884412,165.69,HL-453175
P-01435,C-01104,Bluepeak,K,MEDSUPP,WV,AGE,2026-04-01,,ACTIVE,7150444,117.16,BP-442239
P-01436,C-01104,Bluepeak,S1771-027-002,PDP,WV,AGE,2026-04-01,,ACTIVE,7150444,51.17,BP-417452
P-01437,C-01105,Summit Health Plans,H5371-022,MA,AL,AGE,2022-05-01,2023-11-30,TERMINATED,1884412,31.18,SH-761964
P-01438,C-01105,Meridian Care,H3591-020,MA,AL,AGE,2023-12-01,,ACTIVE,1884412,20.36,MC-802059
P-01439,C-01106,Cardinal Mutual,K,MEDSUPP,CO,AGE,2025-11-01,,ACTIVE,7150444,273.56,CM-679035
P-01440,C-01106,Cardinal Mutual,S1188-010,PDP,CO,AGE,2025-11-01,,ACTIVE,7150444,15.38,CM-147465
P-01441,C-01107,Cardinal Mutual,H8668-001,MA,CO,AGE,2023-08-01,,ACTIVE,29898923,46.90,CM-881021
P-01441,C-01107,Cardinal Mutual,H8668-001,MA,CO,AGE,2023-08-01,,ACTIVE,29898923,46.90,CM-881021
P-01442,C-01108,Meridian Care,L,MEDSUPP,WA,AGE,2023-09-01,,ACTIVE,99847493,286.49,MC-381850
P-01443,C-01108,Meridian Care,S3927-024,PDP,WA,AGE,2023-09-01,,ACTIVE,99847493,48.86,MC-128648
P-01444,C-01109,Northwind Health,H5040-008,MA,WI,AGE,2023-08-01,,ACTIVE,61291817,13.74,NW-547351
P-01445,C-01110,Bluepeak,H4593-002-002,MA,MN,AGE,2023-09-01,,ACTIVE,11576383,23.01,BP-562225
P-01446,C-01111,Harborline,91959TX8669869,ACA,TX,,2025-01-01,2025-12-31,TERMINATED,90949389,240.88,HL-589996
P-01447,C-01111,Northwind Health,76542TX4134851,ACA,TX,,2026-01-01,,ACTIVE,90949389,681.21,NW-947379
P-01448,C-01112,Northwind Health,H5040-015,MA,TX,ESRD,2024-05-01,,ACTIVE,90949389,8.73,NW-701604
P-01449,C-01113,Bluepeak,S1771-025-001,PDP,TX,AGE,2023-12-01,,ACTIVE,99847493,9.34,BP-958305
P-01450,C-01114,Northwind Health,H9830-025-003,MA,TX,AGE,2026-01-01,,ACTIVE,99847493,35.02,NW-828205
P-01451,C-01115,Summit Health Plans,S8123-030-001,PDP,MO,AGE,2023-06-01,,ACTIVE,29898923,68.98,SH-561707
P-01452,C-01116,Meridian Care,R1053-030,MA,MO,AGE,2024-02-01,,ACTIVE,29898923,30.39,MC-886552
P-01453,C-01117,Meridian Care,76540VA5497182,ACA,VA,,2026-01-01,,ACTIVE,78O90893,622.67,MC-609605
P-01454,C-01118,Harborline,91959ME5404850,ACA,ME,,2024-01-01,2026-09-28,ACTIVE,94702683,315.33,HL-733693
P-01455,C-01119,Northwind Health,H5040-001,MA,DC,ESRD,2025-05-01,2026-09-07,ACTIVE,6831819,3.84,NW-805257
P-01456,C-01120,Harborline,H3504-022,MA,DC,AGE,2022-05-01,2023-07-31,TERMINATED,6831819,38.19,HL-758607
P-01457,C-01120,Bluepeak,H3266-011,MA,DC,AGE,2023-08-01,,ACTIVE,6831819,59.36,BP-539343
P-01458,C-01121,Harborline,H3504-020,MA,OH,AGE,2023-01-01,2025-01-31,N/A,37231783,19.55,HL-544135
P-01459,C-01121,Meridian Care,H3591-014,MA,OH,AGE,2025-02-01,,ACTIVE,37231783,37.88,MC-555653
P-01460,C-01122,Harborline,R7916-028,MA,IL,AGE,2024-06-01,2026-02-28,TERMINATED,4356886,13.55,HL-295559
P-01461,C-01122,Cardinal Mutual,H8668-025,MA,IL,AGE,2026-03-01,,ACTIVE,4356886,21.07,CM-370677
P-01462,C-01123,Northwind Health,76542KY5186009,ACA,KY,,2024-01-01,,ACTIVE,43339391,441.71,NW-331511
P-01463,C-01124,Harborline,B,MEDSUPP,LA,DISABILITY,2022-04-01,,ACTIVE,7150444,122.10,HL-821520
P-01464,C-01124,Harborline,S7304-013-003,PDP,LA,DISABILITY,2022-04-01,,ACTIVE,7150444,43.56,HL-590693
P-01465,C-01125,Cardinal Mutual,N,MEDSUPP,ID,AGE,2024-08-01,,ACTIVE,5265799,239.21,CM-935353
P-01466,C-01125,Cardinal Mutual,S2876-016,PDP,ID,AGE,2024-08-01,,ACTIVE,5265799,56.74,CM-900735
P-01467,C-01126,Harborline,H3504-028,MA,ID,AGE,2022-10-01,,ACTIVE,5265799,35.31,HL-209128
P-01468,C-01127,Bluepeak,H4593-029,MA,NY,AGE,2026-03-01,,ACTIVE,97102525,38.64,BP-816126
P-01469,C-01128,Cardinal Mutual,H7252-014,MA,SD,AGE,2024-11-01,,ACTIVE,90949389,55.85,CM-851273
P-01470,C-01129,Harborline,H2796-005,MA,SD,AGE,2025-04-01,,ACTIVE,90949389,35.16,HL-281317
P-01471,C-01130,Bluepeak,23947ID8874259,ACA,ID,,2025-01-01,2025-12-31,TERMINATED,77125617,452.66,BP-102957
P-01472,C-01130,Harborline,91959ID4558647,ACA,ID,,2026-01-01,,ACTIVE,77125617,336.57,HL-959071
P-01473,C-01131,Meridian Care,H3591-009-001,MA,WI,AGE,2025-11-01,,ACTIVE,61291817,30.62,MC-391974
P-01474,C-01132,Meridian Care,H8433-005,MA,WI,AGE,2026-11-01,,XFER,61291817,47.52,MC-532929
P-01475,C-01133,Bluepeak,H3266-017,MA,SD,AGE,2025-05-01,,ACTIVE,90949389,44.91,BP-302486
P-01476,C-01134,Harborline,H3504-027,MA,IL,AGE,2026-05-01,,ACTIVE,44524491,14.87,HL-585497
P-01477,C-01135,Meridian Care,R5315-003,MA,IL,AGE,2022-01-01,,ACTIVE,44524491,25.35,MC-966980
P-01478,C-01136,Cardinal Mutual,R9669-001,MA,MT,AGE,2022-07-01,2024-06-30,TERMINATED,97102525,58.05,CM-420287
P-01479,C-01136,Harborline,H2796-015,MA,MT,AGE,2024-07-01,,ACTIVE,97102525,20.48,HL-440932
P-01480,C-01137,Summit Health Plans,N,MEDSUPP,OR,AGE,2022-01-01,,ACTIVE,74197857,179.22,SH-580778
P-01481,C-01137,Summit Health Plans,S5808-005,PDP,OR,AGE,2022-01-01,,ACTIVE,74197857,88.16,SH-766495
P-01482,C-01138,Cardinal Mutual,H8668-023,MA,OR,AGE,2025-03-01,2026-02-28,??,74197857,32.27,CM-151001
P-01483,C-01138,Bluepeak,H3266-024,MA,OR,AGE,2026-03-01,,ACTIVE,74197857,44.31,BP-644262
P-01484,C-01139,Summit Health Plans,H5371-026,MA,OH,AGE,2024-08-01,,ACTIVE,1884412,22.66,SH-427819
P-01485,C-01140,Harborline,N,MEDSUPP,OH,AGE,2025-05-01,,ACTIVE,1884412,304.36,HL-343541
P-01486,C-01140,Harborline,S7304-019-002,PDP,OH,AGE,2025-05-01,,ACTIVE,1884412,22.87,HL-822856
P-01487,C-01141,Bluepeak,H4593-013,MA,IN,AGE,2026-01-01,,ACTIVE,4356886,39.07,BP-651810
P-01488,C-01142,Cardinal Mutual,49117IN1641846,ACA,IN,,2025-01-01,2025-12-31,TERMINATED,4356886,760.75,CM-588313
P-01489,C-01142,Summit Health Plans,93748IN1575706,ACA,IN,,2026-01-01,,ACTIVE,4356886,403.36,SH-431667
P-01490,C-01143,Bluepeak,H3266-011-001,MA,AR,AGE,2025-11-01,,ACTIVE,44524491,16.02,BP-266327
P-01491,C-01144,Northwind Health,76542KY3160400,ACA,KY,,2025-01-01,2025-12-31,See notes,94702683,333.04,NW-234174
P-01492,C-01144,Harborline,91959KY4493581,ACA,KY,,2026-01-01,,ACTIVE,94702683,781.86,HL-610969
P-01493,C-01145,Cardinal Mutual,S1188-025,PDP,MI,AGE,2023-06-01,,ACTIVE,13981052,31.23,CM-213008
P-01494,C-01146,Meridian Care,S9201-012-003,PDP,MI,AGE,2024-11-01,,ACTIVE,13981052,68.27,MC-410420
P-01495,C-01147,Meridian Care,H3591-008,MA,LA,AGE,2026-04-01,,ACTIVE,7150444,52.93,MC-243548
P-01496,C-01148,Summit Health Plans,H5371-022,MA,IL,AGE,2024-11-01,,ACTIVE,7150444,1.91,SH-519861
P-01497,C-01149,Summit Health Plans,H5371-029,MA,IL,AGE,2023-08-01,,ACTIVE,7150444,13.40,SH-220067
P-01498,C-01150,Northwind Health,H9830-002-001,MA,IL,AGE,2023-03-01,,ACTIVE,7150444,4.55,NW-686390
P-01499,C-01151,Bluepeak,H4593-003,MA,IA,AGE,2024-09-01,,ACTIVE,1884412,13.71,BP-541857
P-01500,C-01152,Harborline,H2796-015,MA,GA,AGE,2025-05-01,2026-04-30,TERMINATED,10583482,45.06,HL-588401
P-01501,C-01152,Cardinal Mutual,H8668-001,MA,GA,AGE,2026-05-01,,ACTIVE,10583482,36.16,CM-103778
P-01502,C-01153,Summit Health Plans,G,MEDSUPP,CT,AGE,2026-04-01,,ACTIVE,29898923,257.98,SH-935346
P-01503,C-01153,Summit Health Plans,S8123-022,PDP,CT,AGE,2026-04-01,,ACTIVE,29898923,16.66,SH-841808
P-01504,C-01154,Meridian Care,H8433-028,MA,CT,AGE,2025-06-01,,ACTIVE,29898923,47.28,MC-978825
P-01505,C-01155,Summit Health Plans,H9797-017,MA,AR,AGE,2022-06-01,,ACTIVE,44524491,36.04,SH-102897
P-01506,C-01156,Meridian Care,H8433-023,MA,GA,AGE,2024-03-01,,ACTIVE,61855700,12.42,MC-779599
P-01507,C-01157,Meridian Care,H3591-012-001,MA,GA,AGE,2023-12-01,2024-11-30,TERMINATED,61855700,54.48,MC-403101
P-01508,C-01157,Summit Health Plans,H9797-023-003,MA,GA,AGE,2024-12-01,,ACTIVE,61855700,55.92,SH-747782
P-01509,C-01158,Bluepeak,H3266-022,MA,TX,AGE,2023-11-01,,ACTIVE,99847493,53.12,BP-273815
P-01510,C-01159,Cardinal Mutual,H8668-025-003,MA,KS,AGE,2024-05-01,,ACTIVE,13981052,0.39,CM-978164
P-01511,C-01160,Harborline,H3504-024,MA,NE,AGE,2023-02-01,,ACTIVE,99366868,3.69,HL-806572
P-01512,C-01161,Meridian Care,H8433-014,MA,MO,AGE,2026-04-01,,ACTIVE,32244663,55.49,MC-544901
P-01513,C-01162,Bluepeak,23947MO5988893,ACA,MO,,2024-01-01,,ACTIVE,32244663,690.08,BP-223505
P-01513,C-01162,Bluepeak,23947MO5988893,ACA,MO,,2024-01-01,,ACTIVE,32244663,702.08,BP-223505
P-01514,C-01163,Harborline,H2796-027,MA,CA,AGE,2023-10-01,,ACTIVE,43339391,47.05,HL-642157
P-01515,C-01164,Cardinal Mutual,H7252-015-002,MA,GA,AGE,2025-08-01,,ACTIVE,10583482,15.00,CM-623277
P-01516,C-01165,Cardinal Mutual,H7252-009,MA,GA,AGE,2023-05-01,,ACTIVE,10583482,0.34,CM-221159
P-01517,C-01166,Harborline,H3504-024,MA,IA,AGE,2023-07-01,,ACTIVE,1884412,54.81,HL-466448
P-01518,C-01167,Cardinal Mutual,H7252-027-001,MA,CO,AGE,2022-09-01,2022-06-20,TERMINATED,5265799,36.04,CM-807985
P-01519,C-01167,Bluepeak,H4593-010-002,MA,CO,AGE,2024-05-01,,ACTIVE,5265799,24.43,BP-578746
P-01520,C-01168,Meridian Care,76540CO0240522,ACA,CO,,2026-01-01,,ACTIVE,5265799,794.27,MC-670981
P-01521,C-01169,Summit Health Plans,H9797-006-001,MA,VT,AGE,2025-05-01,,ACTIVE,10583482,54.29,SH-648731
P-01522,C-01170,Northwind Health,H5040-027,MA,VA,AGE,2023-04-01,,ACTIVE,78490893,50.53,NW-666644
P-01523,C-01171,Summit Health Plans,93748KY7322898,ACA,KY,,2025-01-01,,ACTIVE,32244663,534.01,SH-232934
P-01524,C-01172,Cardinal Mutual,H7252-014,MA,NE,AGE,2023-06-01,,ACTIVE,54100814,14.90,CM-798181
P-01525,C-01173,Harborline,F,MEDSUPP,NE,AGE,2022-04-01,,ACTIVE,54100814,159.78,HL-456156
P-01526,C-01173,Harborline,S7304-007,PDP,NE,AGE,2022-04-01,,ACTIVE,54100814,14.97,HL-231939
P-01527,C-01174,Northwind Health,76542ME2556730,ACA,ME,,2025-01-01,,ACTIVE,94702683,583.93,NW-458804
P-01528,C-01175,Summit Health Plans,H5371-013,MA,ME,AGE,2026-03-01,,ACTIVE,94702683,52.83,SH-582591
P-01529,C-01176,Summit Health Plans,H5371-001,MA,TX,DISABILITY,2023-10-01,,ACTIVE,90949389,0.86,SH-791258
P-01530,C-01177,Summit Health Plans,H9797-024-001,MA,MT,AGE,2023-03-01,2024-09-30,TERMINATED,97102525,41.33,SH-623028
P-01531,C-01177,Northwind Health,H5040-012-001,MA,MT,AGE,2024-10-01,,ACTIVE,97102525,34.75,NW-676427
P-01532,C-01178,Bluepeak,H3266-003,MA,MT,AGE,2022-02-01,,ACTIVE,97102525,26.11,BP-499477
P-01533,C-01179,Harborline,91959UT6171407,ACA,UT,,2026-01-01,,ACTIVE,37231783,183.31,HL-459245
P-01534,C-01180,Bluepeak,H3266-005-003,MA,UT,AGE,2023-11-01,,ACTIVE,37231783,5.05,BP-575142
P-01535,C-01181,Cardinal Mutual,B,MEDSUPP,AR,AGE,2026-01-01,,ACTIVE,44524491,175.87,CM-585731
P-01536,C-01181,Cardinal Mutual,S1188-010-003,PDP,AR,AGE,2026-01-01,,ACTIVE,44524491,14.28,CM-297711
P-01537,C-01182,Bluepeak,H4593-012,MA,AR,AGE,2023-05-01,2024-06-30,TERMINATED,44524491,58.85,BP-970793
P-01538,C-01182,Harborline,H3504-019,MA,AR,AGE,2024-07-01,,ACTIVE,44524491,46.54,HL-164100
P-01539,C-01183,Summit Health Plans,93748MI9971428,ACA,MI,,2024-01-01,,ACTIVE,13981052,263.98,SH-919701
P-01540,C-01184,Bluepeak,H4593-001,MA,KY,AGE,2023-07-01,,ACTIVE,61291817,13.55,BP-749326
P-01541,C-01185,Northwind Health,R5304-017-003,MA,MD,AGE,2023-01-01,,ACTIVE,77125617,12.62,NW-173508
P-01542,C-01186,Summit Health Plans,H5371-010,MA,KY,AGE,2025-01-01,2024-12-16,TERMINATED,61291817,2.92,SH-436655
P-01543,C-01186,Northwind Health,H5040-001-001,MA,KY,AGE,2026-01-01,,ACTIVE,61291817,20.39,NW-385664
P-01544,C-01187,Meridian Care,H3591-022-001,MA,NE,AGE,2026-01-01,,ACTIVE,33857966,40.75,MC-773699
P-01545,C-01188,Cardinal Mutual,H8668-013-003,MA,NE,AGE,2024-04-01,2025-09-30,TERMINATED,33857966,48.92,CM-977970
P-01546,C-01188,Summit Health Plans,H9797-028,MA,NE,AGE,2025-10-01,,ACTIVE,33857966,58.63,SH-243576
P-01547,C-01189,Northwind Health,H9830-010,MA,WI,AGE,2023-02-01,,ACTIVE,61291817,23.37,NW-829646
P-01548,C-01190,Summit Health Plans,H5371-026,MA,MD,AGE,2025-07-01,,ACTIVE,77125617,1.96,SH-325203
P-01549,C-01191,Summit Health Plans,H5371-017,MA,SD,AGE,2023-12-01,,ACTIVE,90949389,35.28,SH-873905
P-01550,C-01192,Northwind Health,H9830-001-003,MA,SD,AGE,2024-02-01,,ACTIVE,90949389,42.01,NW-208463
P-01551,C-01193,Northwind Health,H5040-013,MA,KS,AGE,2024-01-01,,ACTIVE,54100814,1.81,NW-920714
P-01552,C-01194,Northwind Health,H9830-021-003,MA,KS,AGE,2026-04-01,,ACTIVE,54100814,56.19,NW-430050
P-01553,C-01195,Meridian Care,H3591-013,MA,NE,DISABILITY,2025-09-01,,ACTIVE,6831819,43.44,MC-343011
P-01554,C-94190,Meridian Care,76540NE7566213,ACA,NE,,2025-01-01,2025-12-31,TERMINATED,6831819,178.14,MC-928368
P-01555,C-01196,Summit Health Plans,93748NE3249389,ACA,NE,,2026-01-01,,ACTIVE,6831819,489.00,SH-130803
P-01556,C-01197,Cardinal Mutual,H8668-006-003,MA,NE,AGE,2025-12-01,,CANCELLED,6831819,39.89,CM-698120
P-01557,C-01198,Northwind Health,H5040-021-003,MA,NJ,AGE,2024-09-01,,ACTIVE,77125617,36.60,NW-314636
P-01558,C-01199,Cardinal Mutual,H7252-002,MA,NJ,AGE,2025-03-01,,ACTIVE,77125617,7.41,CM-566570
P-01559,C-01200,Bluepeak,H3266-006-001,MA,KY,AGE,2026-02-01,,ACTIVE,32244663,55.25,BP-660857
P-01560,C-01201,Harborline,H2796-027,MA,KY,AGE,2022-07-01,2023-11-30,TERMINATED,32244663,42.98,HL-591513
P-01561,C-01201,Northwind Health,H9830-003,MA,KY,AGE,2023-12-01,,ACTIVE,32244663,59.10,NW-102127
P-01562,C-01202,Meridian Care,S3927-023,PDP,DE,AGE,2025-11-01,,ACTIVE,54100814,35.26,MC-352890
P-01563,C-01203,Cardinal Mutual,49117DE7692205,ACA,DE,,2026-01-01,,ACTIVE,54100814,156.20,CM-159250
P-01564,C-01204,Cardinal Mutual,S1188-005,PDP,GA,AGE,2025-07-01,,ACTIVE,10583482,75.51,CM-478101
P-01565,C-01205,Meridian Care,B,MEDSUPP,GA,AGE,2026-01-01,,ACTIVE,10583482,96.93,MC-568732
P-01566,C-01205,Meridian Care,S3927-017-001,PDP,GA,AGE,2026-01-01,,ACTIVE,35278047,14.95,MC-653364
P-01567,C-01206,Meridian Care,H8433-030,MA,NE,AGE,2024-08-01,,ACTIVE,54100814,56.04,MC-284551
P-01568,C-01207,Northwind Health,S6930-016,PDP,NE,AGE,2024-09-01,,CANCELLED,54100814,83.09,NW-705442
P-01569,C-01208,Bluepeak,H4593-015,MA,DE,AGE,2023-03-01,,ACTIVE,4356886,21.12,BP-913233
P-01570,C-01209,Harborline,H3504-020,MA,NE,AGE,2025-11-01,,ACTIVE,54100814,17.11,HL-303552
P-01571,C-01210,Summit Health Plans,H9797-023-001,MA,NE,AGE,2023-10-01,,ACTIVE,54100814,38.62,SH-964605
P-01572,C-01211,Meridian Care,H8433-029-003,MA,IN,AGE,2024-02-01,,ACTIVE,4356886,44.84,MC-756342
P-01573,C-01212,Meridian Care,F,MEDSUPP,IN,AGE,2023-12-01,,ACTIVE,4356886,190.65,MC-417143
P-01574,C-01212,Meridian Care,S9201-004,PDP,IN,AGE,2023-12-01,,ACTIVE,4356886,65.23,MC-613243
P-01575,C-01213,Summit Health Plans,H5371-030-002,MA,KY,AGE,2025-05-01,,ACTIVE,94702683,55.45,SH-804779
P-01576,C-01214,Bluepeak,23947KY1587176,ACA,KY,,2024-01-01,,ACTIVE,94702683,818.21,BP-492304
P-01577,C-01215,Meridian Care,76540ID8791397,ACA,ID,,2025-01-01,,ACTIVE,43339391,680.56,MC-768882
P-01578,C-01216,Bluepeak,H3266-006-002,MA,VA,AGE,2023-10-01,,ACTIVE,78490893,12.50,BP-208174
P-01579,C-01217,Cardinal Mutual,H7252-017-002,MA,SC,AGE,2023-12-01,,ACTIVE,11576383,40.18,CM-327751
P-01580,C-01218,Harborline,R7916-022-001,MA,TX,AGE,2024-05-01,,ACTIVE,99847493,32.06,HL-105335
P-01581,C-01219,Harborline,H2796-026-002,MA,MO,AGE,2025-04-01,,ACTIVE,33857966,50.49,HL-803484
P-01582,C-01220,Harborline,H2796-023,MA,MO,AGE,2025-01-01,,ACTIVE,33857966,19.15,HL-665771
P-01583,C-01221,Harborline,H2796-015,MA,MO,AGE,2026-04-01,,ACTIVE,33857966,22.40,HL-357437
P-01584,C-01222,Bluepeak,H3266-025,MA,LA,AGE,2025-03-01,2026-04-30,TERMINATED,11576383,19.02,BP-475733
P-01585,C-01222,Cardinal Mutual,H8668-006,MA,LA,AGE,2026-05-01,,ACTIVE,11576383,9.18,CM-295732
P-01586,C-01223,Harborline,H2796-022-002,MA,ID,AGE,2024-05-01,2025-10-31,TERMINATED,43339391,6.71,HL-546724
P-01587,C-01223,Northwind Health,H5040-025-002,MA,ID,AGE,2025-11-01,,ACTIVE,43339391,19.47,NW-862340
P-01588,C-01224,Meridian Care,76540ID8434048,ACA,ID,,2025-01-01,,ACTIVE,43339391,241.92,MC-769488
P-01589,C-01225,Summit Health Plans,H5371-007,MA,AR,AGE,2022-02-01,2023-11-30,TERMINATED,44524491,42.48,SH-112123
P-01590,C-01225,Northwind Health,H9830-028-002,MA,AR,AGE,2023-12-01,,ACTIVE,44524491,38.14,NW-199275
P-01590,C-01225,Northwind Health,H9830-028-002,MA,AR,AGE,2023-12-01,,ACTIVE,44524491,38.14,NW-199275
P-01591,C-01226,Meridian Care,R5315-018-003,MA,AR,AGE,2026-01-01,,ACTIVE,44524491,35.88,MC-185442
P-01592,C-01227,Northwind Health,N,MEDSUPP,WV,DISABILITY,2023-02-01,,ACTIVE,7150444,181.56,NW-704490
P-01593,C-01227,Northwind Health,S7543-002,PDP,WV,DISABILITY,2023-02-01,,ACTIVE,7150444,48.44,NW-143357
P-01594,C-01228,Cardinal Mutual,H8668-026-001,MA,WV,AGE,2024-01-01,,CANCELLED,7150444,10.75,CM-855829
P-01595,C-01229,Northwind Health,H5040-028,MA,WV,AGE,2022-08-01,2023-12-31,TERMINATED,7150444,55.66,NW-744435
P-01596,C-01229,Meridian Care,H8433-012-001,MA,WV,AGE,2024-01-01,,ACTIVE,7150444,47.81,MC-881755
P-01597,C-01230,Harborline,H2796-003,MA,ID,AGE,2023-07-01,,ACTIVE,61855700,11.54,HL-891186
P-01598,C-01231,Summit Health Plans,H5371-009-003,MA,WI,AGE,2026-04-01,,ACTIVE,61291817,22.97,SH-693535
P-01599,C-01232,Meridian Care,H3591-020,MA,KY,AGE,2025-01-01,,ACTIVE,4356886,22.46,MC-181971
P-01600,C-01233,Cardinal Mutual,S2876-016,PDP,AL,AGE,2022-07-01,,ACTIVE,1884412,27.77,CM-649911
P-01601,C-01234,Harborline,R7916-026,MA,ID,AGE,2025-11-01,,ACTIVE,5265799,32.76,HL-675030
P-01602,C-01235,Harborline,91959ID6349822,ACA,ID,,2025-01-01,,ACTIVE,5265799,356.30,HL-979951
P-01603,C-01236,Summit Health Plans,S8123-020,PDP,NE,AGE,2022-01-01,,ACTIVE,54100814,68.97,SH-165555
P-01604,C-01237,Harborline,H2796001-001,MA,IL,AGE,2023-03-01,,ACTIVE,97102525,49.52,HL-189335
P-01605,C-01238,Meridian Care,H8433-019,MA,IL,AGE,2025-08-01,,ACTIVE,97102525,44.56,MC-258471
P-01606,C-01239,Meridian Care,76540TX8674575,ACA,TX,,2026-01-01,,ACTIVE,99847493,255.91,MC-626645
P-01607,C-01240,Bluepeak,N,MEDSUPP,AR,AGE,2024-03-01,,ACTIVE,44524491,254.58,BP-648068
P-01608,C-01240,Bluepeak,S2489-007,PDP,AR,AGE,2024-03-01,,ACTIVE,44524491,85.93,BP-963989
P-01609,C-01241,Northwind Health,76542AR1134281,ACA,AR,,2025-01-01,,ACTIVE,44524491,760.71,NW-651956
P-01610,C-01242,Summit Health Plans,H5371-011,MA,IL,AGE,2022-09-01,,ACTIVE,97102525,57.89,SH-830120
P-01611,C-01243,Harborline,H2796-001-002,MA,KY,AGE,2025-05-01,,ACTIVE,32244663,52.06,HL-958824
P-01612,C-01244,Harborline,N,MEDSUPP,KY,AGE,2025-08-01,,ACTIVE,4356886,164.41,HL-958456
P-01613,C-01244,Harborline,S7304-006-002,PDP,KY,AGE,2025-08-01,,ACTIVE,4356886,75.80,HL-982901
P-01614,C-01245,Bluepeak,23947KY4940769,ACA,KY,,2025-01-01,,ACTIVE,4356886,545.21,BP-728889
P-01615,C-01246,Harborline,N,MEDSUPP,MI,AGE,2025-03-01,,ACTIVE,61855700,239.53,HL-558337
P-01616,C-01246,Harborline,S2040-017,PDP,MI,AGE,2025-03-01,,ACTIVE,61855700,25.90,HL-614897
P-01617,C-01247,Bluepeak,G,MEDSUPP,MI,AGE,2025-09-01,,ACTIVE,61855700,192.30,BP-867385
P-01618,C-01247,Bluepeak,S2489-026,PDP,MI,AGE,2025-09-01,,ACTIVE,61855700,69.93,BP-682563
P-01619,C-01248,Bluepeak,H4593-028,MA,MI,ESRD,2022-12-01,2025-12-31,TERMINATED,13981052,41.24,BP-535513
P-01620,C-01248,Meridian Care,H8433-025,MA,MI,ESRD,2026-01-01,,ACTIVE,13981052,36.07,MC-240156
P-01621,C-01249,Harborline,H2796-004,MA,MI,AGE,2022-03-01,,ACTIVE,13981052,14.88,HL-312215
P-01622,C-01250,Summit Health Plans,H9797-010,MA,IL,AGE,2024-06-01,,ACTIVE,44524491,45.80,SH-844825
P-01623,C-01251,Bluepeak,K,MEDSUPP,VA,AGE,2022-07-01,,ACTIVE,78490893,153.38,BP-822833
P-01624,C-01251,Bluepeak,S1771-006,PDP,VA,AGE,2022-07-01,,ACTIVE,78490893,85.09,BP-519167
P-01625,C-01252,Bluepeak,H3266-006-003,MA,VA,AGE,2023-11-01,,ACTIVE,78490893,35.41,BP-924833
P-01626,C-01253,Bluepeak,H3266-016,MA,IA,AGE,2023-07-01,,ACTIVE,1884412,50.66,BP-263875
P-01627,C-01254,Harborline,H2796-013-003,MA,IA,AGE,2025-10-01,,ACTIVE,1884412,37.20,HL-742878
P-01628,C-01255,Summit Health Plans,H5371-030,MA,VA,AGE,2025-01-01,,ACTIVE,78490893,29.74,SH-750588
P-01629,C-01256,Summit Health Plans,H5371-017,MA,ID,AGE,2022-01-01,,ACTIVE,5265799,45.20,SH-821273
P-01630,C-01257,Meridian Care,H8433-009,MA,ID,AGE,2023-07-01,2024-12-31,TERMINATED,5265799,22.24,MC-620286
P-01631,C-01257,Northwind Health,H5040-016,MA,ID,AGE,2025-01-01,,ACTIVE,5265799,32.40,NW-980444
P-01632,C-01258,Meridian Care,H8433-028-002,MA,ID,AGE,2025-05-01,,ACTIVE,43339391,26.19,MC-779240
P-01633,C-01259,Harborline,H2796-025,MA,MD,AGE,2024-05-01,,ACTIVE,77125617,39.48,HL-650478
P-01634,C-01260,Bluepeak,H3266-003,MA,MN,AGE,2023-03-01,2025-04-30,TERMINATED,11576383,28.81,BP-101371
P-01635,C-01260,Summit Health Plans,H5371-027-003,MA,MN,AGE,2025-05-01,,ACTIVE,11576383,2.40,SH-429489
P-01636,C-01261,Cardinal Mutual,49117MN9754707,ACA,MN,,2026-01-01,,ACTIVE,11576383,716.07,CM-315980
P-01637,C-01262,Cardinal Mutual,49117MI3297830,ACA,MI,,2024-01-01,,ACTIVE,13981052,897.60,CM-749415
P-01638,C-01263,Harborline,H3504-019-002,MA,CO,AGE,2024-02-01,,ACTIVE,29898923,51.92,HL-592130
P-01639,C-01264,Harborline,91959CO3606478,ACA,CO,,2025-01-01,2025-12-31,TERMINATED,29898923,571.30,HL-568909
P-01640,C-01264,Cardinal Mutual,49117CO4522997,ACA,CO,,2026-01-01,,ACTIVE,29898923,770.04,CM-653758
P-01641,C-01265,Northwind Health,H5040-029,MA,KY,AGE,2025-08-01,,ACTIVE,61291817,58.88,NW-518514
P-01642,C-01266,Northwind Health,H5040016,MA,KY,AGE,2024-09-01,2026-03-31,TERMINATED,61291817,47.41,NW-169350
P-01643,C-01266,Bluepeak,H3266-004,MA,KY,AGE,2026-04-01,2026-09-04,ACTIVE,61291817,2.45,BP-958437
P-01644,C-01267,Meridian Care,H3591-028,MA,CO,AGE,2023-10-01,,ACTIVE,29898923,23.84,MC-375062
P-01645,C-01268,Cardinal Mutual,49117CO9295937,ACA,CO,,2024-01-01,,ACTIVE,29O98923,813.28,CM-356752
P-01646,C-01269,Harborline,H2796-004,MA,CO,AGE,2025-10-01,,ACTIVE,29898923,29.62,HL-266674
P-01647,C-01270,Northwind Health,S6930-007,PDP,AR,AGE,2023-06-01,,ACTIVE,44524491,31.76,NW-127007
P-01648,C-01271,Bluepeak,H4593-026,MA,AR,AGE,2024-10-01,,ACTIVE,44524491,56.78,BP-134112
P-01649,C-01272,Northwind Health,H5040-025-001,MA,FL,AGE,2023-12-01,,ACTIVE,94702683,42.20,NW-244790
P-01650,C-01273,Northwind Health,H5040-019-003,MA,FL,AGE,2025-02-01,,ACTIVE,94702683,34.67,NW-863290
P-01651,C-01274,Cardinal Mutual,H7252-015-002,MA,NE,AGE,2023-07-01,,ACTIVE,6831819,33.83,CM-724594
P-01652,C-01275,Cardinal Mutual,H8668-009,MA,NE,AGE,2023-08-01,,ACTIVE,6831819,30.48,CM-702327
P-01653,C-01276,Meridian Care,H8433-030,MA,RI,AGE,2023-08-01,2026-01-31,TERMINATED,11576383,58.95,MC-986520
P-01654,C-01276,Northwind Health,H5040-022,MA,RI,AGE,2026-02-01,,ACTIVE,11576383,46.17,NW-457479
P-01655,C-01277,Bluepeak,G,MEDSUPP,ID,AGE,2023-12-01,,ACTIVE,43339391,182.74,BP-956724
P-01656,C-01277,Bluepeak,S2489-023,PDP,ID,AGE,2023-12-01,,ACTIVE,43339391,38.08,BP-389726
P-01657,C-01278,Bluepeak,H4593-007,MA,ID,AGE,2026-04-01,,ACTIVE,43339391,30.55,BP-932917
P-01658,C-01279,Northwind Health,76542SD8434612,ACA,SD,,2025-01-01,2025-12-31,TERMINATED,77125617,697.06,NW-896007
P-01659,C-01279,Bluepeak,23947SD4927520,ACA,SD,,2026-01-01,,ACTIVE,77125617,413.35,BP-183317
P-01660,C-01280,Bluepeak,H3266-002,MA,SD,AGE,2025-08-01,,ACTIVE,77125617,42.88,BP-703721
P-01660,C-01280,Bluepeak,H3266-002,MA,SD,AGE,2025-08-01,,ACTIVE,77125617,42.88,BP-703721
P-01661,C-01281,Northwind Health,G,MEDSUPP,UT,AGE,2025-01-01,,ACTIVE,90949389,290.24,NW-842562
P-01662,C-01281,Northwind Health,S7543-023-003,PDP,UT,AGE,2025-01-01,,ACTIVE,90949389,40.57,NW-698384
P-01663,C-01282,Meridian Care,76540KY1053339,ACA,KY,,2024-01-01,,ACTIVE,94702683,883.47,MC-658152
P-01664,C-01283,Meridian Care,S3927-010,PDP,KY,AGE,2022-12-01,,ACTIVE,61291817,83.76,MC-391602
P-01665,C-01284,Harborline,R7916-013,MA,NE,AGE,2024-05-01,2025-08-31,TERMINATED,54100814,43.12,HL-567522
P-01666,C-01284,Northwind Health,H9830-013,MA,NE,AGE,2025-09-01,,ACTIVE,54100814,49.95,NW-327778
P-01667,C-01285,Northwind Health,A,MEDSUPP,NE,AGE,2026-01-01,,ACTIVE,54100814,275.25,NW-944317
P-01668,C-01285,Northwind Health,S6930-013,PDP,NE,AGE,2026-01-01,,ACTIVE,54100814,73.53,NW-800104
P-01669,C-01286,Cardinal Mutual,A,MEDSUPP,NC,AGE,2023-03-01,,ACTIVE,74197857,178.42,CM-155819
P-01670,C-01286,Cardinal Mutual,S1188-007,PDP,NC,AGE,2023-03-01,,ACTIVE,74197857,89.32,CM-533768
P-01671,C-01287,Harborline,H2796-030-003,MA,PA,AGE,2022-04-01,,ACTIVE,13981052,32.40,HL-768154
P-01672,C-01288,Northwind Health,76542IL4284230,ACA,IL,,2025-01-01,,ACTIVE,44524491,719.36,NW-472382
P-01673,C-01289,Northwind Health,R8019-022-003,MA,IL,AGE,2023-09-01,,ACTIVE,44524491,53.85,NW-122756
P-01674,C-01290,Meridian Care,R1053-025,MA,LA,AGE,2024-08-01,,ACTIVE,7150444,22.86,MC-235116
P-01675,C-01291,Summit Health Plans,H9797-016,MA,AK,AGE,2026-05-01,,ACTIVE,61291817,1.55,SH-837453
P-01676,C-01292,Cardinal Mutual,H7252-004-001,MA,AK,AGE,2022-11-01,,ACTIVE,61291817,32.88,CM-676464
P-01677,C-01293,Bluepeak,S2489-029-002,PDP,MO,AGE,2022-03-01,,ACTIVE,32244663,72.80,BP-473086
P-01678,C-01294,Northwind Health,G,MEDSUPP,SD,AGE,2022-08-01,,ACTIVE,90949389,206.73,NW-884677
P-01679,C-01294,Northwind Health,S6930-018,PDP,SD,AGE,2022-08-01,,ACTIVE,90949389,84.86,NW-143693
P-01680,C-01295,Bluepeak,B,MEDSUPP,SD,AGE,2026-04-01,,ACTIVE,90949389,165.24,BP-897170
P-01681,C-01295,Bluepeak,S2489-001,PDP,SD,AGE,2026-04-01,,ACTIVE,90949389,65.71,BP-385887
P-01682,C-01296,Cardinal Mutual,H8668-021,MA,PA,AGE,2023-06-01,2024-10-31,XFER,13981052,56.04,CM-446992
P-01683,C-01296,Northwind Health,R5304-010-003,MA,PA,AGE,2024-11-01,,ACTIVE,13981052,5.63,NW-997784
P-01684,C-01297,Bluepeak,G,MEDSUPP,PA,AGE,2023-01-01,,ACTIVE,13981052,193.45,BP-605407
P-01685,C-01297,Bluepeak,S1771-023,PDP,PA,AGE,2023-01-01,,ACTIVE,13981052,54.58,BP-302907
P-01685,C-01297,Bluepeak,S1771-023,PDP,PA,AGE,2023-01-01,,ACTIVE,13981052,54.58,BP-302907
P-01686,C-01298,Meridian Care,S9201-018,PDP,ID,AGE,2023-10-01,,ACTIVE,77125617,41.69,MC-322475
P-01687,C-01299,Summit Health Plans,H9797-008,MA,NE,AGE,2026-05-01,,ACTIVE,54100814,58.77,SH-782056
P-01688,C-01300,Summit Health Plans,H9797-016,MA,ID,DISABILITY,2024-01-01,2025-11-30,TERMINATED,61855700,44.07,SH-779511
P-01689,C-01300,Harborline,H2796-015-003,MA,ID,DISABILITY,2025-12-01,,ACTIVE,61855700,9.06,HL-709187
P-01690,C-01301,Northwind Health,A,MEDSUPP,CO,AGE,2025-01-01,,ACTIVE,7150444,112.03,NW-785433
P-01691,C-01301,Northwind Health,S7543-028,PDP,CO,AGE,2025-01-01,,ACTIVE,7150444,37.16,NW-242537
P-01692,C-01302,Northwind Health,H9830-021,MA,SD,AGE,2022-09-01,,ACTIVE,77125617,53.74,NW-910453
P-01693,C-01303,Cardinal Mutual,49117SD3393701,ACA,SD,,2025-01-01,2025-12-31,TERMINATED,77125617,566.72,CM-723510
P-01694,C-01303,Harborline,91959SD6548876,ACA,SD,,2026-01-01,,ACTIVE,77125617,887.84,HL-819162
P-01695,C-01304,Harborline,H3504-007,MA,MO,AGE,2025-12-01,,ACTIVE,33857966,29.74,HL-667636
P-01696,C-01305,Northwind Health,S7543-027-001,PDP,NY,AGE,2024-07-01,,ACTIVE,10583482,18.14,NW-741344
P-01697,C-01306,Northwind Health,H5040-017,MA,WA,AGE,2023-02-01,,ACTIVE,99847493,59.28,NW-920958
P-01698,C-01307,Harborline,H2796-026,MA,MN,AGE,2025-12-01,,ACTIVE,11576383,10.44,HL-244121
P-01699,C-01308,Harborline,H3504-007-001,MA,FL,AGE,2026-01-01,,ACTIVE,94702683,24.72,HL-771863
P-01700,C-01309,Meridian Care,H3591-029,MA,KY,AGE,2023-12-01,2026-01-31,TERMINATED,61291817,50.11,MC-369045
P-01701,C-01309,Bluepeak,H3266-018,MA,KY,AGE,2026-02-01,,ACTIVE,61291817,30.93,BP-966945
P-01702,C-01310,Meridian Care,G,MEDSUPP,KY,AGE,2026-03-01,,ACTIVE,61291817,95.12,MC-414407
P-01703,C-01310,Meridian Care,S3927-009-002,PDP,KY,AGE,2026-03-01,,ACTIVE,61291817,36.61,MC-465751
P-01704,C-01311,Summit Health Plans,H5371-002-002,MA,MO,AGE,2026-03-01,,ACTIVE,33857966,15.45,SH-414119
P-01705,C-01312,Cardinal Mutual,R9669-005,MA,SC,AGE,2026-03-01,,ACTIVE,11576383,54.36,CM-362100
P-01706,C-01313,Cardinal Mutual,49117SC6426091,ACA,SC,,2025-01-01,,ACTIVE,11576383,231.34,CM-940368
P-01707,C-01314,Bluepeak,23947NE9574429,ACA,NE,,2025-01-01,2025-12-31,TERMINATED,6831819,838.76,BP-994679
P-01708,C-01314,Northwind Health,76542NE0863545,ACA,NE,,2026-01-01,,ACTIVE,6831819,728.67,NW-706171
P-01709,C-01315,Harborline,H3504-009,MA,ID,AGE,2025-11-01,,ACTIVE,5265799,9.98,HL-301059
P-01710,C-01316,Cardinal Mutual,A,MEDSUPP,CA,AGE,2025-11-01,,ACTIVE,43339391,145.84,CM-693304
P-01711,C-01316,Cardinal Mutual,S1188-024-002,PDP,CA,AGE,2025-11-01,,ACTIVE,43339391,54.81,CM-721437
P-01712,C-01317,Summit Health Plans,H5371-011-001,MA,CA,AGE,2024-02-01,2025-07-31,TERMINATED,43339391,12.60,SH-105999
P-01713,C-01317,Northwind Health,H5040-004,MA,CA,AGE,2025-08-01,,ACTIVE,43339391,36.88,NW-416639
P-01714,C-01318,Meridian Care,H3591-030,MA,AL,AGE,2024-06-01,,ACTIVE,1884412,34.10,MC-427335
P-01715,C-01319,Summit Health Plans,H9797-010,MA,AL,AGE,2024-02-01,,ACTIVE,1884412,14.99,SH-669528
P-01716,C-01320,Cardinal Mutual,H8668-013,MA,ID,AGE,2024-11-01,2026-01-31,TERMINATED,77125617,2.42,CM-426040
P-01717,C-01320,Bluepeak,R9348-021,MA,ID,AGE,2026-02-01,,ACTIVE,77125617,51.97,BP-793229
P-01718,C-01321,Bluepeak,23947VT1258941,ACA,VT,,2025-01-01,2025-12-31,TERMINATED,10583482,202.05,BP-570623
P-01719,C-01321,Cardinal Mutual,49117VT2994366,ACA,VT,,2026-01-01,,ACTIVE,10583482,532.87,CM-983779
P-01720,C-01322,Cardinal Mutual,S1188-019,PDP,IL,AGE,2024-02-01,,ACTIVE,4356886,34.14,CM-608974
P-01721,C-01323,Meridian Care,H3591-012-003,MA,FL,AGE,2024-07-01,,ACTIVE,54100814,37.40,MC-910835
P-01722,C-01324,Northwind Health,H5040-016-002,MA,FL,AGE,2025-11-01,,ACTIVE,54100814,39.27,NW-493170
P-01723,C-01325,Cardinal Mutual,49117KS6339854,ACA,KS,,2025-01-01,2025-12-31,TERMINATED,54100814,811.34,CM-536363
P-01724,C-01325,Summit Health Plans,93748KS2101275,ACA,KS,,2026-01-01,,ACTIVE,54100814,242.65,SH-349225
P-01725,C-01326,Northwind Health,S7543-024-001,PDP,KS,AGE,2023-10-01,,ACTIVE,54100814,58.64,NW-742078
P-01726,C-01327,Summit Health Plans,G,MEDSUPP,RI,AGE,2025-11-01,,ACTIVE,11576383,199.83,SH-869628
P-01727,C-01327,Summit Health Plans,S8123-008-001,PDP,RI,AGE,2025-11-01,,ACTIVE,11576383,86.36,SH-249277
P-01728,C-01328,Summit Health Plans,R2827-028,MA,RI,AGE,2026-05-01,,ACTIVE,11576383,25.16,SH-807521
P-01729,C-01329,Cardinal Mutual,H7252-027,MA,KS,AGE,2024-09-01,,ACTIVE,54100814,35.38,CM-867561
P-01730,C-01330,Northwind Health,H9830-002-001,MA,NE,AGE,2023-08-01,,ACTIVE,33857966,11.03,NW-642948
P-01731,C-01331,Bluepeak,H3266-022-003,MA,NE,AGE,2025-07-01,,ACTIVE,33857966,40.59,BP-368239
P-01732,C-01332,Cardinal Mutual,B,MEDSUPP,FL,AGE,2025-12-01,,ACTIVE,54100814,189.43,CM-239626
P-01733,C-01332,Cardinal Mutual,S1188-022-002,PDP,FL,AGE,2025-12-01,,ACTIVE,54100814,25.95,CM-811999
P-01734,C-01333,Northwind Health,76542TX8770031,ACA,TX,,2025-01-01,2025-12-31,TERMINATED,37231783,883.08,NW-710328
P-01735,C-01333,Meridian Care,76540TX8335208,ACA,TX,,2026-01-01,,ACTIVE,37231783,875.77,MC-990233
P-01736,C-01334,Meridian Care,H8433-008-003,MA,TX,AGE,2024-06-01,,ACTIVE,37231783,3.18,MC-388264
P-01737,C-01335,Summit Health Plans,93748ID9320088,ACA,ID,,2024-01-01,,ACTIVE,5265799,190.13,SH-622852
P-01738,C-01336,Harborline,91959ID3233066,ACA,ID,,2026-01-01,,ACTIVE,43339391,895.44,HL-211194
P-01739,C-01337,Cardinal Mutual,H8668-021-001,MA,IL,AGE,2024-03-01,,ACTIVE,44524491,6.11,CM-905021
P-01740,C-01338,Summit Health Plans,R2827-015,MA,IL,AGE,2026-01-01,,ACTIVE,44524491,57.22,SH-627785
P-01741,C-01339,Bluepeak,N,MEDSUPP,NY,AGE,2026-03-01,,ACTIVE,10583482,221.90,BP-210782
P-01742,C-01339,Bluepeak,S1771-022,PDP,NY,AGE,2026-03-01,,ACTIVE,10583482,85.57,BP-663520
P-01743,C-01340,Cardinal Mutual,S1188-017-001,PDP,CO,AGE,2024-03-01,,ACTIVE,29898923,80.88,CM-588847
P-01744,C-01341,Meridian Care,S9201-025,PDP,IA,AGE,2024-07-01,,ACTIVE,29898923,40.02,MC-770131
P-01745,C-01342,Summit Health Plans,H5371-008,MA,CO,AGE,2022-06-01,,ACTIVE,29898923,11.13,SH-359481
P-01746,C-01343,Meridian Care,H8433-007-003,MA,CT,AGE,2024-01-01,,ACTIVE,29898923,31.12,MC-244779
P-01747,C-01344,Bluepeak,H3266-009-003,MA,NC,AGE,2023-12-01,,ACTIVE,74197857,13.43,BP-778144
P-01748,C-01345,Meridian Care,G,MEDSUPP,KY,AGE,2026-03-01,,ACTIVE,32244663,264.96,MC-388580
P-01749,C-01345,Meridian Care,S3927-011,PDP,KY,AGE,2026-03-01,,ACTIVE,32244663,39.34,MC-559893
P-01750,C-01346,Harborline,H3504-029-001,MA,NY,AGE,2026-05-01,,ACTIVE,10583482,52.82,HL-279720
P-01751,C-01347,Bluepeak,N,MEDSUPP,NY,AGE,2023-11-01,,ACTIVE,10583482,319.77,BP-596355
P-01752,C-01347,Bluepeak,S1771-009,PDP,NY,AGE,2023-11-01,,ACTIVE,10583482,51.73,BP-916426
P-01753,C-01348,Bluepeak,H4593-026,MA,NE,AGE,2025-09-01,,ACTIVE,33857966,46.07,BP-468717
P-01754,C-01349,Bluepeak,G,MEDSUPP,IL,AGE,2025-04-01,,ACTIVE,44524491,297.17,BP-879273
P-01755,C-01349,Bluepeak,S1771-019-001,PDP,IL,AGE,2025-04-01,,ACTIVE,44524491,28.48,BP-516430
P-01756,C-01350,Summit Health Plans,H5371-003-001,MA,LA,AGE,2025-12-01,,ACTIVE,11576383,40.90,SH-720264
P-01757,C-01351,Meridian Care,76540LA5939791,ACA,LA,,2025-01-01,,ACTIVE,11576383,748.23,MC-631705
P-01758,C-01352,Cardinal Mutual,G,MEDSUPP,UT,AGE,2023-02-01,,ACTIVE,97102525,245.90,CM-506284
P-01759,C-01352,Cardinal Mutual,S2876-023-002,PDP,UT,AGE,2023-02-01,,ACTIVE,97102525,9.98,CM-903676
P-01760,C-01353,Northwind Health,76542WA0266895,ACA,WA,,2024-01-01,,ACTIVE,99847493,609.03,NW-106867
P-01761,C-01354,Bluepeak,H3266-007,MA,MD,DISABILITY,2023-09-01,,ACTIVE,77125617,59.91,BP-925792
P-01762,C-01355,Cardinal Mutual,49117SD0023742,ACA,SD,,2024-01-01,,ACTIVE,77125617,791.88,CM-562445
P-01763,C-01356,Bluepeak,G,MEDSUPP,OR,AGE,2023-11-01,,ACTIVE,74197857,273.60,BP-695375
P-01764,C-01356,Bluepeak,S2489-018,PDP,OR,AGE,2023-11-01,,ACTIVE,74197857,79.24,BP-332764
P-01765,C-01357,Harborline,H2796-022,MA,OR,AGE,2025-12-01,,ACTIVE,74197857,56.55,HL-575915
P-01766,C-01358,Summit Health Plans,H9797-005,MA,IL,AGE,2026-11-01,,PENDING,37231783,19.21,SH-319891
P-01767,C-01359,Northwind Health,S6930-004-003,PDP,NY,AGE,2023-10-01,,ACTIVE,6831819,41.21,NW-125185
P-01768,C-01360,Summit Health Plans,93748MO5683777,ACA,MO,,2024-01-01,,ACTIVE,32244663,277.09,SH-418411
P-01769,C-01361,Meridian Care,S9201-021-002,PDP,MO,AGE,2026-02-01,,ACTIVE,32244663,49.30,MC-902614
P-01770,C-01362,Summit Health Plans,H5371-009,MA,WA,AGE,2025-01-01,,ACTIVE,99847493,50.83,SH-179037
P-01771,C-01363,Summit Health Plans,93748WA7550026,ACA,WA,,2026-01-01,,ACTIVE,99847493,855.13,SH-740837
P-01772,C-01364,Harborline,H2796-013,MA,WI,AGE,2022-01-01,,ACTIVE,61291817,28.22,HL-171588
P-01773,C-01365,Cardinal Mutual,49117WI9889981,ACA,WI,,2025-01-01,2025-12-31,TERMINATED,61291817,332.92,CM-893616
P-01774,C-01365,Northwind Health,76542WI3700650,ACA,WI,,2026-01-01,,ACTIVE,61291817,358.45,NW-592435
P-01775,C-01366,Cardinal Mutual,49117WI3096927,ACA,WI,,2025-01-01,2025-12-31,TERMINATED,61291817,244.85,CM-261794
P-01776,C-01366,Bluepeak,23947WI0081531,ACA,WI,,2026-01-01,,ACTIVE,61291817,185.21,BP-679408
P-01777,C-01367,Northwind Health,76542MO9736385,ACA,MO,,2024-01-01,,ACTIVE,32244663,857.33,NW-922587
P-01778,C-01368,Bluepeak,23947NY6805884,ACA,NY,,2024-01-01,,ACTIVE,6831819,593.51,BP-786016
P-01779,C-01369,Northwind Health,H5040-024,MA,OH,AGE,2024-05-01,,ACTIVE,1884412,54.10,NW-611915
P-01780,C-01370,Harborline,H2796-017,MA,KS,AGE,2023-05-01,,ACTIVE,13981052,12.22,HL-404579
P-01781,C-01371,Harborline,R3621-005-003,MA,KS,AGE,2025-10-01,,ACTIVE,13981052,16.78,HL-848428
P-01782,C-01372,Meridian Care,K,MEDSUPP,MO,DISABILITY,2022-08-01,,ACTIVE,33857966,217.98,MC-107409
P-01783,C-01372,Meridian Care,S9201-019-002,PDP,MO,DISABILITY,2022-08-01,,ACTIVE,33857966,18.84,MC-203526
P-01784,C-01373,Summit Health Plans,H9797-019,MA,KY,AGE,2022-01-01,,ACTIVE,43339391,35.69,SH-425951
P-01785,C-01374,Harborline,H3504-003-001,MA,KY,AGE,2025-01-01,,ACTIVE,43339391,56.27,HL-833826
P-01786,C-01375,Harborline,91959LA0582187,ACA,LA,,2026-01-01,,ACTIVE,11576383,230.87,HL-498357
P-01787,C-01376,Harborline,91959OH4146853,ACA,OH,,2025-01-01,2025-12-31,TERMINATED,1884412,222.88,HL-303403
P-01788,C-01376,Northwind Health,76542OH9126567,ACA,OH,,2026-01-01,,ACTIVE,1884412,398.92,NW-694197
P-01789,C-01377,Bluepeak,H3266-004,MA,OH,AGE,2026-11-01,,XFER,1884412,28.14,BP-178454
P-01790,C-01378,Summit Health Plans,K,MEDSUPP,WI,AGE,2024-04-01,,ACTIVE,61291817,171.08,SH-788966
P-01791,C-01378,Summit Health Plans,S8123-023,PDP,WI,AGE,2024-04-01,,CANCELLED,61291817,76.65,SH-796563
P-01792,C-01379,Meridian Care,H8433-027-002,MA,OR,AGE,2024-02-01,,ACTIVE,74197857,9.57,MC-608817
P-01793,C-01380,Meridian Care,G,MEDSUPP,OR,AGE,2023-09-01,,ACTIVE,74197857,92.95,MC-296998
P-01794,C-01380,Meridian Care,S3927-006,PDP,OR,AGE,2023-09-01,,ACTIVE,74197857,21.52,MC-234853
P-01795,C-01381,Meridian Care,H8433007-001,MA,LA,AGE,2023-02-01,,ACTIVE,11576383,59.94,MC-237863
P-01796,C-01382,Harborline,H3504-001,MA,OH,AGE,2026-11-01,,PENDING,1884412,49.17,HL-322673
P-01797,C-01383,Cardinal Mutual,H7252-008,MA,OH,AGE,2024-06-01,,ACTIVE,1884412,55.51,CM-444504
P-01798,C-01384,Harborline,H2796-010,MA,OH,AGE,2023-10-01,,ACTIVE,1884412,38.35,HL-202051
P-01799,C-01385,Bluepeak,S1771-006,PDP,VA,AGE,2025-05-01,,ACTIVE,78490893,82.42,BP-748785
P-01800,C-01386,Meridian Care,H3591-010,MA,TX,AGE,2025-01-01,,ACTIVE,37231783,14.80,MC-188369
P-01801,C-01387,Harborline,91959IL4218276,ACA,IL,,2026-01-01,,ACTIVE,7150444,398.49,HL-513006
P-01802,C-01388,Meridian Care,G,MEDSUPP,IL,AGE,2024-06-01,,ACTIVE,7150444,144.11,MC-562879
P-01803,C-01388,Meridian Care,S9201-011,PDP,IL,AGE,2024-06-01,,ACTIVE,7150444,30.75,MC-584248
P-01804,C-01389,Meridian Care,H8433-010,MA,WA,AGE,2024-09-01,2026-02-28,TERMINATED,99847493,32.97,MC-487633
P-01805,C-01389,Summit Health Plans,H5371-015-001,MA,WA,AGE,2026-03-01,,ACTIVE,99847493,53.59,SH-129160
P-01806,C-01390,Northwind Health,S6930-007,PDP,WA,AGE,2023-10-01,,ACTIVE,99847493,56.37,NW-893035
P-01807,C-01391,Cardinal Mutual,H7252-003,MA,TX,AGE,2025-01-01,,ACTIVE,90949389,0.71,CM-691348
P-01808,C-01392,Bluepeak,H4593-006,MA,TX,AGE,2023-07-01,,ACTIVE,90949389,50.69,BP-987361
P-01809,C-01393,Cardinal Mutual,H7252-015,MA,TX,AGE,2023-08-01,2026-01-31,chk w/ carrier,99847493,35.43,CM-809750
P-01810,C-01393,Meridian Care,H8433-018-001,MA,TX,AGE,2026-02-01,,ACTIVE,99847493,17.40,MC-791253
P-01811,C-01394,Summit Health Plans,S5808-022-003,PDP,TX,AGE,2025-09-01,,ACTIVE,99847493,55.67,SH-320580
P-01812,C-01395,Meridian Care,76540IL7166784,ACA,IL,,2025-01-01,,ACTIVE,7150444,366.48,MC-698594
P-01813,C-01396,Meridian Care,H3591-025,MA,UT,AGE,2025-11-01,,ACTIVE,97102525,55.04,MC-812965
P-01814,C-01397,Cardinal Mutual,49117UT6982468,ACA,UT,,2025-01-01,2025-12-31,TERMINATED,97102525,671.34,CM-210472
P-01815,C-01397,Northwind Health,76542UT5929706,ACA,UT,,2026-01-01,,ACTIVE,97102525,281.24,NW-412750
P-01816,C-01398,Meridian Care,R5315-020,MA,NE,AGE,2025-08-01,,CANCELLED,54100814,57.94,MC-439748
P-01817,C-01399,Meridian Care,N,MEDSUPP,NE,AGE,2025-02-01,,ACTIVE,54100814,177.77,MC-591694
P-01818,C-01399,Meridian Care,S9201-026,PDP,NE,AGE,2025-02-01,,ACTIVE,54100814,27.15,MC-776752
P-01819,C-01400,Bluepeak,N,MEDSUPP,MN,AGE,2024-10-01,,ACTIVE,61855700,113.98,BP-304312
P-01820,C-01400,Bluepeak,S2489-022-002,PDP,MN,AGE,2024-10-01,,ACTIVE,61855700,15.90,BP-405228
P-01821,C-01401,Northwind Health,H9830-021-002,MA,MN,AGE,2025-03-01,,ACTIVE,61855700,26.23,NW-518227
P-01822,C-01402,Northwind Health,H9830-014-002,MA,ID,AGE,2023-12-01,,ACTIVE,77125617,50.69,NW-220868
P-01823,C-01403,Meridian Care,H3591-010-003,MA,ID,AGE,2025-07-01,,ACTIVE,77125617,51.37,MC-848050
P-01824,C-01404,Bluepeak,23947AR2985479,ACA,AR,,2026-01-01,,ACTIVE,44524491,497.73,BP-831794
P-01825,C-01405,Harborline,H2796-006-003,MA,AR,AGE,2025-01-01,,ACTIVE,44524491,31.64,HL-618109
P-01826,C-01406,Bluepeak,H3266-003-001,MA,CO,AGE,2024-05-01,,ACTIVE,5265799,39.59,BP-819081
P-01827,C-01407,Cardinal Mutual,H7252-026,MA,AK,AGE,2023-07-01,,ACTIVE,61291817,40.67,CM-628700
P-01828,C-01408,Meridian Care,H8433-006-001,MA,AK,AGE,2023-09-01,2025-06-30,TERMINATED,61291817,37.23,MC-772389
P-01828,C-01408,Meridian Care,H8433-006-001,MA,AK,AGE,2023-09-01,2025-06-30,TERMINATED,61291817,49.23,MC-772389
P-01829,C-01408,Summit Health Plans,H9797-018-003,MA,AK,AGE,2025-07-01,,ACTIVE,61291817,15.35,SH-692139
P-01830,C-01409,Northwind Health,76542CO7166851,ACA,CO,,2025-01-01,2025-12-31,TERMINATED,5265799,406.17,NW-991113
P-01831,C-01409,Summit Health Plans,93748CO8961776,ACA,CO,,2026-01-01,,ACTIVE,5265799,190.67,SH-176541
P-01832,C-01410,Summit Health Plans,S8123-007,PDP,IL,AGE,2025-03-01,,ACTIVE,37231783,19.67,SH-271471
P-01833,C-01411,Cardinal Mutual,H8668-005,MA,WA,AGE,2024-06-01,2025-12-31,TERMINATED,99847493,21.95,CM-691915
P-01834,C-01411,Summit Health Plans,H9797-026-001,MA,WA,AGE,2026-01-01,,ACTIVE,99847493,7.74,SH-571702
P-01835,C-01412,Bluepeak,23947MI5122649,ACA,MI,,2025-01-01,,ACTIVE,13981052,742.59,BP-629322
P-01836,C-01413,Summit Health Plans,93748MO4492485,ACA,MO,,2024-01-01,,ACTIVE,32244663,836.99,SH-691426
P-01837,C-01414,Cardinal Mutual,H8668-025-003,MA,ID,AGE,2024-09-01,,ACTIVE,61855700,31.46,CM-400083
P-01838,C-01415,Harborline,H3504-029,MA,MI,AGE,2023-04-01,,ACTIVE,13981052,0.24,HL-509394
P-01839,C-01416,Cardinal Mutual,H7252-012,MA,TX,AGE,2024-12-01,,ACTIVE,99847493,37.63,CM-133716
P-01840,C-01417,Cardinal Mutual,H8668-006-001,MA,CT,AGE,2023-10-01,,ACTIVE,29898923,51.23,CM-905595
P-01841,C-01418,Summit Health Plans,93748CA2913153,ACA,CA,,2026-01-01,,ACTIVE,78490893,479.87,SH-792718
P-01842,C-01419,Northwind Health,H5040-026,MA,KS,AGE,2026-04-01,,ACTIVE,13981052,43.33,NW-330939
P-01843,C-01420,Meridian Care,H8433-007,MA,ID,AGE,2024-11-01,2026-03-31,TERMINATED,61855700,3.88,MC-957703
P-01844,C-01420,Northwind Health,H5040-014,MA,ID,AGE,2026-04-01,,ACTIVE,61855700,34.46,NW-872151
P-01845,C-01421,Harborline,R3621-011-001,MA,CA,AGE,2022-06-01,,ACTIVE,78490893,0.18,HL-245535
P-01846,C-01422,Cardinal Mutual,49117OR8580496,ACA,OR,,2026-01-01,,ACTIVE,74197857,447.31,CM-769905
P-01847,C-01423,Meridian Care,H8433-006,MA,OR,AGE,2025-03-01,,ACTIVE,74197857,2.65,MC-164649
P-01848,C-01424,Bluepeak,H3266-024,MA,OR,AGE,2023-12-01,,CANCELLED,74197857,49.06,BP-843112
P-01849,C-01425,Cardinal Mutual,H7252-002,MA,CT,AGE,2024-05-01,,ACTIVE,29898923,30.22,CM-715126
P-01850,C-01426,Summit Health Plans,H5371-014,MA,CT,AGE,2026-02-01,,ACTIVE,29898923,58.71,SH-115810
P-01851,C-01427,Northwind Health,H9830-019,MA,IL,AGE,2024-10-01,,ACTIVE,7150444,24.03,NW-163842
P-01852,C-01428,Summit Health Plans,H9797-011,MA,MN,AGE,2023-05-01,,ACTIVE,11576383,6.22,SH-278743
P-01853,C-01429,Summit Health Plans,R6573-002,MA,NE,AGE,2023-05-01,2026-01-31,TERMINATED,6831819,18.35,SH-797065
P-01854,C-01429,Meridian Care,H3591-002-002,MA,NE,AGE,2026-02-01,,ACTIVE,6831819,45.89,MC-374966
P-01855,C-01430,Northwind Health,H5040-001-002,MA,DC,AGE,2024-03-01,,ACTIVE,6831819,22.21,NW-162443
P-01856,C-01431,Bluepeak,H4593-022,MA,DC,AGE,2026-11-01,,PENDING,6831819,17.90,BP-825135
P-01857,C-01432,Cardinal Mutual,H7252-021,MA,WA,AGE,2025-06-01,,ACTIVE,99847493,49.55,CM-308893
P-01858,C-01433,Cardinal Mutual,49117KY8145722,ACA,KY,,2025-01-01,2025-12-31,TERMINATED,94702683,691.58,CM-622894
P-01859,C-01433,Summit Health Plans,93748KY7780891,ACA,KY,,2026-01-01,,ACTIVE,94702683,746.27,SH-351834
P-01860,C-01434,Summit Health Plans,93748NY1859364,ACA,NY,,2025-01-01,2025-12-31,TERMINATED,6831819,583.61,SH-945071
P-01861,C-01434,Harborline,91959NY3389708,ACA,NY,,2026-01-01,,ACTIVE,6831819,619.53,HL-908995
P-01862,C-01435,Harborline,H3504-011,MA,NY,AGE,2023-02-01,,ACTIVE,6831819,2.33,HL-587074
P-01863,C-01436,Harborline,A,MEDSUPP,PA,AGE,2024-03-01,,ACTIVE,1884412,170.17,HL-870452
P-01864,C-01436,Harborline,S2040015,PDP,PA,AGE,2024-03-01,,ACTIVE,1884412,79.31,HL-361355
P-01865,C-01437,Northwind Health,H5040-018,MA,PA,AGE,2024-06-01,,ACTIVE,1884412,21.66,NW-656502
P-01866,C-01438,Bluepeak,R9348-012-002,MA,IL,AGE,2022-10-01,,ACTIVE,37231783,13.91,BP-417885
P-01867,C-01439,Bluepeak,H3266-029,MA,NE,AGE,2025-08-01,,ACTIVE,54100814,3.64,BP-878991
P-01868,C-01440,Bluepeak,H4593-026-002,MA,NE,AGE,2024-02-01,2026-09-17,ACTIVE,54100814,56.13,BP-881981
P-01869,C-01441,Summit Health Plans,H5371-004,MA,VA,AGE,2024-10-01,,ACTIVE,78490893,56.73,SH-440893
P-01870,C-01442,Northwind Health,H9830-011,MA,VA,AGE,2024-03-01,2025-12-31,TERMINATED,78490893,9.78,NW-829392
P-01871,C-01442,Summit Health Plans,H9797-008,MA,VA,AGE,2026-01-01,,ACTIVE,78490893,16.96,SH-715527
P-01872,C-01443,Harborline,H3504-024,MA,IL,AGE,2024-12-01,,ACTIVE,7150444,16.23,HL-189416
P-01873,C-01444,Bluepeak,H4593-016,MA,IL,AGE,2022-09-01,,ACTIVE,7150444,23.06,BP-525057
P-01874,C-01445,Northwind Health,H9830-007-002,MA,ID,AGE,2024-01-01,,ACTIVE,77125617,52.52,NW-872703
P-01875,C-01446,Bluepeak,H4593-023,MA,ID,AGE,2022-02-01,,ACTIVE,77125617,36.41,BP-419402
P-01876,C-01447,Meridian Care,H3591-030,MA,KY,AGE,2024-05-01,,ACTIVE,61291817,53.20,MC-796910
P-01877,C-01448,Meridian Care,H8433-011-002,MA,ID,AGE,2022-05-01,,ACTIVE,77125617,0.83,MC-301845
P-01878,C-01449,Bluepeak,H3266-014,MA,ID,AGE,2025-06-01,,ACTIVE,77125617,36.99,BP-970808
P-01879,C-01450,Meridian Care,R1053-017,MA,NE,AGE,2022-11-01,,ACTIVE,33857966,41.18,MC-277469
P-01880,C-01451,Cardinal Mutual,H8668-022,MA,ID,AGE,2025-10-01,,ACTIVE,77125617,22.02,CM-842847
P-01881,C-01452,Harborline,S2040-025,PDP,CA,AGE,2024-04-01,,ACTIVE,43339391,10.56,HL-841378
P-01882,C-01453,Northwind Health,H5040-014,MA,CA,AGE,2022-08-01,2022-07-26,TERMINATED,43339391,31.36,NW-211228
P-01883,C-01453,Meridian Care,H8433-002,MA,CA,AGE,2025-02-01,,ACTIVE,43339391,57.79,MC-656849
P-01884,C-01454,Northwind Health,H5040-010,MA,GA,AGE,2022-11-01,2026-04-30,TERMINATED,10583482,20.49,NW-627734
P-01885,C-01454,Harborline,H3504-001,MA,GA,AGE,2026-05-01,,ACTIVE,10583482,37.68,HL-771716
P-01886,C-01455,Summit Health Plans,H5371-024-002,MA,MO,AGE,2022-01-01,,ACTIVE,33857966,19.74,SH-853592
P-01887,C-01456,Northwind Health,S6930-013,PDP,SC,AGE,2023-08-01,,ACTIVE,11576383,25.01,NW-972397
P-01888,C-01457,Summit Health Plans,H9797-018,MA,UT,AGE,2026-03-01,,ACTIVE,37231783,49.51,SH-389715
P-01889,C-01458,Meridian Care,H3591-007-003,MA,UT,AGE,2023-11-01,,ACTIVE,37231783,28.94,MC-730365
P-01890,C-01459,Northwind Health,H9830-029,MA,DE,AGE,2024-04-01,,ACTIVE,54100814,5.81,NW-311825
P-01891,C-01460,Meridian Care,R5315-023,MA,DE,DISABILITY,2025-07-01,,ACTIVE,54100814,0.69,MC-289121
P-01892,C-01461,Cardinal Mutual,H7252-025,MA,CA,AGE,2024-05-01,,CANCELLED,78490893,2.73,CM-338728
P-01893,C-01462,Northwind Health,R5304-009,MA,CA,AGE,2024-07-01,,ACTIVE,78490893,48.91,NW-595084
P-01894,C-01463,Harborline,N,MEDSUPP,VA,AGE,2025-11-01,,ACTIVE,78490893,312.14,HL-950264
P-01895,C-01463,Harborline,S2040-028,PDP,VA,AGE,2025-11-01,,ACTIVE,78490893,57.94,HL-246272
P-01896,C-01464,Meridian Care,H3591-020-002,MA,AR,AGE,2022-11-01,,ACTIVE,44524491,44.61,MC-312099
P-01897,C-01465,Bluepeak,H3266-005,MA,FL,AGE,2024-11-01,2026-02-28,TERMINATED,54100814,22.84,BP-906676
P-01898,C-01465,Cardinal Mutual,H8668-028-001,MA,FL,AGE,2026-03-01,,ACTIVE,54100814,27.62,CM-857561
P-01899,C-01466,Summit Health Plans,S8123-025,PDP,FL,AGE,2025-07-01,,ACTIVE,54100814,31.32,SH-850000
P-01900,C-01467,Northwind Health,R8019-003-003,MA,IL,AGE,2023-01-01,,ACTIVE,44524491,58.38,NW-284235
P-01901,C-01468,Northwind Health,H9830-013,MA,AL,AGE,2023-05-01,,ACTIVE,1884412,18.40,NW-129349
P-01902,C-01469,Bluepeak,S1771-002,PDP,MT,AGE,2025-08-01,,ACTIVE,97102525,73.45,BP-281004
P-01903,C-01470,Bluepeak,H4593-008-002,MA,LA,AGE,2024-06-01,2026-03-31,TERMINATED,7150444,1.34,BP-993313
P-01904,C-01470,Meridian Care,H3591-016,MA,LA,AGE,2026-04-01,,ACTIVE,7150444,12.91,MC-880371
P-01905,C-01471,Harborline,91959LA0823786,ACA,LA,,2025-01-01,,ACTIVE,7150444,825.76,HL-965464
P-01906,C-01472,Cardinal Mutual,49117LA4018852,ACA,LA,,2024-01-01,,ACTIVE,7150444,483.08,CM-994680
P-01907,C-01473,Northwind Health,A,MEDSUPP,CA,AGE,2026-04-01,,ACTIVE,43339391,298.29,NW-447383
P-01908,C-01473,Northwind Health,S6930-005,PDP,CA,AGE,2026-04-01,,ACTIVE,43339391,31.67,NW-702865
P-01909,C-01474,Meridian Care,H3591-030-003,MA,NC,AGE,2025-04-01,,ACTIVE,74197857,58.90,MC-498180
P-01910,C-01475,Meridian Care,H3591-015,MA,MI,AGE,2023-06-01,,ACTIVE,13981052,6.24,MC-939125
P-01911,C-01476,Bluepeak,H4593-016,MA,MI,AGE,2026-11-01,,chk w/ carrier,13981052,6.60,BP-367097
P-01912,C-01477,Summit Health Plans,H5371-018-002,MA,NE,AGE,2024-09-01,,ACTIVE,33857966,0.29,SH-226036
P-01913,C-98127,Harborline,R3621-026,MA,WV,AGE,2022-11-01,2025-01-31,TERMINATED,7150444,19.63,HL-688412
P-01914,C-01478,Bluepeak,H3266-002,MA,WV,AGE,2025-02-01,,ACTIVE,7150444,55.63,BP-980580
P-01915,C-01479,Northwind Health,76542MN3205745,ACA,MN,,2026-01-01,,ACTIVE,61855700,444.60,NW-127578
P-01916,C-01480,Northwind Health,H9830-016-001,MA,LA,AGE,2023-09-01,,ACTIVE,7150444,13.95,NW-209862
P-01917,C-01481,Summit Health Plans,H5371-025,MA,IL,AGE,2024-09-01,2025-12-31,N/A,37231783,17.04,SH-602124
P-01918,C-01481,Harborline,H3504-013,MA,IL,AGE,2026-01-01,,ACTIVE,37231783,0.40,HL-563977
P-01919,C-01482,Bluepeak,A,MEDSUPP,KY,AGE,2023-11-01,,ACTIVE,94702683,312.29,BP-714077
P-01920,C-01482,Bluepeak,S2489-010,PDP,KY,AGE,2023-11-01,,ACTIVE,94702683,40.38,BP-709080
P-01921,C-01483,Cardinal Mutual,H7252-009-002,MA,LA,AGE,2024-02-01,,ACTIVE,11576383,53.04,CM-680361
P-01922,C-01484,Bluepeak,R9085-029,MA,KY,AGE,2023-01-01,,ACTIVE,94O02683,19.39,BP-404380
P-01923,C-01485,Summit Health Plans,H5371-028,MA,NC,AGE,2022-05-01,,ACTIVE,74197857,27.55,SH-702893
P-01924,C-01486,Meridian Care,H8433-029-001,MA,NC,AGE,2024-10-01,,ACTIVE,74197857,25.70,MC-550168
P-01925,C-01487,Cardinal Mutual,H8668-025-001,MA,IL,AGE,2024-09-01,,ACTIVE,44524491,5.74,CM-224481
P-01926,C-01488,Summit Health Plans,G,MEDSUPP,IL,AGE,2026-02-01,,ACTIVE,44524491,144.47,SH-990761
P-01927,C-01488,Summit Health Plans,S8123-030,PDP,IL,AGE,2026-02-01,,ACTIVE,44524491,31.96,SH-370799
P-01928,C-01489,Summit Health Plans,F,MEDSUPP,KY,AGE,2022-08-01,,ACTIVE,43339391,210.72,SH-692954
P-01929,C-01489,Summit Health Plans,S8123-001,PDP,KY,AGE,2022-08-01,,ACTIVE,43339391,85.78,SH-961489
P-01930,C-01490,Summit Health Plans,H9797-006-002,MA,LA,AGE,2026-04-01,,ACTIVE,7150444,46.02,SH-627750
P-01931,C-01491,Meridian Care,H8433-027,MA,LA,AGE,2024-05-01,,ACTIVE,7150444,45.89,MC-836358
P-01932,C-01492,Northwind Health,76542ID721695,ACA,ID,,2026-01-01,,ACTIVE,43339391,799.54,NW-581915
P-01933,C-01493,Northwind Health,H9830-022,MA,ID,AGE,2022-03-01,2024-08-31,TERMINATED,43339391,32.50,NW-987852
P-01934,C-01493,Summit Health Plans,H5371-025,MA,ID,AGE,2024-09-01,,ACTIVE,43339391,0.04,SH-559086
P-01935,C-01494,Meridian Care,H8433-015,MA,PA,AGE,2024-12-01,,ACTIVE,1884412,32.57,MC-242075
P-01936,C-01495,Northwind Health,76542PA6648252,ACA,PA,,2024-01-01,,ACTIVE,1884412,454.26,NW-702463
P-01937,C-01496,Bluepeak,23947NE0751672,ACA,NE,,2026-01-01,,ACTIVE,6831819,417.60,BP-557008
P-01938,C-01497,Meridian Care,H8433-013,MA,NE,DISABILITY,2022-09-01,,ACTIVE,6831819,35.96,MC-556578
P-01939,C-01498,Meridian Care,H3591-008,MA,NE,AGE,2024-06-01,2026-01-31,TERMINATED,6831819,42.54,MC-133577
P-01940,C-01498,Harborline,H2796-013-001,MA,NE,AGE,2026-02-01,,ACTIVE,6831819,36.33,HL-998899
P-01941,C-01499,Northwind Health,S7543-020,PDP,NE,AGE,2024-08-01,,ACTIVE,6831819,66.19,NW-137872
P-01942,C-01500,Cardinal Mutual,H7252-011-003,MA,VA,AGE,2023-09-01,,ACTIVE,78490893,54.51,CM-462637
P-01943,C-01501,Summit Health Plans,H5371-014,MA,LA,AGE,2024-10-01,2026-09-08,ACTIVE,11576383,56.33,SH-267251
P-01944,C-01502,Meridian Care,H8433-003-003,MA,KY,AGE,2024-10-01,,ACTIVE,61291817,50.41,MC-685493
P-01945,C-01503,Summit Health Plans,S5808-011,PDP,CO,AGE,2024-09-01,,ACTIVE,29898923,88.20,SH-143831
P-01946,C-01504,Meridian Care,76540CO0422151,ACA,CO,,2025-01-01,2025-12-31,TERMINATED,29898923,595.53,MC-134950
P-01947,C-01504,Summit Health Plans,93748CO1884180,ACA,CO,,2026-01-01,,ACTIVE,29898923,213.20,SH-455575
P-01948,C-01505,Meridian Care,H8433-015-002,MA,MD,AGE,2022-09-01,,ACTIVE,77125617,34.57,MC-913463
P-01949,C-01506,Summit Health Plans,H9797-024-001,MA,AL,AGE,2022-01-01,,ACTIVE,1884412,21.27,SH-881280
P-01950,C-01507,Meridian Care,76540SC1619858,ACA,SC,,2026-01-01,,ACTIVE,11576383,426.66,MC-123802
P-01951,C-01508,Cardinal Mutual,H8668-013,MA,NE,AGE,2022-02-01,,ACTIVE,33857966,20.86,CM-198592
P-01952,C-01509,Northwind Health,76542CO8455471,ACA,CO,,2025-01-01,2025-12-31,??,7150444,167.46,NW-821241
P-01953,C-01509,Cardinal Mutual,49117CO8455704,ACA,CO,,2026-01-01,,ACTIVE,7150444,412.24,CM-704618
P-01954,C-01510,Meridian Care,76540CO4685098,ACA,CO,,2025-01-01,2025-12-31,TERMINATED,7150444,334.49,MC-808133
P-01955,C-01510,Cardinal Mutual,49117CO8639564,ACA,CO,,2026-01-01,,ACTIVE,7150444,845.20,CM-470011
P-01956,C-01511,Bluepeak,H4593-003-003,MA,CO,AGE,2025-09-01,,ACTIVE,7150444,14.25,BP-592842
P-01957,C-01512,Bluepeak,B,MEDSUPP,KY,AGE,2024-03-01,,ACTIVE,94702683,187.05,BP-480480
P-01958,C-01512,Bluepeak,S2489-005,PDP,KY,AGE,2024-03-01,,ACTIVE,94702683,68.33,BP-792626
P-01959,C-01513,Northwind Health,76542MI3640024,ACA,MI,,2024-01-01,,ACTIVE,13981052,394.15,NW-349910
P-01960,C-01514,Harborline,91959TX7896939,ACA,TX,,2026-01-01,,ACTIVE,90949389,781.85,HL-777274
P-01961,C-01515,Harborline,H2796-005,MA,TX,DISABILITY,2022-10-01,,ACTIVE,99847493,21.60,HL-234373
P-01962,C-01516,Summit Health Plans,93748MN8817102,ACA,MN,,2026-01-01,,ACTIVE,61855700,601.24,SH-295770
P-01963,C-01517,Summit Health Plans,S8123-015-003,PDP,ID,AGE,2026-02-01,,ACTIVE,5265799,82.79,SH-158696
P-01964,C-01518,Meridian Care,L,MEDSUPP,ID,AGE,2024-03-01,,ACTIVE,5265799,301.30,MC-574224
P-01965,C-01518,Meridian Care,S9201-017,PDP,ID,AGE,2024-03-01,,ACTIVE,5265799,89.66,MC-925644
P-01966,C-01519,Cardinal Mutual,H8668-005,MA,WI,AGE,2022-06-01,2024-10-31,TERMINATED,61291817,32.85,CM-807457
P-01967,C-01519,Bluepeak,H3266-029,MA,WI,AGE,2024-11-01,,ACTIVE,61291817,28.92,BP-406246
P-01968,C-01520,Harborline,H3504-022,MA,WI,AGE,2025-12-01,,ACTIVE,61291817,34.09,HL-725109
P-01969,C-01521,Harborline,H3504-028,MA,CA,AGE,2022-12-01,,ACTIVE,78490893,55.16,HL-772252
P-01970,C-01522,Bluepeak,23947CA4989728,ACA,CA,,2025-01-01,2025-12-31,??,78490893,826.69,BP-308011
P-01971,C-01522,Northwind Health,76542CA5793696,ACA,CA,,2026-01-01,,ACTIVE,78490893,300.68,NW-578819
P-01972,C-01523,Harborline,H3504-002,MA,NE,AGE,2026-04-01,,ACTIVE,33857966,16.94,HL-797948
P-01973,C-01524,Cardinal Mutual,K,MEDSUPP,NE,DISABILITY,2024-07-01,,ACTIVE,33857966,225.10,CM-733599
P-01974,C-01524,Cardinal Mutual,S2876-016,PDP,NE,DISABILITY,2024-07-01,,ACTIVE,33857966,29.83,CM-932207
P-01975,C-01525,Meridian Care,H8433-024,MA,KY,AGE,2025-11-01,,ACTIVE,32244663,0.86,MC-597600
P-01976,C-01526,Bluepeak,H3266-009,MA,NC,AGE,2022-07-01,2025-07-31,TERMINATED,74197857,18.26,BP-708272
P-01977,C-01526,Northwind Health,R8019-013,MA,NC,AGE,2025-08-01,,ACTIVE,74197857,32.84,NW-328287
P-01978,C-01527,Cardinal Mutual,49117WA0930682,ACA,WA,,2026-01-01,,ACTIVE,99847493,543.81,CM-980044
P-01979,C-01528,Summit Health Plans,A,MEDSUPP,WA,AGE,2023-09-01,,ACTIVE,99847493,218.63,SH-562072
P-01980,C-01528,Summit Health Plans,S5808-011,PDP,WA,AGE,2023-09-01,,ACTIVE,99847493,64.07,SH-412684
P-01981,C-01529,Summit Health Plans,R2827-001-002,MA,MO,AGE,2024-02-01,,ACTIVE,33857966,12.82,SH-167463
P-01982,C-01530,Northwind Health,76542MO2271762,ACA,MO,,2025-01-01,,ACTIVE,33857966,238.34,NW-651866
P-01983,C-01531,Northwind Health,H5040-025-003,MA,NY,AGE,2025-07-01,,ACTIVE,97102525,12.11,NW-673506
P-01984,C-01532,Cardinal Mutual,H8668-011,MA,OH,AGE,2025-12-01,,ACTIVE,37231783,2.77,CM-576948
P-01985,C-01533,Meridian Care,F,MEDSUPP,OH,AGE,2025-12-01,,CANCELLED,37231783,267.90,MC-216511
P-01986,C-01533,Meridian Care,S3927-017,PDP,OH,AGE,2025-12-01,,ACTIVE,37231783,6.72,MC-214160
P-01987,C-01534,Cardinal Mutual,49117VT8915254,ACA,VT,,2025-01-01,2025-12-31,TERMINATED,10583482,868.34,CM-547499
P-01988,C-01534,Summit Health Plans,93748VT3252455,ACA,VT,,2026-01-01,2026-09-03,ACTIVE,10583482,653.44,SH-923977
P-01989,C-01535,Summit Health Plans,H9797-012,MA,VT,AGE,2024-04-01,2025-05-31,TERMINATED,10583482,0.04,SH-290125
P-01990,C-01535,Bluepeak,H3266-008-003,MA,VT,AGE,2025-06-01,,ACTIVE,10583482,23.61,BP-428437
P-01991,C-01536,Northwind Health,76542MO8022880,ACA,MO,,2025-01-01,,ACTIVE,6831819,888.81,NW-547812
P-01992,C-01537,Cardinal Mutual,49117MO0269689,ACA,MO,,2025-01-01,,ACTIVE,6831819,899.91,CM-658506
P-01993,C-01538,Northwind Health,H9830-009-003,MA,MO,AGE,2024-05-01,,ACTIVE,33857966,21.62,NW-931149
P-01994,C-01539,Harborline,H3504-013,MA,MO,AGE,2024-09-01,,ACTIVE,77803264,5.95,HL-923603
P-01995,C-01540,Harborline,H2796-011,MA,OR,AGE,2024-01-01,,ACTIVE,74197857,59.74,HL-694831
P-01996,C-01541,Harborline,R3621-019,MA,MO,AGE,2025-04-01,2026-04-30,XFER,33857966,32.43,HL-949925
P-01997,C-01541,Bluepeak,H4593-020-003,MA,MO,AGE,2026-05-01,,ACTIVE,33857966,33.04,BP-100097
P-01998,C-01542,Meridian Care,H8433-028,MA,MO,AGE,2025-02-01,,ACTIVE,33857966,31.52,MC-531924
P-01999,C-01543,Summit Health Plans,H9797-013,MA,NE,AGE,2026-05-01,,ACTIVE,33857966,29.13,SH-254891
P-02000,C-01544,Summit Health Plans,H5371-022,MA,SD,DISABILITY,2023-06-01,2026-01-31,TERMINATED,90949389,2.80,SH-630601
P-02001,C-01544,Meridian Care,H8433-025-002,MA,SD,DISABILITY,2026-02-01,,ACTIVE,90949389,16.42,MC-824233
P-02002,C-01545,Cardinal Mutual,S1188-011-001,PDP,IN,AGE,2024-03-01,,ACTIVE,4356886,68.59,CM-674105
P-02003,C-01546,Northwind Health,H5040-002,MA,VT,AGE,2025-01-01,,ACTIVE,10583482,33.42,NW-686434
P-02004,C-01547,Harborline,L,MEDSUPP,KY,AGE,2025-01-01,,ACTIVE,43339391,169.79,HL-870717
P-02005,C-01547,Harborline,S7304-010,PDP,KY,AGE,2025-01-01,,ACTIVE,43339391,21.46,HL-950273
P-02006,C-01548,Northwind Health,A,MEDSUPP,KY,AGE,2022-05-01,,ACTIVE,43339391,194.90,NW-945072
P-02007,C-01548,Northwind Health,S6930-005,PDP,KY,AGE,2022-05-01,,ACTIVE,43339391,39.60,NW-459254
P-02008,C-01549,Harborline,91959TX1436920,ACA,TX,,2024-01-01,,ACTIVE,90949389,634.76,HL-162146
P-02009,C-01550,Meridian Care,F,MEDSUPP,KS,AGE,2024-05-01,,ACTIVE,54100814,104.75,MC-144136
P-02010,C-01550,Meridian Care,S3927-018-002,PDP,KS,AGE,2024-05-01,,ACTIVE,54100814,54.29,MC-135564
P-02011,C-01551,Meridian Care,H8433-007,MA,KS,AGE,2022-03-01,,ACTIVE,54100814,46.07,MC-328101
P-02012,C-01552,Bluepeak,23947MI5863271,ACA,MI,,2024-01-01,,ACTIVE,13981052,234.70,BP-920351
P-02013,C-01553,Meridian Care,H8433-016,MA,AR,AGE,2025-09-01,,ACTIVE,44524491,51.77,MC-273766
P-02014,C-01554,Bluepeak,23947ID1233396,ACA,ID,,2025-01-01,,ACTIVE,5265799,802.49,BP-964692
P-02015,C-01555,Cardinal Mutual,H7252-004,MA,MO,AGE,2024-03-01,,ACTIVE,33857966,12.68,CM-466142
P-02016,C-01556,Northwind Health,A,MEDSUPP,MO,AGE,2023-12-01,,ACTIVE,33857966,109.63,NW-761515
P-02017,C-01556,Northwind Health,S6930-004,PDP,MO,AGE,2023-12-01,,ACTIVE,33857966,81.38,NW-342787
P-02018,C-01557,Cardinal Mutual,49117OR1469071,ACA,OR,,2025-01-01,,ACTIVE,74197857,697.08,CM-449142
P-02019,C-01558,Harborline,R7916-005,MA,CT,AGE,2022-03-01,,ACTIVE,29898923,1.71,HL-732228
P-02020,C-01559,Northwind Health,H9830-005,MA,NY,AGE,2025-09-01,,ACTIVE,10583482,26.66,NW-470379
P-02021,C-01560,Harborline,91959CA5782729,ACA,CA,,2026-01-01,,ACTIVE,78490893,244.88,HL-983389
P-02022,C-01561,Bluepeak,H4593-023-002,MA,NE,AGE,2022-05-01,,ACTIVE,33857966,54.39,BP-293284
P-02023,C-01562,Summit Health Plans,H5371-021,MA,WI,AGE,2024-09-01,2025-09-30,TERMINATED,61291817,57.86,SH-580042
P-02024,C-01562,Harborline,R7916-009,MA,WI,AGE,2025-10-01,,ACTIVE,61291817,49.73,HL-740234
P-02025,C-01563,Northwind Health,H5040-028-003,MA,NC,AGE,2023-01-01,,ACTIVE,74197857,8.79,NW-607157
P-02026,C-01564,Northwind Health,G,MEDSUPP,IL,AGE,2026-05-01,,ACTIVE,37231783,171.76,NW-543940
P-02027,C-01564,Northwind Health,S7543-028-001,PDP,IL,AGE,2026-05-01,,ACTIVE,37231783,41.38,NW-625056
P-02028,C-01565,Cardinal Mutual,H7252-008,MA,NJ,AGE,2026-02-01,,ACTIVE,77125617,58.63,CM-498517
P-02029,C-01566,Bluepeak,23947WA2426109,ACA,WA,,2026-01-01,,ACTIVE,99847493,591.56,BP-209854
P-02030,C-01567,Summit Health Plans,L,MEDSUPP,WA,AGE,2025-04-01,,ACTIVE,99847493,303.51,SH-118519
P-02031,C-01567,Summit Health Plans,S5808-002,PDP,WA,AGE,2025-04-01,,ACTIVE,99847493,83.25,SH-773780
P-02032,C-01568,Bluepeak,S2489-020,PDP,UT,AGE,2023-06-01,,ACTIVE,97102525,6.64,BP-732052
P-02033,C-01569,Meridian Care,76540DE4773877,ACA,DE,,2025-01-01,2025-12-31,TERMINATED,4356886,795.44,MC-399280
P-02034,C-01569,Summit Health Plans,93748DE5475517,ACA,DE,,2026-01-01,,ACTIVE,4356886,738.36,SH-753998
P-02035,C-01570,Summit Health Plans,N,MEDSUPP,MD,AGE,2023-11-01,,ACTIVE,77125617,270.44,SH-817157
P-02036,C-01570,Summit Health Plans,S8123-016,PDP,MD,AGE,2023-11-01,,ACTIVE,77125617,65.26,SH-405807
P-02037,C-01571,Summit Health Plans,H5371-012,MA,MD,AGE,2025-03-01,,ACTIVE,77125617,52.30,SH-781120
P-02038,C-01572,Harborline,H3504-022-001,MA,AR,AGE,2025-02-01,,ACTIVE,44524491,34.45,HL-708893
P-02039,C-01573,Bluepeak,H3266-005,MA,AR,AGE,2026-05-01,,ACTIVE,44524491,31.64,BP-517970
P-02040,C-01574,Meridian Care,R1053-020,MA,FL,AGE,2025-03-01,,ACTIVE,94702683,58.14,MC-112178
P-02041,C-01575,Summit Health Plans,K,MEDSUPP,NY,AGE,2026-04-01,,ACTIVE,6831819,246.93,SH-202566
P-02042,C-01575,Summit Health Plans,S8123-024-002,PDP,NY,AGE,2026-04-01,,ACTIVE,6831819,74.37,SH-122756
P-02043,C-01576,Cardinal Mutual,G,MEDSUPP,PA,AGE,2022-11-01,,ACTIVE,13981052,193.51,CM-652519
P-02044,C-01576,Cardinal Mutual,S1188-013,PDP,PA,AGE,2022-11-01,,ACTIVE,13981052,45.84,CM-203424
P-02045,C-01577,Cardinal Mutual,N,MEDSUPP,ID,AGE,2025-12-01,,ACTIVE,5265799,120.28,CM-701216
P-02046,C-01577,Cardinal Mutual,S1188-022,PDP,ID,AGE,2025-12-01,,ACTIVE,5265799,72.15,CM-521828
P-02047,C-01578,Meridian Care,G,MEDSUPP,NE,AGE,2023-02-01,,ACTIVE,6831819,127.14,MC-208557
P-02048,C-01578,Meridian Care,S3927-007,PDP,NE,AGE,2023-02-01,,ACTIVE,6831819,41.31,MC-998719
P-02049,C-01579,Northwind Health,L,MEDSUPP,KY,AGE,2025-11-01,,ACTIVE,43339391,271.19,NW-959732
P-02050,C-01579,Northwind Health,S6930-003,PDP,KY,AGE,2025-11-01,,ACTIVE,43339391,25.14,NW-541603
P-02051,C-01580,Bluepeak,H3266-030,MA,KY,AGE,2024-04-01,2025-07-31,TERMINATED,61291817,41.87,BP-374424
P-02052,C-01580,Summit Health Plans,H5371-004-003,MA,KY,AGE,2025-08-01,,ACTIVE,61291817,51.43,SH-835778
P-02053,C-01581,Northwind Health,H9830-004-002,MA,KY,AGE,2025-02-01,2024-12-06,TERMINATED,61291817,7.87,NW-824597
P-02054,C-01581,Harborline,H2796-030,MA,KY,AGE,2026-04-01,,ACTIVE,61291817,18.33,HL-773039
P-02055,C-01582,Bluepeak,H3266-021-003,MA,IL,AGE,2026-11-01,,PENDING,44524491,22.79,BP-769752
P-02056,C-01583,Meridian Care,L,MEDSUPP,MI,AGE,2025-07-01,,ACTIVE,61855700,194.78,MC-151151
P-02057,C-01583,Meridian Care,S9201-016-001,PDP,MI,AGE,2025-07-01,,ACTIVE,61855700,8.03,MC-186619
P-02058,C-01584,Northwind Health,A,MEDSUPP,TX,AGE,2024-09-01,,ACTIVE,90949389,177.45,NW-568621
P-02059,C-01584,Northwind Health,S6930-013,PDP,TX,AGE,2024-09-01,,ACTIVE,90949389,87.79,NW-152037
P-02060,C-01585,Cardinal Mutual,49117GA2977985,ACA,GA,,2026-01-01,,ACTIVE,61291817,789.58,CM-637709
P-02061,C-01586,Bluepeak,H4593-017-003,MA,DE,AGE,2024-08-01,,ACTIVE,4356886,28.18,BP-893424
P-02062,C-01587,Meridian Care,76540ID8297407,ACA,ID,,2025-01-01,,ACTIVE,5265799,397.23,MC-250967
P-02063,C-01588,Harborline,91959ID3018190,ACA,ID,,2025-01-01,2025-12-31,TERMINATED,5265799,282.68,HL-809082
P-02064,C-01588,Cardinal Mutual,49117ID2534386,ACA,ID,,2026-01-01,,ACTIVE,5265799,165.55,CM-738794
P-02065,C-01589,Harborline,H2796-013,MA,IL,AGE,2023-12-01,,ACTIVE,97102525,24.19,HL-804020
P-02066,C-01590,Bluepeak,23947ID9781038,ACA,ID,,2024-01-01,,ACTIVE,61855700,344.75,BP-189199
P-02067,C-01591,Summit Health Plans,H9797-006,MA,ID,AGE,2025-01-01,2026-02-28,XFER,61855700,17.29,SH-246207
P-02068,C-01591,Bluepeak,H4593-018-001,MA,ID,AGE,2026-03-01,,ACTIVE,61855700,39.65,BP-923501
P-02069,C-01592,Northwind Health,S6930-027-001,PDP,TX,AGE,2022-11-01,,ACTIVE,90949389,35.44,NW-247386
P-02070,C-01593,Bluepeak,H3266-021-002,MA,TX,AGE,2024-12-01,,ACTIVE,90949389,35.85,BP-876396
P-02071,C-01594,Harborline,91959GA5177220,ACA,GA,,2025-01-01,,ACTIVE,10583482,190.85,HL-560976
P-02072,C-01595,Meridian Care,N,MEDSUPP,DE,AGE,2025-06-01,,CANCELLED,4356886,259.56,MC-437653
P-02073,C-01595,Meridian Care,S3927-016-001,PDP,DE,AGE,2025-06-01,,ACTIVE,4356886,83.84,MC-720294
P-02074,C-01596,Meridian Care,H3591-004-001,MA,NY,AGE,2022-04-01,,ACTIVE,97102525,46.94,MC-927082
P-02075,C-01597,Bluepeak,H4593-001,MA,SD,AGE,2026-02-01,,ACTIVE,77125617,33.92,BP-202259
P-02076,C-01598,Harborline,S7304-027-002,PDP,MO,AGE,2026-03-01,,ACTIVE,33857966,27.02,HL-703490
P-02077,C-99733,Summit Health Plans,R2827-018,MA,IN,AGE,2022-07-01,,ACTIVE,4356886,21.54,SH-391167
P-02078,C-01600,Harborline,H2796-002,MA,IN,AGE,2024-07-01,,ACTIVE,4356886,9.58,HL-864773
P-02079,C-01601,Meridian Care,76540IL1315976,ACA,IL,,2025-01-01,,ACTIVE,44524491,547.43,MC-134885
P-02080,C-01602,Cardinal Mutual,H7252-010,MA,DE,AGE,2023-05-01,2025-11-30,TERMINATED,54100814,59.94,CM-661501
P-02081,C-01602,Summit Health Plans,H9797-010-002,MA,DE,AGE,2025-12-01,,ACTIVE,54100814,45.18,SH-709182
P-02082,C-01603,Summit Health Plans,H5371-020,MA,OH,AGE,2022-04-01,,ACTIVE,1884412,1.84,SH-423250
P-02083,C-01604,Harborline,91959ID8070296,ACA,ID,,2025-01-01,2024-11-16,TERMINATED,5265799,784.64,HL-998374
P-02084,C-01604,Summit Health Plans,93748ID3165708,ACA,ID,,2026-01-01,,ACTIVE,5265799,283.06,SH-756244
P-02085,C-01605,Northwind Health,76542ID2720616,ACA,ID,,2025-01-01,,ACTIVE,5265799,624.77,NW-422216
P-02086,C-01606,Northwind Health,H5040-028,MA,ID,AGE,2024-09-01,,ACTIVE,5265799,36.36,NW-763449
P-02087,C-01607,Harborline,H3504-029,MA,MO,AGE,2025-07-01,,ACTIVE,29898923,33.19,HL-346024
P-02087,C-01607,Harborline,H3504-029,MA,MO,AGE,2025-07-01,,ACTIVE,29898923,33.19,HL-346024
P-02088,C-01608,Cardinal Mutual,49117MO4092045,ACA,MO,,2026-01-01,,ACTIVE,29898923,777.07,CM-516596
P-02089,C-01609,Cardinal Mutual,K,MEDSUPP,LA,AGE,2023-08-01,,ACTIVE,7150444,239.98,CM-553541
P-02090,C-01609,Cardinal Mutual,S2876-025,PDP,LA,AGE,2023-08-01,,ACTIVE,7150444,14.39,CM-825690
P-02091,C-01610,Harborline,H3504-011,MA,LA,AGE,2024-10-01,,ACTIVE,7150444,47.11,HL-222448
P-02092,C-01611,Bluepeak,H4593-023,MA,IL,AGE,2024-06-01,2025-05-31,TERMINATED,44524491,7.00,BP-477461
P-02093,C-01611,Cardinal Mutual,H7252-021-002,MA,IL,AGE,2025-06-01,,ACTIVE,44524491,50.86,CM-825584
P-02094,C-01612,Meridian Care,S9201-027,PDP,IL,AGE,2026-01-01,,ACTIVE,44524491,60.42,MC-823358
P-02094,C-01612,Meridian Care,S9201-027,PDP,IL,AGE,2026-01-01,,ACTIVE,44524491,60.42,MC-823358
P-02095,C-01613,Meridian Care,H8433-027,MA,IL,AGE,2022-04-01,,ACTIVE,97102525,12.90,MC-871102
P-02096,C-01614,Northwind Health,H9830-026,MA,IL,AGE,2026-11-01,,N/A,97102525,8.40,NW-553354
P-02097,C-01615,Cardinal Mutual,G,MEDSUPP,KY,AGE,2025-08-01,,ACTIVE,94702683,202.42,CM-736889
P-02098,C-01615,Cardinal Mutual,S1188-013-001,PDP,KY,AGE,2025-08-01,,ACTIVE,94702683,17.11,CM-465620
P-02099,C-01616,Cardinal Mutual,H7252-025-002,MA,KY,AGE,2023-02-01,,ACTIVE,94702683,22.83,CM-753805
P-02100,C-01617,Harborline,91959CO7055321,ACA,CO,,2026-01-01,,ACTIVE,5265799,494.51,HL-141341
P-02101,C-01618,Cardinal Mutual,R5119-027-001,MA,NC,AGE,2025-08-01,,ACTIVE,74197857,15.47,CM-684711
P-02102,C-01619,Bluepeak,H4593-027,MA,NE,AGE,2026-03-01,,ACTIVE,54100814,6.11,BP-520511
P-02103,C-01620,Meridian Care,H3591-024,MA,NE,AGE,2026-01-01,,ACTIVE,54100814,41.79,MC-798360
P-02104,C-01621,Harborline,91959NE8352762,ACA,NE,,2025-01-01,2025-12-31,TERMINATED,33857966,855.65,HL-502181
P-02105,C-01621,Meridian Care,76540NE1400311,ACA,NE,,2026-01-01,,ACTIVE,33857966,218.16,MC-408872
P-02106,C-01622,Harborline,H2796-015,MA,MO,AGE,2022-02-01,,ACTIVE,32244663,8.37,HL-694310
P-02107,C-01623,Harborline,H2796-012-003,MA,MO,AGE,2026-04-01,,ACTIVE,32244663,17.12,HL-166165
P-02108,C-01624,Northwind Health,H9830-007,MA,DE,AGE,2023-03-01,,ACTIVE,4356886,37.12,NW-323424
P-02108,C-01624,Northwind Health,H9830-007,MA,DE,AGE,2023-03-01,,ACTIVE,4356886,37.12,NW-323424
P-02109,C-01625,Bluepeak,H3266-003-001,MA,DE,AGE,2022-11-01,,ACTIVE,4356886,17.09,BP-649682
P-02110,C-01626,Northwind Health,H5040-023,MA,NE,AGE,2022-04-01,,ACTIVE,6831819,9.21,NW-699968
P-02111,C-01627,Northwind Health,H9830-013-003,MA,NE,AGE,2024-03-01,,ACTIVE,6831819,12.26,NW-432214
P-02112,C-01628,Cardinal Mutual,H8668-018,MA,LA,AGE,2026-04-01,,ACTIVE,11576383,45.71,CM-967526
P-02113,C-01629,Bluepeak,R9085-025,MA,CA,AGE,2025-12-01,,ACTIVE,78490893,11.87,BP-885089
P-02114,C-01630,Summit Health Plans,H5371-003-001,MA,CA,AGE,2023-05-01,,ACTIVE,78490893,33.66,SH-860866
P-02115,C-01631,Meridian Care,H3591-022,MA,KY,AGE,2025-03-01,,ACTIVE,43339391,3.88,MC-428087
P-02116,C-01632,Harborline,H2796-017,MA,ID,DISABILITY,2024-09-01,,ACTIVE,5265799,51.21,HL-548679
P-02116,C-01632,Harborline,H2796-017,MA,ID,DISABILITY,2024-09-01,,ACTIVE,5265799,51.21,HL-548679
P-02117,C-01633,Meridian Care,H3591-007,MA,GA,AGE,2022-12-01,,ACTIVE,61855700,34.63,MC-969010
P-02118,C-01634,Meridian Care,A,MEDSUPP,GA,AGE,2025-02-01,,ACTIVE,61855700,266.78,MC-130677
P-02119,C-01634,Meridian Care,S9201-011-003,PDP,GA,AGE,2025-02-01,,ACTIVE,61855700,71.35,MC-936341
P-02120,C-01635,Northwind Health,76542TX1172115,ACA,TX,,2026-01-01,,ACTIVE,99847493,678.78,NW-780454
P-02121,C-01636,Cardinal Mutual,H7252-005,MA,ID,AGE,2024-11-01,,ACTIVE,77125617,29.47,CM-355296
P-02122,C-01637,Northwind Health,H9830-029,MA,TX,AGE,2024-08-01,,ACTIVE,90949389,9.60,NW-891328
P-02123,C-01638,Harborline,H3504-029-003,MA,TX,AGE,2025-09-01,,ACTIVE,90949389,3.12,HL-502457
P-02124,C-01639,Northwind Health,G,MEDSUPP,TX,AGE,2024-07-01,,ACTIVE,90949389,250.09,NW-786663
P-02125,C-01639,Northwind Health,S7543-006,PDP,TX,AGE,2024-07-01,,ACTIVE,90949389,79.62,NW-546119
P-02126,C-01640,Cardinal Mutual,49117LA5509692,ACA,LA,,2025-01-01,,ACTIVE,11576383,541.61,CM-605620
P-02127,C-01641,Harborline,H2796-007,MA,GA,AGE,2022-05-01,,ACTIVE,10583482,26.99,HL-264627
P-02128,C-90869,Meridian Care,76540KY2019371,ACA,KY,,2026-01-01,,ACTIVE,32244663,845.46,MC-765953
P-02129,C-01643,Bluepeak,H4593-026,MA,NC,AGE,2026-11-01,,chk w/ carrier,74197857,31.34,BP-689043
P-02130,C-01644,Northwind Health,L,MEDSUPP,NE,AGE,2024-03-01,,ACTIVE,33857966,116.52,NW-255935
P-02131,C-01644,Northwind Health,S7543-007,PDP,NE,AGE,2024-03-01,,ACTIVE,33857966,83.18,NW-315150
P-02132,C-01645,Harborline,H2796-012,MA,PA,AGE,2026-03-01,,ACTIVE,13981052,2.59,HL-890781
P-02133,C-01646,Bluepeak,H4593-004,MA,NE,AGE,2022-10-01,,ACTIVE,33857966,54.18,BP-697685
P-02134,C-01647,Bluepeak,H3266-011-001,MA,IL,AGE,2026-04-01,,ACTIVE,4356886,39.04,BP-869331
P-02135,C-01648,Harborline,H3504-012,MA,UT,DISABILITY,2024-11-01,,ACTIVE,37231783,8.13,HL-649074
P-02136,C-01649,Bluepeak,23947AL8480654,ACA,AL,,2026-01-01,,ACTIVE,1884412,239.15,BP-544195
P-02137,C-01650,Meridian Care,H3591-014,MA,AL,AGE,2025-12-01,2026-09-07,ACTIVE,1884412,44.72,MC-913949
P-02138,C-01651,Northwind Health,76542ID0692691,ACA,ID,,2024-01-01,,ACTIVE,43339391,880.87,NW-165314
P-02139,C-01652,Harborline,H3504-030,MA,KY,AGE,2026-03-01,,ACTIVE,61291817,51.97,HL-242079
P-02140,C-01653,Cardinal Mutual,A,MEDSUPP,TX,AGE,2024-10-01,,ACTIVE,99847493,92.82,CM-982758
P-02141,C-01653,Cardinal Mutual,S2876-017,PDP,TX,AGE,2024-10-01,,ACTIVE,99847493,33.34,CM-773621
P-02142,C-01654,Northwind Health,S6930-007-003,PDP,TX,AGE,2025-05-01,,ACTIVE,99847493,17.75,NW-397486
P-02143,C-01655,Bluepeak,23947ID1865814,ACA,ID,,2024-01-01,,ACTIVE,5265799,801.14,BP-671072
P-02144,C-01656,Harborline,H2796-004,MA,KY,AGE,2024-05-01,2025-11-30,??,32244663,49.14,HL-744307
P-02145,C-01656,Summit Health Plans,H5371-011,MA,KY,AGE,2025-12-01,,ACTIVE,32244663,51.70,SH-231297
P-02146,C-01657,Meridian Care,K,MEDSUPP,KY,AGE,2022-09-01,,ACTIVE,32244663,244.72,MC-745809
P-02147,C-01657,Meridian Care,S9201-004-002,PDP,KY,AGE,2022-09-01,,ACTIVE,32244663,56.51,MC-911090
P-02148,C-01658,Meridian Care,H8433-006,MA,CO,AGE,2023-11-01,,ACTIVE,5265799,46.12,MC-532306
P-02149,C-01659,Cardinal Mutual,H7252-027-001,MA,NC,AGE,2025-09-01,,ACTIVE,74197857,35.05,CM-532632
P-02150,C-01660,Northwind Health,G,MEDSUPP,CA,AGE,2024-02-01,,ACTIVE,78490893,245.50,NW-644134
P-02151,C-01660,Northwind Health,S6930-005,PDP,CA,AGE,2024-02-01,,ACTIVE,78490893,85.43,NW-862502
P-02152,C-01661,Meridian Care,76540AR3313593,ACA,AR,,2025-01-01,,ACTIVE,44524491,224.05,MC-623317
P-02153,C-01662,Bluepeak,F,MEDSUPP,IL,AGE,2025-05-01,,ACTIVE,97102525,100.98,BP-123537
P-02153,C-01662,Bluepeak,F,MEDSUPP,IL,AGE,2025-05-01,,ACTIVE,97102525,100.98,BP-123537
P-02154,C-01662,Bluepeak,S2489-005,PDP,IL,AGE,2025-05-01,,ACTIVE,97102525,80.10,BP-540954
P-02155,C-01663,Northwind Health,H9830-007,MA,WV,AGE,2024-03-01,,ACTIVE,97102525,58.74,NW-979216
P-02156,C-01664,Harborline,H2796-021-003,MA,VT,AGE,2024-02-01,,ACTIVE,10583482,10.96,HL-732391
P-02157,C-01665,Bluepeak,23947VT9951292,ACA,VT,,2026-01-01,,ACTIVE,10583482,555.12,BP-461812
P-02158,C-01666,Meridian Care,76540TX6599224,ACA,TX,,2026-01-01,,ACTIVE,90949389,509.06,MC-750490
P-02159,C-01667,Northwind Health,H5040-004,MA,IA,AGE,2026-11-01,,PENDING,1884412,10.54,NW-627185
P-02160,C-01668,Harborline,H2796-009,MA,IA,AGE,2022-06-01,,ACTIVE,1884412,55.58,HL-467781
P-02161,C-01669,Meridian Care,H3591-024,MA,LA,AGE,2025-08-01,,ACTIVE,11576383,38.71,MC-319436
P-02162,C-01670,Northwind Health,H5040-021-002,MA,IA,AGE,2023-12-01,,ACTIVE,1884412,32.94,NW-236467
P-02163,C-01671,Summit Health Plans,H5371-016,MA,CA,AGE,2024-09-01,,ACTIVE,43339391,54.35,SH-444783
P-02164,C-01672,Cardinal Mutual,H7252-004,MA,MD,AGE,2022-11-01,,ACTIVE,77125617,34.35,CM-942291
P-02165,C-01673,Summit Health Plans,H9797-021-003,MA,MD,AGE,2022-05-01,2025-08-31,TERMINATED,77125617,24.47,SH-956982
P-02166,C-01673,Cardinal Mutual,H7252-020,MA,MD,AGE,2025-09-01,,ACTIVE,77125617,34.65,CM-885844
P-02167,C-01674,Harborline,H2796-028,MA,MO,AGE,2024-01-01,2025-04-30,TERMINATED,32244663,53.22,HL-923734
P-02168,C-01674,Summit Health Plans,H9797-011-003,MA,MO,AGE,2025-05-01,,ACTIVE,32244663,17.67,SH-620032
P-02169,C-01675,Bluepeak,23947MO8354037,ACA,MO,,2026-01-01,,ACTIVE,32244663,526.15,BP-808337
P-02170,C-01676,Meridian Care,H8433-026-003,MA,MT,AGE,2024-12-01,,ACTIVE,97102525,9.42,MC-722555
P-02171,C-01677,Northwind Health,H5040-029-003,MA,VA,AGE,2024-10-01,2026-02-28,TERMINATED,78490893,44.37,NW-263635
P-02172,C-01677,Cardinal Mutual,H7252-026,MA,VA,AGE,2026-03-01,,ACTIVE,78490893,2.50,CM-300793
P-02173,C-01678,Harborline,H2796-001-001,MA,IL,AGE,2025-10-01,,ACTIVE,44524491,15.18,HL-511263
P-02174,C-01679,Harborline,B,MEDSUPP,NY,AGE,2024-10-01,,ACTIVE,6831819,96.88,HL-930758
P-02175,C-01679,Harborline,S2040-008,PDP,NY,AGE,2024-10-01,,ACTIVE,6831819,44.92,HL-157163
P-02176,C-01680,Bluepeak,23947MI0212947,ACA,MI,,2025-01-01,,ACTIVE,13981052,572.02,BP-313741
P-02177,C-01681,Summit Health Plans,93748IL6338960,ACA,IL,,2025-01-01,2025-12-31,TERMINATED,97102525,296.05,SH-468697
P-02178,C-01681,Northwind Health,76542IL8036334,ACA,IL,,2026-01-01,,ACTIVE,97102525,296.21,NW-983140
P-02179,C-01682,Northwind Health,76542WV7719552,ACA,WV,,2024-01-01,,ACTIVE,7150444,765.09,NW-564587
P-02180,C-01683,Northwind Health,H5040-001-003,MA,WV,AGE,2024-03-01,2026-03-31,TERMINATED,7150444,42.03,NW-802054
P-02181,C-01683,Summit Health Plans,H5371-015,MA,WV,AGE,2026-04-01,,ACTIVE,7150444,46.13,SH-665348
P-02182,C-01684,Harborline,H3504-019,MA,SD,AGE,2022-05-01,,ACTIVE,90949389,29.07,HL-116730
P-02183,C-01685,Summit Health Plans,G,MEDSUPP,SD,AGE,2022-11-01,,ACTIVE,90949389,186.26,SH-888884
P-02184,C-01685,Summit Health Plans,S8123-020,PDP,SD,AGE,2022-11-01,,ACTIVE,90949389,24.50,SH-771835
P-02185,C-01686,Meridian Care,H8433-026,MA,KY,AGE,2022-07-01,2026-02-28,TERMINATED,32244663,47.53,MC-942351
P-02186,C-01686,Northwind Health,H5040-010-002,MA,KY,AGE,2026-03-01,,ACTIVE,32244663,35.40,NW-869297
P-02187,C-01687,Northwind Health,H9830-022,MA,PA,AGE,2025-03-01,,ACTIVE,13981052,4.09,NW-771604
P-02188,C-01688,Harborline,A,MEDSUPP,SD,AGE,2022-02-01,,ACTIVE,90949389,202.93,HL-681300
P-02189,C-01688,Harborline,S2040-009-003,PDP,SD,AGE,2022-02-01,,ACTIVE,90949389,83.58,HL-608063
P-02190,C-01689,Northwind Health,76542NJ8722896,ACA,NJ,,2025-01-01,2025-12-31,TERMINATED,77125617,692.14,NW-196850
P-02191,C-99027,Summit Health Plans,93748NJ5830906,ACA,NJ,,2026-01-01,,ACTIVE,77125617,881.88,SH-738437
P-02192,C-01690,Bluepeak,H4593-005,MA,MT,AGE,2023-03-01,,ACTIVE,97102525,36.29,BP-888439
P-02193,C-01691,Northwind Health,S6930-016-002,PDP,SD,AGE,2025-05-01,,ACTIVE,77125617,71.42,NW-731264
P-02194,C-01692,Bluepeak,R9348-015,MA,FL,AGE,2026-01-01,,ACTIVE,77125617,26.18,BP-274939
P-02195,C-01693,Harborline,G,MEDSUPP,IA,AGE,2023-09-01,,ACTIVE,1884412,94.03,HL-540734
P-02196,C-01693,Harborline,S7304-025,PDP,IA,AGE,2023-09-01,,ACTIVE,1884412,58.42,HL-855427
P-02197,C-01694,Meridian Care,H8433-024,MA,WA,AGE,2025-05-01,,ACTIVE,99847493,17.82,MC-499013
P-02198,C-01695,Bluepeak,H3266-030,MA,SD,AGE,2026-02-01,,ACTIVE,90949389,36.35,BP-599960
P-02199,C-01696,Bluepeak,R9085-015,MA,VA,AGE,2025-06-01,,ACTIVE,78490893,56.35,BP-884076
P-02200,C-01697,Harborline,H3504026,MA,VA,AGE,2026-03-01,,ACTIVE,78490893,10.77,HL-716653
P-02201,C-01698,Cardinal Mutual,49117KY0744315,ACA,KY,,2025-01-01,2025-12-31,TERMINATED,43339391,716.91,CM-698004
P-02202,C-01698,Meridian Care,76540KY3396012,ACA,KY,,2026-01-01,,ACTIVE,43339391,494.71,MC-456378
P-02203,C-01699,Meridian Care,S3927-013-001,PDP,WA,AGE,2025-06-01,,ACTIVE,99847493,59.56,MC-782980
P-02204,C-01700,Northwind Health,H9830-020,MA,NY,AGE,2022-05-01,,ACTIVE,97102525,14.28,NW-314263
P-02205,C-01701,Cardinal Mutual,H7252-025-003,MA,NY,DISABILITY,2024-04-01,,ACTIVE,97102525,5.95,CM-849840
P-02206,C-01702,Summit Health Plans,H9797-023-001,MA,NC,AGE,2026-04-01,,ACTIVE,74197857,56.72,SH-339492
P-02207,C-01703,Bluepeak,23947CO3565350,ACA,CO,,2025-01-01,2024-10-11,TERMINATED,5265799,290.10,BP-239388
P-02208,C-01703,Northwind Health,76542CO8209448,ACA,CO,,2026-01-01,,ACTIVE,5265799,841.83,NW-218831
P-02209,C-01704,Northwind Health,H5040-013-002,MA,CO,AGE,2024-12-01,2025-12-31,TERMINATED,5265799,28.18,NW-236617
P-02210,C-01704,Summit Health Plans,H9797-018,MA,CO,AGE,2026-01-01,,ACTIVE,5265799,46.40,SH-207921
P-02211,C-01705,Bluepeak,H4593-027,MA,NE,AGE,2022-03-01,,ACTIVE,33857966,48.88,BP-426878
P-02212,C-01706,Meridian Care,S3927-008,PDP,OR,AGE,2025-09-01,,ACTIVE,74197857,44.48,MC-316855
P-02213,C-01707,Meridian Care,G,MEDSUPP,DE,AGE,2024-12-01,2026-09-17,ACTIVE,4356886,99.60,MC-720423
P-02214,C-01707,Meridian Care,S9201-002,PDP,DE,AGE,2024-12-01,,ACTIVE,4356886,29.54,MC-407669
P-02215,C-01708,Harborline,H2796-026-001,MA,MI,AGE,2025-02-01,,ACTIVE,61855700,45.27,HL-412941
P-02216,C-01709,Meridian Care,H8433-017,MA,MI,AGE,2023-05-01,,ACTIVE,61855700,58.70,MC-808333
P-02217,C-01710,Northwind Health,B,MEDSUPP,VA,AGE,2025-12-01,,ACTIVE,78490893,126.73,NW-993013
P-02218,C-01710,Northwind Health,S6930-002,PDP,VA,AGE,2025-12-01,,ACTIVE,78490893,79.78,NW-460233
P-02219,C-01711,Summit Health Plans,H5371-026,MA,VA,AGE,2025-11-01,,ACTIVE,78490893,13.48,SH-110651
P-02220,C-01712,Bluepeak,S1771-019-002,PDP,IN,AGE,2023-10-01,,ACTIVE,4356886,65.32,BP-472381
P-02221,C-01713,Meridian Care,H3591-019-003,MA,GA,AGE,2024-03-01,,ACTIVE,10583482,42.65,MC-267233
P-02222,C-01714,Bluepeak,H4593-022-002,MA,GA,AGE,2023-04-01,,ACTIVE,10583482,53.93,BP-184160
P-02223,C-01715,Summit Health Plans,H9797-015,MA,MO,AGE,2026-02-01,,ACTIVE,29898923,15.39,SH-743369
P-02224,C-01716,Cardinal Mutual,H8668-013,MA,MO,AGE,2024-01-01,2025-09-30,N/A,29898923,21.27,CM-586053
P-02225,C-01716,Meridian Care,H8433-029,MA,MO,AGE,2025-10-01,,ACTIVE,29898923,3.91,MC-682044
P-02226,C-01717,Bluepeak,A,MEDSUPP,MO,AGE,2025-05-01,,ACTIVE,29898923,231.53,BP-225625
P-02227,C-01717,Bluepeak,S1771-021-003,PDP,MO,AGE,2025-05-01,,ACTIVE,29898923,59.87,BP-901856
P-02228,C-01718,Summit Health Plans,H9797-028,MA,CO,AGE,2022-12-01,,ACTIVE,29898923,27.75,SH-304222
P-02229,C-01719,Cardinal Mutual,H7252-020,MA,WV,AGE,2022-01-01,,ACTIVE,7150444,28.99,CM-608597
P-02230,C-01720,Harborline,R3621-019,MA,MI,AGE,2025-03-01,,ACTIVE,13981052,30.89,HL-288802
P-02231,C-01721,Bluepeak,H3266-017-002,MA,FL,AGE,2025-08-01,,ACTIVE,94702683,53.40,BP-997502
P-02232,C-01722,Meridian Care,H3591-003,MA,PA,AGE,2026-04-01,,ACTIVE,1884412,17.84,MC-178900
P-02233,C-01723,Summit Health Plans,L,MEDSUPP,CO,AGE,2024-06-01,,ACTIVE,29898923,165.02,SH-868591
P-02234,C-01723,Summit Health Plans,S5808-009,PDP,CO,AGE,2024-06-01,,ACTIVE,29898923,58.02,SH-465941
P-02235,C-01724,Northwind Health,H9830-016,MA,MI,AGE,2022-03-01,,ACTIVE,13981052,41.54,NW-871542
P-02236,C-01725,Bluepeak,H3266-023-001,MA,MI,AGE,2024-12-01,2026-03-31,TERMINATED,13981052,30.92,BP-135635
P-02237,C-01725,Meridian Care,H3591-003-002,MA,MI,AGE,2026-04-01,,ACTIVE,13981052,21.45,MC-691370
P-02238,C-01726,Harborline,91959ID0113333,ACA,ID,,2025-01-01,,ACTIVE,77125617,450.42,HL-103444
P-02239,C-01727,Bluepeak,L,MEDSUPP,FL,AGE,2025-09-01,,ACTIVE,54100814,317.93,BP-918884
P-02240,C-01727,Bluepeak,S2489-012,PDP,FL,AGE,2025-09-01,,ACTIVE,54100814,61.58,BP-317624
P-02241,C-01728,Cardinal Mutual,H7252-016,MA,NY,ESRD,2022-10-01,,ACTIVE,97102525,13.09,CM-533730
P-02242,C-01729,Summit Health Plans,H9797-025,MA,NY,AGE,2025-05-01,2026-04-30,TERMINATED,97102525,4.74,SH-914842
P-02243,C-01729,Meridian Care,H3591-026,MA,NY,AGE,2026-05-01,,ACTIVE,97102525,36.70,MC-777640
P-02244,C-01730,Cardinal Mutual,S1188-008,PDP,ID,AGE,2023-10-01,,ACTIVE,5265799,13.51,CM-957313
P-02245,C-01731,Harborline,91959ID6471240,ACA,ID,,2025-01-01,2025-12-31,TERMINATED,5265799,793.84,HL-139224
P-02246,C-01731,Northwind Health,76542ID4646458,ACA,ID,,2026-01-01,,ACTIVE,5265799,251.52,NW-989990
P-02247,C-01732,Summit Health Plans,S5808-016,PDP,GA,AGE,2025-06-01,,ACTIVE,10583482,41.26,SH-941990
P-02248,C-01733,Cardinal Mutual,R9669-029,MA,MO,AGE,2025-09-01,,ACTIVE,32244663,34.01,CM-524323
P-02249,C-01734,Bluepeak,K,MEDSUPP,CA,AGE,2024-09-01,,ACTIVE,43339391,114.15,BP-661746
P-02250,C-01734,Bluepeak,S2489-015,PDP,CA,AGE,2024-09-01,,ACTIVE,43339391,52.78,BP-427213
P-02251,C-01735,Northwind Health,H9830-024,MA,MO,DISABILITY,2025-02-01,2026-01-31,TERMINATED,33857966,33.67,NW-318442
P-02252,C-01735,Harborline,R3621-010-001,MA,MO,DISABILITY,2026-02-01,,ACTIVE,33857966,17.52,HL-614690
P-02253,C-01736,Harborline,91959MO5352293,ACA,MO,,2025-01-01,,ACTIVE,33857966,307.44,HL-115917
P-02254,C-01737,Bluepeak,23947CO5100113,ACA,CO,,2025-01-01,2025-12-31,TERMINATED,7150444,192.30,BP-274554
P-02255,C-01737,Summit Health Plans,93748CO6159620,ACA,CO,,2026-01-01,,ACTIVE,7150444,531.32,SH-290432
P-02256,C-01738,Meridian Care,H8433-002,MA,CO,AGE,2025-07-01,,ACTIVE,7150444,27.63,MC-429825
P-02257,C-01739,Summit Health Plans,H9797-017,MA,KY,DISABILITY,2026-11-01,,PENDING,61291817,6.93,SH-407601
P-02258,C-01740,Meridian Care,H8433-019,MA,ME,AGE,2022-11-01,,ACTIVE,94702683,32.78,MC-495487
P-02259,C-01741,Summit Health Plans,H9797-021,MA,GA,AGE,2024-10-01,,ACTIVE,10583482,49.75,SH-318405
P-02260,C-01742,Summit Health Plans,93748TX0512626,ACA,TX,,2025-01-01,,ACTIVE,37231783,203.63,SH-598558
P-02261,C-01743,Cardinal Mutual,H8668-016,MA,NY,AGE,2023-04-01,,ACTIVE,6831819,49.66,CM-478820
P-02262,C-01744,Harborline,H3504-029,MA,KY,AGE,2023-10-01,,ACTIVE,43339391,24.42,HL-313256
P-02263,C-01745,Summit Health Plans,93748FL7154368,ACA,FL,,2026-01-01,,ACTIVE,54100814,813.49,SH-733691
P-02264,C-01746,Harborline,H2796-015-002,MA,FL,AGE,2023-03-01,2023-01-11,TERMINATED,54100814,4.36,HL-574723
P-02265,C-01746,Bluepeak,H3266-024,MA,FL,AGE,2025-12-01,,ACTIVE,54100814,12.33,BP-603759
P-02266,C-01747,Summit Health Plans,H9797-008,MA,CO,AGE,2024-05-01,,ACTIVE,7150444,25.73,SH-534010
P-02267,C-01748,Meridian Care,R1053-011-003,MA,CO,AGE,2023-01-01,2025-06-30,TERMINATED,7150444,32.25,MC-573799
P-02268,C-01748,Summit Health Plans,H5371-025,MA,CO,AGE,2025-07-01,,ACTIVE,7150444,55.41,SH-949252
P-02269,C-01749,Meridian Care,H8433-010-003,MA,FL,AGE,2022-10-01,,ACTIVE,94702683,2.23,MC-739675
P-02270,C-01750,Summit Health Plans,H9797-028,MA,VA,AGE,2022-04-01,,ACTIVE,78490893,43.50,SH-745653
P-02271,C-01751,Summit Health Plans,H9797-003,MA,MO,AGE,2022-03-01,2023-07-31,TERMINATED,29898923,25.89,SH-239495
P-02272,C-01751,Harborline,H2796-030,MA,MO,AGE,2023-08-01,,ACTIVE,29898923,25.66,HL-768220
P-02273,C-01752,Harborline,S7304-013-002,PDP,NE,AGE,2025-11-01,,ACTIVE,68O1819,66.96,HL-188053
P-02274,C-01753,Bluepeak,H4593-007,MA,NE,AGE,2025-07-01,,ACTIVE,6831819,20.94,BP-765360
P-02275,C-01754,Bluepeak,H4593-029,MA,RI,AGE,2026-02-01,,ACTIVE,11576383,24.58,BP-812662
P-02276,C-01755,Summit Health Plans,H5371-026,MA,RI,AGE,2026-03-01,,ACTIVE,11576383,27.28,SH-987948
P-02277,C-01756,Meridian Care,F,MEDSUPP,ME,AGE,2024-03-01,,ACTIVE,94702683,115.58,MC-237510
P-02278,C-01756,Meridian Care,S9201-022-003,PDP,ME,AGE,2024-03-01,,ACTIVE,94702683,75.57,MC-213927
P-02279,C-01757,Harborline,91959TX8978241,ACA,TX,,2024-01-01,,CANCELLED,37231783,507.65,HL-496974
P-02280,C-01758,Harborline,H2796-008,MA,ME,AGE,2022-01-01,,ACTIVE,94702683,22.24,HL-764816
P-02281,C-01759,Meridian Care,H3591-020,MA,MT,AGE,2024-11-01,,ACTIVE,97102525,19.90,MC-731622
P-02282,C-01760,Bluepeak,S2489-020,PDP,MT,AGE,2026-04-01,,ACTIVE,97102525,78.02,BP-643615
P-02283,C-01761,Cardinal Mutual,49117DE0297390,ACA,DE,,2025-01-01,2025-12-31,TERMINATED,4356886,740.98,CM-890295
P-02284,C-01761,Harborline,91959DE5728958,ACA,DE,,2026-01-01,,ACTIVE,4356886,699.91,HL-265009
P-02285,C-01762,Bluepeak,H4593-002,MA,DE,AGE,2025-07-01,,ACTIVE,4356886,20.65,BP-519838
P-02286,C-01763,Cardinal Mutual,H7252-004,MA,WA,AGE,2025-01-01,,ACTIVE,99847493,5.53,CM-289660
P-02287,C-01764,Meridian Care,76540WA6623394,ACA,WA,,2024-01-01,,ACTIVE,99847493,481.18,MC-231413
P-02288,C-01765,Meridian Care,H3591-021-002,MA,OR,AGE,2022-01-01,,ACTIVE,74197857,42.99,MC-331951
P-02289,C-01766,Harborline,H2796-004,MA,OR,AGE,2022-02-01,,ACTIVE,74197857,32.58,HL-614573
P-02290,C-01767,Harborline,G,MEDSUPP,GA,AGE,2022-05-01,,ACTIVE,61291817,268.05,HL-223604
P-02291,C-01767,Harborline,S2040-026-002,PDP,GA,AGE,2022-05-01,,ACTIVE,61291817,9.16,HL-628254
P-02292,C-01768,Meridian Care,N,MEDSUPP,GA,AGE,2026-04-01,,ACTIVE,61855700,220.56,MC-758958
P-02293,C-01768,Meridian Care,S3927-021,PDP,GA,AGE,2026-04-01,,ACTIVE,61855700,50.79,MC-905528
P-02294,C-01769,Northwind Health,H5040-007,MA,GA,AGE,2024-11-01,,ACTIVE,61855700,21.67,NW-322333
P-02295,C-01770,Bluepeak,H4593-027-002,MA,MO,AGE,2026-11-01,,PENDING,29898923,51.99,BP-312150
P-02296,C-01771,Summit Health Plans,H9797-004,MA,MO,AGE,2025-09-01,,ACTIVE,29898923,13.62,SH-909262
P-02297,C-01772,Cardinal Mutual,H7252-003,MA,SD,AGE,2024-06-01,2025-11-30,TERMINATED,90949389,27.34,CM-259636
P-02298,C-01772,Summit Health Plans,H5371-004-003,MA,SD,AGE,2025-12-01,,ACTIVE,90949389,5.95,SH-113101
P-02299,C-98159,Harborline,H3504-030,MA,KY,AGE,2023-07-01,2024-11-30,TERMINATED,4356886,31.11,HL-664520
P-02300,C-01773,Meridian Care,R5315-023,MA,KY,AGE,2024-12-01,,ACTIVE,4356886,39.51,MC-950648
P-02301,C-01774,Meridian Care,H3591-012,MA,KY,AGE,2025-04-01,2026-04-30,TERMINATED,4356886,52.76,MC-904922
P-02302,C-01774,Northwind Health,R8019-024,MA,KY,AGE,2026-05-01,,ACTIVE,4356886,54.67,NW-761829
P-02303,C-01775,Meridian Care,B,MEDSUPP,IA,AGE,2026-01-01,,ACTIVE,1884412,313.96,MC-911929
P-02304,C-01775,Meridian Care,S9201-011-001,PDP,IA,AGE,2026-01-01,,ACTIVE,1884412,71.94,MC-516919
P-02305,C-01776,Bluepeak,H3266-029,MA,CA,AGE,2025-05-01,,ACTIVE,43339391,57.44,BP-373247
P-02306,C-01777,Bluepeak,H4593-020,MA,CA,AGE,2024-10-01,,ACTIVE,43339391,58.91,BP-769403
P-02307,C-01778,Northwind Health,S6930-013-003,PDP,NE,AGE,2024-10-01,,ACTIVE,33857966,70.93,NW-333770
P-02308,C-01779,Cardinal Mutual,H7252-012-001,MA,IN,AGE,2022-05-01,,ACTIVE,4356886,56.33,CM-788967
P-02309,C-01780,Summit Health Plans,S5808-006,PDP,IL,DISABILITY,2022-08-01,,ACTIVE,44524491,79.73,SH-556872
P-02310,C-01781,Meridian Care,H3591-026,MA,ID,AGE,2024-08-01,2026-01-31,TERMINATED,61855700,21.46,MC-203501
P-02311,C-01781,Northwind Health,R5304-021,MA,ID,AGE,2026-02-01,,ACTIVE,61855700,8.17,NW-407129
P-02312,C-01782,Cardinal Mutual,H8668-023-002,MA,ID,AGE,2024-06-01,,ACTIVE,61855700,8.61,CM-437316
P-02313,C-01783,Meridian Care,H8433-027,MA,IL,AGE,2022-11-01,2025-04-30,TERMINATED,44524491,7.93,MC-734411
P-02313,C-01783,Meridian Care,H8433-027,MA,IL,AGE,2022-11-01,2025-04-30,TERMINATED,44524491,7.93,MC-734411
P-02314,C-01783,Summit Health Plans,H5371-002,MA,IL,AGE,2025-05-01,,ACTIVE,44524491,12.66,SH-828272
P-02315,C-01784,Harborline,R3621-028,MA,KY,AGE,2022-01-01,,ACTIVE,94702683,43.06,HL-905731
P-02316,C-01785,Cardinal Mutual,R9669-007,MA,SD,DISABILITY,2024-11-01,,ACTIVE,90949389,57.96,CM-718992
P-02317,C-01786,Bluepeak,H4593-010,MA,VA,AGE,2024-03-01,,ACTIVE,78490893,47.82,BP-275630
P-02318,C-01787,Bluepeak,23947WI6030680,ACA,WI,,2024-01-01,,ACTIVE,61291817,626.10,BP-990430
P-02319,C-01788,Summit Health Plans,L,MEDSUPP,WI,AGE,2023-09-01,,ACTIVE,61291817,209.82,SH-318058
P-02320,C-01788,Summit Health Plans,S5808-019-003,PDP,WI,AGE,2023-09-01,,ACTIVE,61291817,72.07,SH-190484
P-02321,C-01789,Northwind Health,H5040-016,MA,DE,AGE,2022-06-01,,ACTIVE,54100814,51.30,NW-269593
P-02322,C-01790,Summit Health Plans,S5808-012,PDP,CT,AGE,2024-11-01,,ACTIVE,29898923,79.84,SH-941131
P-02323,C-01791,Northwind Health,H5040-005-003,MA,OR,AGE,2025-11-01,,ACTIVE,74197857,17.29,NW-498647
P-02324,C-01792,Harborline,H3504-023-002,MA,OR,AGE,2025-09-01,,ACTIVE,74197857,39.69,HL-267075
P-02325,C-01793,Meridian Care,76540VT9002610,ACA,VT,,2024-01-01,,ACTIVE,10583482,188.81,MC-747991
P-02326,C-01794,Bluepeak,H3266-018,MA,CA,AGE,2024-06-01,,ACTIVE,43339391,53.45,BP-887382
P-02327,C-01795,Meridian Care,H8433-004,MA,TX,AGE,2024-10-01,2025-11-30,TERMINATED,90949389,18.36,MC-147146
P-02328,C-01795,Northwind Health,H9830-013-002,MA,TX,AGE,2025-12-01,,ACTIVE,90949389,52.51,NW-377892
P-02329,C-01796,Cardinal Mutual,R9669-028,MA,FL,AGE,2022-03-01,,ACTIVE,94702683,5.37,CM-647959
P-02330,C-01797,Cardinal Mutual,H7252-023-001,MA,NE,AGE,2024-06-01,2026-09-21,ACTIVE,33857966,56.81,CM-495762
P-02331,C-01798,Meridian Care,H8433-016,MA,NE,AGE,2023-05-01,2024-11-30,TERMINATED,33857966,20.71,MC-733819
P-02332,C-01798,Bluepeak,H3266-023,MA,NE,AGE,2024-12-01,,ACTIVE,33857966,42.33,BP-659114
P-02333,C-01799,Meridian Care,76540WI5308143,ACA,WI,,2025-01-01,,ACTIVE,61291817,836.16,MC-806629
P-02334,C-01800,Harborline,H3504-010,MA,WI,AGE,2024-03-01,2025-02-28,TERMINATED,61291817,5.08,HL-246739
P-02335,C-01800,Meridian Care,H8433-018,MA,WI,AGE,2025-03-01,,ACTIVE,61291817,36.19,MC-544029
P-02336,C-01801,Meridian Care,H3591-007,MA,NE,AGE,2026-02-01,,ACTIVE,6831819,14.45,MC-950297
P-02337,C-01802,Summit Health Plans,H9797-005-002,MA,NE,AGE,2024-01-01,2025-04-30,TERMINATED,6831819,16.83,SH-204473
P-02338,C-01802,Cardinal Mutual,H7252-005,MA,NE,AGE,2025-05-01,,ACTIVE,6831819,42.98,CM-879731
P-02339,C-01803,Bluepeak,R9085-002,MA,WA,AGE,2025-05-01,,ACTIVE,99847493,14.01,BP-446841
P-02340,C-01804,Northwind Health,H5040-011,MA,ID,AGE,2024-01-01,,ACTIVE,5265799,23.53,NW-786961
P-02341,C-01805,Harborline,H2796025,MA,IA,AGE,2023-01-01,,ACTIVE,1884412,30.64,HL-539175
P-02342,C-01806,Northwind Health,G,MEDSUPP,CA,AGE,2024-12-01,,ACTIVE,43339391,203.12,NW-851378
P-02343,C-01806,Northwind Health,S7543-027,PDP,CA,AGE,2024-12-01,,ACTIVE,43339391,38.16,NW-650109
P-02344,C-01807,Harborline,91959CA4225653,ACA,CA,,2024-01-01,,CANCELLED,43339391,747.62,HL-488256
P-02345,C-01808,Bluepeak,H4593-013-001,MA,ID,AGE,2022-11-01,2024-07-31,XFER,5265799,19.58,BP-823727
P-02346,C-01808,Northwind Health,R8019-028-001,MA,ID,AGE,2024-08-01,,ACTIVE,5265799,46.17,NW-592130
P-02347,C-01809,Cardinal Mutual,G,MEDSUPP,FL,AGE,2024-12-01,,ACTIVE,54100814,178.33,CM-102074
P-02348,C-01809,Cardinal Mutual,S1188-021,PDP,FL,AGE,2024-12-01,,ACTIVE,54100814,52.11,CM-445909
P-02349,C-01810,Meridian Care,H8433-019,MA,IA,AGE,2022-11-01,2024-06-30,chk w/ carrier,1884412,7.85,MC-848836
P-02350,C-01810,Bluepeak,H3266-013-001,MA,IA,AGE,2024-07-01,,ACTIVE,1884412,9.54,BP-767122
P-02351,C-01811,Summit Health Plans,H9797-020-002,MA,IL,AGE,2022-01-01,,ACTIVE,7150444,4.40,SH-511158
P-02352,C-01812,Summit Health Plans,R2827-028,MA,KY,AGE,2025-07-01,2026-09-28,ACTIVE,94702683,37.26,SH-304978
P-02353,C-01813,Bluepeak,H4593-013,MA,FL,AGE,2025-11-01,,ACTIVE,54100814,11.84,BP-608921
P-02354,C-01814,Harborline,H2796-017,MA,FL,AGE,2026-04-01,,ACTIVE,54100814,54.50,HL-964177
P-02355,C-01815,Meridian Care,R1053-024,MA,ME,ESRD,2024-05-01,,ACTIVE,94702683,49.92,MC-122682
P-02356,C-01816,Cardinal Mutual,H8668-017,MA,FL,AGE,2022-01-01,2025-11-30,TERMINATED,94702683,24.41,CM-512945
P-02357,C-01816,Summit Health Plans,H5371-006,MA,FL,AGE,2025-12-01,,ACTIVE,94702683,50.77,SH-202733
P-02358,C-01817,Meridian Care,G,MEDSUPP,NY,AGE,2025-12-01,,ACTIVE,10583482,210.57,MC-472335
P-02359,C-01817,Meridian Care,S9201-021,PDP,NY,AGE,2025-12-01,,ACTIVE,10583482,54.68,MC-175190
P-02360,C-01818,Harborline,N,MEDSUPP,WV,DISABILITY,2024-04-01,,ACTIVE,7150444,135.95,HL-527793
P-02361,C-01818,Harborline,S7304-008,PDP,WV,DISABILITY,2024-04-01,,ACTIVE,7150444,53.88,HL-161506
P-02362,C-01819,Meridian Care,H3591-006,MA,WV,AGE,2023-12-01,2025-06-30,TERMINATED,7150444,29.77,MC-271372
P-02363,C-01819,Cardinal Mutual,H8668-015,MA,WV,AGE,2025-07-01,,ACTIVE,7150444,44.97,CM-586059
P-02364,C-01820,Northwind Health,76542WV7829594,ACA,WV,,2024-01-01,,ACTIVE,7150444,189.20,NW-582557
P-02365,C-01821,Cardinal Mutual,N,MEDSUPP,WV,AGE,2026-01-01,,ACTIVE,7150444,282.15,CM-784627
P-02366,C-01821,Cardinal Mutual,S2876-019-002,PDP,WV,AGE,2026-01-01,,ACTIVE,7150444,16.39,CM-966780
P-02367,C-01822,Northwind Health,N,MEDSUPP,KY,AGE,2025-11-01,,ACTIVE,43339391,314.47,NW-316996
P-02368,C-01822,Northwind Health,S6930-026-002,PDP,KY,AGE,2025-11-01,,ACTIVE,43339391,6.52,NW-327569
P-02369,C-01823,Harborline,91959SC1946420,ACA,SC,,2025-01-01,2025-12-31,TERMINATED,11576383,497.18,HL-647761
P-02370,C-01823,Bluepeak,23947SC5797587,ACA,SC,,2026-01-01,,ACTIVE,11576383,244.33,BP-448264
P-02371,C-01824,Bluepeak,H3266-007,MA,SC,DISABILITY,2022-06-01,,ACTIVE,11576383,30.29,BP-746276
P-02372,C-01825,Bluepeak,H3266-024,MA,CO,AGE,2025-05-01,,ACTIVE,29898923,2.60,BP-672250
P-02373,C-01826,Meridian Care,76540CO7189268,ACA,CO,,2024-01-01,,ACTIVE,29898923,318.20,MC-433028
P-02374,C-01827,Northwind Health,76542KY4511227,ACA,KY,,2026-01-01,,ACTIVE,94702683,227.22,NW-126990
P-02375,C-01828,Bluepeak,H3266-023-001,MA,KY,AGE,2025-04-01,,ACTIVE,94702683,27.09,BP-960700
P-02376,C-01829,Harborline,H3504-016-002,MA,PA,AGE,2022-10-01,,ACTIVE,1884412,40.77,HL-747527
P-02377,C-01830,Northwind Health,H5040-002,MA,PA,AGE,2025-12-01,,ACTIVE,1884412,46.03,NW-289048
P-02378,C-01831,Northwind Health,H5040-020-003,MA,WV,AGE,2022-06-01,,ACTIVE,7150444,2.20,NW-878341
P-02379,C-01832,Summit Health Plans,H5371-027,MA,UT,AGE,2022-02-01,,ACTIVE,97102525,3.98,SH-811748
P-02380,C-01833,Summit Health Plans,93748TX0598142,ACA,TX,,2025-01-01,2025-12-31,TERMINATED,99847493,610.69,SH-488780
P-02381,C-01833,Cardinal Mutual,49117TX4949183,ACA,TX,,2026-01-01,,ACTIVE,99847493,558.45,CM-938845
P-02382,C-01834,Cardinal Mutual,H7252-008,MA,NE,AGE,2024-10-01,,ACTIVE,33857966,10.97,CM-978271
P-02383,C-01835,Cardinal Mutual,49117NE7363289,ACA,NE,,2025-01-01,,ACTIVE,33857966,586.26,CM-489388
P-02384,C-01836,Summit Health Plans,H5371-018-002,MA,ID,AGE,2023-05-01,,ACTIVE,77125617,35.17,SH-563579
P-02385,C-01837,Bluepeak,H4593-025,MA,ID,AGE,2022-07-01,,ACTIVE,77125617,58.58,BP-127021
P-02386,C-01838,Bluepeak,23947GA4313135,ACA,GA,,2025-01-01,2025-12-31,TERMINATED,61855700,276.92,BP-952221
P-02387,C-95299,Summit Health Plans,93748GA0161549,ACA,GA,,2026-01-01,,ACTIVE,61855700,182.22,SH-704821
P-02388,C-01839,Meridian Care,H8433-023-001,MA,SC,AGE,2024-04-01,,ACTIVE,11576383,36.36,MC-238657
P-02389,C-01840,Summit Health Plans,H9797-028,MA,CO,AGE,2024-11-01,,ACTIVE,5265799,15.72,SH-801157
P-02390,C-01841,Meridian Care,H8433-025,MA,CO,AGE,2025-07-01,,ACTIVE,5265799,52.76,MC-777331
P-02391,C-01842,Northwind Health,76542IL8868896,ACA,IL,,2024-01-01,,ACTIVE,37231783,435.49,NW-785689
P-02392,C-01843,Northwind Health,A,MEDSUPP,IL,AGE,2025-12-01,,ACTIVE,97102525,289.40,NW-528760
P-02393,C-01843,Northwind Health,S6930-029-001,PDP,IL,AGE,2025-12-01,,ACTIVE,97102525,74.99,NW-432757
P-02394,C-01844,Harborline,H3504-007-001,MA,IL,AGE,2025-11-01,,ACTIVE,97102525,43.17,HL-308129
P-02395,C-01845,Northwind Health,H5040-020,MA,VA,AGE,2024-07-01,,ACTIVE,78490893,3.47,NW-934591
P-02396,C-01846,Bluepeak,23947SD8855241,ACA,SD,,2024-01-01,,ACTIVE,77125617,345.25,BP-732184
P-02397,C-01847,Harborline,H2796-015,MA,RI,AGE,2023-01-01,2025-07-31,TERMINATED,11576383,41.64,HL-548584
P-02398,C-01847,Summit Health Plans,H5371-001,MA,RI,AGE,2025-08-01,,ACTIVE,11576383,2.83,SH-915059
P-02399,C-01848,Summit Health Plans,S8123-023,PDP,KY,AGE,2022-10-01,,ACTIVE,61291817,15.54,SH-772414
P-02400,C-01849,Northwind Health,H5040-020,MA,UT,AGE,2022-02-01,2026-09-17,ACTIVE,90949389,30.95,NW-421466
P-02401,C-01850,Harborline,H3504-025-002,MA,DE,AGE,2023-10-01,,ACTIVE,54100814,9.94,HL-396872
P-02402,C-01851,Harborline,H3504-001,MA,CO,AGE,2024-06-01,2025-10-31,See notes,5265799,19.19,HL-916925
P-02403,C-01851,Cardinal Mutual,R9669-020,MA,CO,AGE,2025-11-01,,ACTIVE,5265799,36.77,CM-478796
P-02404,C-01852,Harborline,91959RI4361515,ACA,RI,,2025-01-01,,ACTIVE,11576383,798.64,HL-517039
P-02405,C-01853,Northwind Health,76542RI9432067,ACA,RI,,2024-01-01,,ACTIVE,11576383,764.07,NW-503796
P-02406,C-01854,Meridian Care,76540UT8685662,ACA,UT,,2025-01-01,,ACTIVE,97102525,455.84,MC-384603
P-02407,C-01855,Meridian Care,H8433-023,MA,UT,AGE,2023-08-01,,ACTIVE,97102525,59.31,MC-758334
P-02408,C-01856,Harborline,H2796-003-002,MA,ID,AGE,2022-06-01,,ACTIVE,77125617,40.04,HL-321907
P-02409,C-01857,Northwind Health,76542ID3615499,ACA,ID,,2025-01-01,,ACTIVE,77125617,248.78,NW-696813
P-02410,C-01858,Harborline,H2796-005,MA,VA,AGE,2022-12-01,,ACTIVE,78490893,21.10,HL-618033
P-02411,C-01859,Summit Health Plans,H9797-010-001,MA,IL,AGE,2023-09-01,,CANCELLED,44524491,5.74,SH-333522
P-02412,C-01860,Bluepeak,23947KY3032184,ACA,KY,,2025-01-01,2025-12-31,TERMINATED,94702683,236.78,BP-684446
P-02413,C-01860,Northwind Health,76542KY9492379,ACA,KY,,2026-01-01,,ACTIVE,94702683,586.79,NW-188337
P-02414,C-01861,Bluepeak,H4593-028,MA,NC,AGE,2023-07-01,,ACTIVE,74197857,18.26,BP-478267
P-02415,C-01862,Summit Health Plans,H5371-016,MA,NC,AGE,2025-07-01,,ACTIVE,74197857,3.46,SH-343765
P-02416,C-01863,Meridian Care,H8433-008,MA,SD,AGE,2024-09-01,,ACTIVE,77125617,34.35,MC-763440
P-02417,C-01864,Northwind Health,H5040-009,MA,ID,AGE,2022-09-01,,ACTIVE,43339391,36.60,NW-375402
P-02418,C-01865,Bluepeak,H4593-019-001,MA,ID,AGE,2022-08-01,2024-01-31,TERMINATED,43339391,48.80,BP-974629
P-02419,C-01865,Northwind Health,H5040-025,MA,ID,AGE,2024-02-01,,ACTIVE,43339391,54.59,NW-918212
P-02420,C-01866,Cardinal Mutual,49117TX8604328,ACA,TX,,2025-01-01,2025-12-31,TERMINATED,37231783,195.13,CM-349020
P-02421,C-01866,Northwind Health,76542TX5206949,ACA,TX,,2026-01-01,,ACTIVE,37231783,190.37,NW-106429
P-02422,C-01867,Bluepeak,H4593-030-001,MA,TX,AGE,2023-05-01,,ACTIVE,37O31783,28.18,BP-378988
P-02423,C-01868,Summit Health Plans,H5371-018-002,MA,MO,AGE,2025-09-01,,ACTIVE,6831819,51.97,SH-313893
P-02424,C-01869,Bluepeak,H3266-002-003,MA,DE,AGE,2024-08-01,,ACTIVE,4356886,9.54,BP-489665
P-02425,C-01870,Cardinal Mutual,49117DE2898919,ACA,DE,,2025-01-01,,ACTIVE,4356886,554.04,CM-810052
P-02426,C-01871,Meridian Care,76540GA6786754,ACA,GA,,2024-01-01,,ACTIVE,10583482,897.33,MC-867787
P-02427,C-01872,Cardinal Mutual,H7252-020,MA,NY,AGE,2025-09-01,,ACTIVE,97O02525,55.55,CM-477771
P-02428,C-01873,Meridian Care,A,MEDSUPP,NY,AGE,2025-08-01,,ACTIVE,97102525,282.33,MC-249870
P-02429,C-01873,Meridian Care,S3927-016,PDP,NY,AGE,2025-08-01,,ACTIVE,97102525,89.20,MC-929179
P-02430,C-01874,Summit Health Plans,H5371-001,MA,IL,AGE,2026-01-01,,ACTIVE,37231783,59.21,SH-721309
P-02431,C-01875,Harborline,H2796-024,MA,IL,AGE,2026-05-01,,ACTIVE,86411466,11.07,HL-815148
P-02432,C-01876,Cardinal Mutual,H7252-022-001,MA,ID,AGE,2024-11-01,,ACTIVE,43339391,10.58,CM-227042
P-02433,C-01877,Cardinal Mutual,S2876-017,PDP,OH,AGE,2026-05-01,,ACTIVE,1884412,19.42,CM-836828
P-02434,C-01878,Summit Health Plans,S8123-008,PDP,DE,AGE,2024-03-01,,CANCELLED,4356886,55.34,SH-395227
P-02435,C-01879,Meridian Care,N,MEDSUPP,DE,AGE,2025-04-01,,ACTIVE,4356886,143.02,MC-650196
P-02436,C-01879,Meridian Care,S3927-018,PDP,DE,AGE,2025-04-01,,ACTIVE,4356886,42.91,MC-516549
P-02437,C-01880,Northwind Health,H9830-023,MA,NY,AGE,2023-10-01,,ACTIVE,6831819,30.15,NW-275601
P-02438,C-01881,Northwind Health,G,MEDSUPP,NY,AGE,2024-11-01,,ACTIVE,6831819,97.37,NW-262441
P-02439,C-01881,Northwind Health,S6930-006,PDP,NY,AGE,2024-11-01,,ACTIVE,6831819,67.90,NW-429629
P-02440,C-01882,Northwind Health,76542AR4882334,ACA,AR,,2024-01-01,,ACTIVE,44524491,625.65,NW-899058
P-02441,C-01883,Meridian Care,H3591-028,MA,OH,AGE,2025-12-01,,ACTIVE,1884412,30.41,MC-452129
P-02442,C-01884,Harborline,H2796-028-002,MA,OR,AGE,2025-06-01,,ACTIVE,1884412,36.68,HL-824559
P-02443,C-01885,Bluepeak,H4593-029-001,MA,PA,AGE,2025-05-01,,ACTIVE,13981052,39.61,BP-954127
P-02444,C-01886,Cardinal Mutual,H8668-010,MA,PA,AGE,2022-05-01,,ACTIVE,13981052,55.55,CM-422328
P-02445,C-01887,Cardinal Mutual,H8668-030,MA,NE,AGE,2023-01-01,,ACTIVE,33857966,42.25,CM-520112
P-02446,C-01888,Northwind Health,A,MEDSUPP,UT,AGE,2023-11-01,,ACTIVE,97102525,309.56,NW-124181
P-02447,C-01888,Northwind Health,S6930-021,PDP,UT,AGE,2023-11-01,,ACTIVE,97102525,15.72,NW-170777
P-02448,C-01889,Cardinal Mutual,H7252-014-003,MA,TX,AGE,2024-11-01,,ACTIVE,90949389,5.55,CM-651637
P-02449,C-01890,Harborline,H3504-004,MA,NE,AGE,2022-07-01,,ACTIVE,54100814,17.49,HL-929570
P-02450,C-01891,Northwind Health,H5040-012-002,MA,MO,AGE,2023-01-01,,ACTIVE,29898923,48.14,NW-283930
P-02451,C-01892,Meridian Care,H3591-025,MA,AR,AGE,2022-10-01,,ACTIVE,44524491,22.09,MC-326520
P-02452,C-01893,Harborline,91959KS9577041,ACA,KS,,2027-01-01,,chk w/ carrier,13981052,681.91,HL-144001
P-02453,C-01894,Summit Health Plans,93748UT6898744,ACA,UT,,2025-01-01,2025-12-31,chk w/ carrier,97102525,741.67,SH-343136
P-02454,C-01894,Cardinal Mutual,49117UT2856164,ACA,UT,,2026-01-01,,ACTIVE,97102525,640.12,CM-135179
P-02455,C-01895,Bluepeak,23947UT3009394,ACA,UT,,2026-01-01,,ACTIVE,97102525,227.60,BP-492674
P-02456,C-01896,Meridian Care,H8433-016-003,MA,LA,AGE,2026-03-01,,ACTIVE,7150444,33.08,MC-883012
P-02457,C-01897,Northwind Health,H5040-009,MA,KS,AGE,2023-03-01,,ACTIVE,13981052,14.59,NW-288214
P-02458,C-01898,Summit Health Plans,H5371-029-002,MA,GA,AGE,2023-07-01,2024-11-30,TERMINATED,61855700,56.60,SH-772291
P-02459,C-01898,Cardinal Mutual,H7252-029,MA,GA,AGE,2024-12-01,,ACTIVE,61855700,41.17,CM-900042
P-02460,C-01899,Meridian Care,H8433-009,MA,TX,AGE,2022-02-01,2025-02-28,TERMINATED,99847493,45.07,MC-814357
P-02461,C-01899,Summit Health Plans,H5371-002,MA,TX,AGE,2025-03-01,,ACTIVE,99847493,22.83,SH-985247
P-02462,C-01900,Bluepeak,23947MD9864597,ACA,MD,,2024-01-01,,ACTIVE,77125617,898.16,BP-591602
P-02463,C-01901,Northwind Health,N,MEDSUPP,AL,AGE,2025-12-01,,ACTIVE,1884412,155.01,NW-613048
P-02464,C-01901,Northwind Health,S7543-006,PDP,AL,AGE,2025-12-01,,ACTIVE,1884412,72.90,NW-580669
P-02465,C-01902,Cardinal Mutual,H7252-006,MA,DC,AGE,2022-03-01,,ACTIVE,6831819,15.24,CM-805993
P-02466,C-01903,Bluepeak,23947GA7618620,ACA,GA,,2025-01-01,2025-12-31,TERMINATED,61855700,384.02,BP-935207
P-02467,C-01903,Meridian Care,76540GA1294835,ACA,GA,,2026-01-01,,ACTIVE,61855700,681.39,MC-725847
P-02468,C-01904,Summit Health Plans,H9797-016,MA,IA,AGE,2024-10-01,,ACTIVE,1884412,47.94,SH-686810
P-02469,C-01905,Cardinal Mutual,H7252-018,MA,IA,AGE,2024-03-01,2025-10-31,TERMINATED,1884412,1.81,CM-604710
P-02470,C-01905,Meridian Care,H3591-002,MA,IA,AGE,2025-11-01,,ACTIVE,1884412,2.06,MC-151864
P-02471,C-01906,Cardinal Mutual,N,MEDSUPP,PA,AGE,2026-04-01,,ACTIVE,1884412,237.31,CM-964045
P-02472,C-01906,Cardinal Mutual,S1188-019-003,PDP,PA,AGE,2026-04-01,,ACTIVE,1884412,33.74,CM-761504
P-02473,C-01907,Harborline,H2796-026,MA,PA,AGE,2022-10-01,,ACTIVE,1884412,42.19,HL-189624
P-02474,C-01908,Harborline,H2796-016,MA,LA,AGE,2026-11-01,,PENDING,11576383,29.44,HL-731550
P-02475,C-01909,Bluepeak,R9085-009,MA,PA,AGE,2023-01-01,2025-12-31,TERMINATED,1884412,29.61,BP-201295
P-02476,C-01909,Northwind Health,H5040-014,MA,PA,AGE,2026-01-01,,ACTIVE,1884412,0.34,NW-673199
P-02477,C-01910,Summit Health Plans,93748PA7134214,ACA,PA,,2025-01-01,2025-12-31,TERMINATED,1884412,708.49,SH-952855
P-02478,C-01910,Northwind Health,76542PA5721470,ACA,PA,,2026-01-01,,ACTIVE,1884412,758.55,NW-439431
P-02479,C-01911,Harborline,H2796-014,MA,IL,AGE,2023-10-01,,ACTIVE,44524491,47.53,HL-828823
P-02480,C-01912,Cardinal Mutual,49117DC6919905,ACA,DC,,2026-01-01,,ACTIVE,6831819,730.41,CM-525693
P-02481,C-01913,Northwind Health,H9830-023,MA,FL,AGE,2023-01-01,,ACTIVE,54100814,22.39,NW-255099
P-02482,C-01914,Meridian Care,76540AL9669374,ACA,AL,,2026-01-01,,CANCELLED,1884412,187.03,MC-343872
P-02483,C-01915,Northwind Health,H9830-024,MA,KY,DISABILITY,2023-02-01,,ACTIVE,32244663,16.52,NW-804724
P-02484,C-01916,Harborline,H3504-018,MA,FL,AGE,2024-12-01,,ACTIVE,94702683,46.81,HL-247578
P-02484,C-01916,Harborline,H3504-018,MA,FL,AGE,2024-12-01,,ACTIVE,94702683,46.81,HL-247578
P-02485,C-01917,Bluepeak,H4593-004,MA,WA,AGE,2025-12-01,,ACTIVE,99847493,24.77,BP-437896
P-02486,C-01918,Meridian Care,S9201-013-003,PDP,NE,AGE,2024-11-01,,ACTIVE,54100814,81.94,MC-182027
P-02487,C-01919,Northwind Health,N,MEDSUPP,MI,AGE,2022-10-01,,ACTIVE,61855700,119.18,NW-681552
P-02488,C-01919,Northwind Health,S7543-003,PDP,MI,AGE,2022-10-01,,ACTIVE,61855700,22.32,NW-776187
P-02489,C-01920,Bluepeak,H3266-011,MA,MI,AGE,2023-11-01,,ACTIVE,61855700,0.09,BP-373150
P-02490,C-01921,Northwind Health,H5040-020-003,MA,ID,AGE,2023-07-01,,ACTIVE,5265799,28.88,NW-511374
P-02491,C-01922,Bluepeak,H3266-020-002,MA,ID,AGE,2024-09-01,,ACTIVE,5265799,47.42,BP-213320
P-02492,C-01923,Northwind Health,H5040-021,MA,MO,AGE,2022-05-01,2025-09-30,TERMINATED,32244663,28.05,NW-725967
P-02493,C-01923,Cardinal Mutual,H8668-030,MA,MO,AGE,2025-10-01,,ACTIVE,32244663,30.25,CM-945979
P-02494,C-01924,Meridian Care,H3591-023-003,MA,MO,AGE,2023-09-01,,ACTIVE,32244663,50.48,MC-413737
P-02495,C-01925,Harborline,H3504-006,MA,OR,AGE,2023-05-01,2024-05-31,TERMINATED,74197857,54.86,HL-825378
P-02496,C-01925,Summit Health Plans,H9797-007,MA,OR,AGE,2024-06-01,,ACTIVE,74197857,30.16,SH-363703
P-02497,C-01926,Bluepeak,H4593-012-002,MA,OR,AGE,2022-02-01,2025-08-31,TERMINATED,74197857,59.50,BP-143783
P-02498,C-01926,Cardinal Mutual,H7252-016,MA,OR,AGE,2025-09-01,,ACTIVE,74197857,4.08,CM-638311
P-02499,C-01927,Meridian Care,H8433-005,MA,MO,AGE,2022-04-01,,ACTIVE,33857966,19.71,MC-604976
P-02500,C-01928,Bluepeak,H3266-029,MA,MO,AGE,2026-05-01,,ACTIVE,33857966,59.82,BP-534506
P-02501,C-01929,Harborline,H3504-024,MA,NC,AGE,2023-04-01,,ACTIVE,74197857,51.22,HL-303897
P-02502,C-01930,Bluepeak,H3266-015,MA,PA,AGE,2022-11-01,,ACTIVE,13981052,52.00,BP-798146
P-02503,C-01931,Harborline,H2796-012,MA,CO,AGE,2023-08-01,,ACTIVE,5265799,23.91,HL-918180
P-02504,C-01932,Harborline,R3621-020-002,MA,CO,AGE,2025-05-01,,ACTIVE,5265799,3.63,HL-730725
P-02505,C-01933,Bluepeak,H4593-028,MA,CA,AGE,2023-09-01,,ACTIVE,44524491,14.58,BP-825880
P-02506,C-01934,Cardinal Mutual,R5119-002-002,MA,NE,AGE,2024-12-01,2026-01-31,See notes,33857966,30.01,CM-209941
P-02507,C-01934,Meridian Care,H3591-006-001,MA,NE,AGE,2026-02-01,,ACTIVE,33857966,8.41,MC-857674
P-02507,C-01934,Meridian Care,H3591-006-001,MA,NE,AGE,2026-02-01,,ACTIVE,33857966,8.41,MC-857674
P-02508,C-01935,Meridian Care,76540NE8885504,ACA,NE,,2025-01-01,,ACTIVE,33857966,466.01,MC-702061
P-02508,C-01935,Meridian Care,76540NE8885504,ACA,NE,,2025-01-01,,ACTIVE,33857966,466.01,MC-702061
P-02509,C-01936,Bluepeak,H4593-016-001,MA,IL,AGE,2022-08-01,,ACTIVE,3502049,49.74,BP-547058
P-02510,C-01937,Harborline,H3504-013-003,MA,AK,AGE,2025-10-01,,ACTIVE,61291817,28.70,HL-517082
P-02511,C-01938,Summit Health Plans,S8123-030,PDP,NC,DISABILITY,2024-03-01,,ACTIVE,74197857,56.07,SH-621886
P-02512,C-01939,Harborline,B,MEDSUPP,LA,AGE,2025-06-01,,ACTIVE,7150444,300.09,HL-105500
P-02513,C-01939,Harborline,S2040-028,PDP,LA,AGE,2025-06-01,,ACTIVE,7150444,59.29,HL-532883
P-02514,C-01940,Harborline,H2796-014,MA,KY,AGE,2024-09-01,2026-09-15,ACTIVE,32244663,11.65,HL-900090
P-02515,C-01941,Meridian Care,H3591-029-002,MA,KY,AGE,2026-05-01,,ACTIVE,32244663,40.35,MC-496396
P-02516,C-01942,Meridian Care,N,MEDSUPP,DC,AGE,2023-03-01,,ACTIVE,6831819,198.62,MC-624521
P-02517,C-01942,Meridian Care,S3927019,PDP,DC,AGE,2023-03-01,,ACTIVE,6831819,15.90,MC-554303
P-02518,C-01943,Northwind Health,H9830-008-003,MA,MN,AGE,2023-04-01,,ACTIVE,11576383,17.19,NW-544208
P-02519,C-01944,Harborline,F,MEDSUPP,MO,AGE,2025-08-01,,ACTIVE,33857966,286.74,HL-871123
P-02520,C-01944,Harborline,S2040-023-001,PDP,MO,AGE,2025-08-01,,ACTIVE,33857966,54.10,HL-270823
P-02521,C-01945,Northwind Health,F,MEDSUPP,MO,AGE,2023-10-01,,ACTIVE,33857966,191.85,NW-225232
P-02522,C-01945,Northwind Health,S7543-020,PDP,MO,AGE,2023-10-01,,ACTIVE,33857966,12.88,NW-701636
P-02523,C-01946,Summit Health Plans,N,MEDSUPP,MO,AGE,2026-05-01,,ACTIVE,32244663,272.38,SH-314936
P-02524,C-01946,Summit Health Plans,S8123-025,PDP,MO,AGE,2026-05-01,,ACTIVE,32244663,63.98,SH-716528
P-02525,C-01947,Meridian Care,76540NY1852527,ACA,NY,,2025-01-01,2025-12-31,TERMINATED,93664996,640.98,MC-507542
P-02526,C-01947,Summit Health Plans,93748NY4224963,ACA,NY,,2026-01-01,,ACTIVE,10583482,187.51,SH-556090
P-02527,C-01948,Northwind Health,76542NY0180678,ACA,NY,,2025-01-01,2025-12-31,TERMINATED,10583482,372.44,NW-846209
P-02528,C-01948,Harborline,91959NY5941118,ACA,NY,,2026-01-01,,ACTIVE,10583482,250.86,HL-789985
P-02529,C-01949,Meridian Care,H3591-008,MA,IN,AGE,2025-09-01,,ACTIVE,4356886,59.99,MC-666872
P-02530,C-01950,Meridian Care,H3591-005-002,MA,SD,AGE,2022-06-01,,ACTIVE,77125617,40.11,MC-627668
P-02531,C-01951,Northwind Health,S6930-022,PDP,SD,AGE,2022-12-01,,ACTIVE,77125617,44.19,NW-433507
P-02532,C-01952,Summit Health Plans,93748UT0286174,ACA,UT,,2026-01-01,,ACTIVE,37231783,169.47,SH-837466
P-02533,C-01953,Northwind Health,H9830-019,MA,UT,AGE,2022-03-01,2024-04-30,TERMINATED,37231783,13.97,NW-448225
P-02534,C-01953,Bluepeak,H3266-017-001,MA,UT,AGE,2024-05-01,,ACTIVE,37231783,9.43,BP-343943
P-02535,C-01954,Northwind Health,H5040-009-001,MA,SD,AGE,2022-11-01,,ACTIVE,90949389,0.80,NW-579263
P-02536,C-01955,Cardinal Mutual,H8668-001,MA,SD,AGE,2025-03-01,,ACTIVE,90949389,48.32,CM-239025
P-02537,C-01956,Cardinal Mutual,H8668-019,MA,OR,AGE,2022-09-01,2024-02-29,TERMINATED,74197857,0.15,CM-375649
P-02538,C-01956,Summit Health Plans,H5371-009-002,MA,OR,AGE,2024-03-01,,ACTIVE,74197857,24.99,SH-541077
P-02539,C-01957,Meridian Care,76540OR5338532,ACA,OR,,2025-01-01,2025-12-31,TERMINATED,74197857,359.78,MC-432476
P-02540,C-01957,Bluepeak,23947OR8583530,ACA,OR,,2026-01-01,,ACTIVE,74197857,819.52,BP-660087
P-02541,C-01958,Harborline,H3504-016-001,MA,MI,AGE,2026-11-01,,PENDING,13981052,39.62,HL-238943
P-02542,C-01959,Northwind Health,L,MEDSUPP,DE,AGE,2022-10-01,,ACTIVE,54100814,187.49,NW-172183
P-02543,C-01959,Northwind Health,S6930-007,PDP,DE,AGE,2022-10-01,,ACTIVE,54100814,83.23,NW-151691
P-02544,C-01960,Summit Health Plans,H9797-006,MA,IL,AGE,2025-08-01,,ACTIVE,7150444,7.17,SH-653069
P-02545,C-01961,Meridian Care,H3591-014-001,MA,CT,AGE,2026-05-01,,ACTIVE,29898923,20.90,MC-298914
P-02546,C-01962,Northwind Health,N,MEDSUPP,CT,AGE,2025-05-01,,ACTIVE,29898923,106.54,NW-968902
P-02547,C-01962,Northwind Health,S7543-006,PDP,CT,AGE,2025-05-01,,ACTIVE,29898923,52.68,NW-255521
P-02548,C-01963,Bluepeak,R9085-004,MA,AK,AGE,2024-07-01,2026-02-28,N/A,61291817,11.08,BP-187619
P-02549,C-01963,Harborline,H3504-030,MA,AK,AGE,2026-03-01,,ACTIVE,61291817,49.16,HL-181904
P-02550,C-01964,Northwind Health,F,MEDSUPP,OH,AGE,2025-05-01,,ACTIVE,1884412,136.97,NW-955761
P-02551,C-01964,Northwind Health,S7543-003,PDP,OH,AGE,2025-05-01,,ACTIVE,1884412,19.74,NW-911832
P-02552,C-01965,Cardinal Mutual,H7252-008-003,MA,OH,AGE,2024-06-01,,ACTIVE,1884412,7.97,CM-507856
P-02553,C-01966,Bluepeak,23947NY9824510,ACA,NY,,2027-01-01,,PENDING,6831819,772.31,BP-774129
P-02554,C-01967,Bluepeak,H3266-005,MA,NY,AGE,2022-05-01,2026-02-28,chk w/ carrier,6831819,27.05,BP-965471
P-02555,C-01967,Northwind Health,H5040-024-003,MA,NY,AGE,2026-03-01,,CANCELLED,6831819,16.84,NW-891271
P-02556,C-01968,Bluepeak,G,MEDSUPP,TX,DISABILITY,2024-08-01,,ACTIVE,99847493,231.72,BP-731148
P-02557,C-01968,Bluepeak,S1771-029-002,PDP,TX,DISABILITY,2024-08-01,,ACTIVE,99847493,13.77,BP-316323
P-02558,C-01969,Northwind Health,H9830-019,MA,TX,AGE,2024-01-01,,ACTIVE,99847493,0.97,NW-390974
P-02559,C-01970,Meridian Care,H8433-030-003,MA,MO,AGE,2025-09-01,,ACTIVE,6831819,18.19,MC-172451
P-02560,C-01971,Meridian Care,76540CO5334295,ACA,CO,,2025-01-01,2025-12-31,TERMINATED,7150444,516.94,MC-951206
P-02561,C-01971,Bluepeak,23947CO4279326,ACA,CO,,2026-01-01,,ACTIVE,7150444,156.33,BP-197924
P-02562,C-01972,Harborline,H3504-012,MA,IN,AGE,2024-04-01,2025-07-31,TERMINATED,4356886,50.21,HL-570759
P-02563,C-01972,Meridian Care,R5315-009,MA,IN,AGE,2025-08-01,,ACTIVE,4356886,10.89,MC-466415
P-02563,C-01972,Meridian Care,R5315-009,MA,IN,AGE,2025-08-01,,ACTIVE,4356886,10.89,MC-466415
P-02564,C-01973,Cardinal Mutual,49117IL8858366,ACA,IL,,2026-01-01,,ACTIVE,97102525,579.65,CM-164729
P-02565,C-01974,Harborline,H2796-015,MA,UT,AGE,2026-04-01,,ACTIVE,90949389,27.54,HL-279388
P-02566,C-01975,Bluepeak,H4593-013,MA,UT,AGE,2025-11-01,,ACTIVE,90949389,6.25,BP-332007
P-02567,C-01976,Meridian Care,H8433-002,MA,OR,AGE,2025-10-01,,ACTIVE,74197857,5.80,MC-195832
P-02568,C-01977,Bluepeak,H4593-015,MA,OR,AGE,2025-09-01,,ACTIVE,74197857,28.26,BP-739230
P-02568,C-01977,Bluepeak,H4593-015,MA,OR,AGE,2025-09-01,,ACTIVE,74197857,28.26,BP-739230
P-02569,C-01978,Northwind Health,76542MI0027170,ACA,MI,,2027-01-01,,PENDING,61855700,755.48,NW-157720
P-02570,C-01979,Summit Health Plans,93748MI0145719,ACA,MI,,2024-01-01,,ACTIVE,61855700,645.35,SH-198305
P-02571,C-01980,Bluepeak,23947TX2221445,ACA,TX,,2027-01-01,,PENDING,90949389,302.98,BP-277496
P-02572,C-01981,Summit Health Plans,H5371-014-002,MA,TX,AGE,2025-11-01,,ACTIVE,90949389,50.46,SH-643332
P-02573,C-01982,Summit Health Plans,93748NC2513552,ACA,NC,,2025-01-01,2025-12-31,TERMINATED,74197857,348.97,SH-480425
P-02574,C-01982,Northwind Health,76542NC9519724,ACA,NC,,2026-01-01,,ACTIVE,74197857,649.56,NW-369789
P-02575,C-01983,Meridian Care,H3591-030,MA,NE,AGE,2023-12-01,,ACTIVE,33857966,26.67,MC-974334
P-02576,C-01984,Cardinal Mutual,H7252-005,MA,AR,AGE,2026-04-01,,ACTIVE,44524491,0.19,CM-262079
P-02577,C-01985,Northwind Health,H9830-020,MA,CA,AGE,2023-01-01,2025-07-31,TERMINATED,78490893,35.42,NW-341582
P-02578,C-01985,Bluepeak,R9085-013,MA,CA,AGE,2025-08-01,,ACTIVE,78490893,36.79,BP-894446
P-02579,C-01986,Summit Health Plans,H5371-012,MA,UT,AGE,2025-05-01,,ACTIVE,97102525,38.32,SH-584250
P-02580,C-01987,Meridian Care,S3927-005,PDP,ME,AGE,2023-05-01,,ACTIVE,94702683,86.85,MC-419940
P-02581,C-01988,Bluepeak,H3266-026-001,MA,MI,AGE,2024-12-01,,CANCELLED,13981052,27.27,BP-858376
P-02582,C-01989,Bluepeak,23947MI2223080,ACA,MI,,2025-01-01,2025-12-31,TERMINATED,13981052,836.62,BP-727751
P-02583,C-01989,Summit Health Plans,93748MI6121073,ACA,MI,,2026-01-01,,ACTIVE,13981052,784.74,SH-803431
P-02584,C-01990,Northwind Health,H5040-021,MA,PA,AGE,2023-08-01,2024-09-30,TERMINATED,13981052,31.16,NW-978421
P-02585,C-01990,Harborline,H3504-006-001,MA,PA,AGE,2024-10-01,,ACTIVE,13981052,44.95,HL-176871
P-02586,C-01991,Meridian Care,76540SC6111775,ACA,SC,,2025-01-01,2025-12-31,TERMINATED,11576383,179.72,MC-487054
P-02587,C-01991,Cardinal Mutual,49117SC2300272,ACA,SC,,2026-01-01,,ACTIVE,11576383,308.29,CM-941460
P-02588,C-01992,Bluepeak,G,MEDSUPP,SC,AGE,2023-03-01,,ACTIVE,11576383,311.94,BP-493289
P-02589,C-01992,Bluepeak,S1771-005,PDP,SC,AGE,2023-03-01,,ACTIVE,11576383,78.14,BP-774488
P-02590,C-01993,Cardinal Mutual,49117AR3797132,ACA,AR,,2025-01-01,2025-12-31,TERMINATED,44524491,281.67,CM-191979
P-02591,C-01993,Harborline,91959AR4135315,ACA,AR,,2026-01-01,,ACTIVE,44524491,253.75,HL-882870
P-02592,C-01994,Bluepeak,H4593-014,MA,MO,AGE,2022-08-01,2025-01-31,TERMINATED,32244663,40.73,BP-415059
P-02593,C-01994,Harborline,H3504-030,MA,MO,AGE,2025-02-01,,ACTIVE,32244663,25.44,HL-153594
P-02594,C-01995,Harborline,H3504-001,MA,SC,AGE,2022-12-01,,ACTIVE,10583482,59.64,HL-782862
P-02595,C-01996,Summit Health Plans,A,MEDSUPP,AL,AGE,2025-10-01,,ACTIVE,1884412,214.60,SH-503006
P-02596,C-01996,Summit Health Plans,S8123-020,PDP,AL,AGE,2025-10-01,,ACTIVE,1884412,33.95,SH-990856
P-02596,C-01996,Summit Health Plans,S8123-020,PDP,AL,AGE,2025-10-01,,ACTIVE,1884412,33.95,SH-990856
P-02597,C-01997,Bluepeak,H3266-026,MA,ME,DISABILITY,2022-12-01,,ACTIVE,94702683,2.61,BP-228988
P-02598,C-01998,Bluepeak,H3266-003,MA,CO,AGE,2023-08-01,,ACTIVE,5265799,37.48,BP-171763
P-02599,C-01999,Meridian Care,H8433-007-002,MA,CO,AGE,2022-11-01,,ACTIVE,5265799,55.15,MC-916573
P-02600,C-96146,Bluepeak,S1771-028-003,PDP,ID,AGE,2026-03-01,,ACTIVE,5265799,62.95,BP-137884
